<?xml version="1.0" encoding="utf-8" ?>
<COLLADA xmlns="http://www.collada.org/2005/11/COLLADASchema" version="1.4.1">
    <asset>
        <contributor>
            <authoring_tool>ctmconv</authoring_tool>
            <comments>https://github.com/mikedh/trimesh</comments>
        </contributor>
        <created>2026-01-06T17:05:28</created>
        <modified>2026-01-06T17:05:28</modified>
    </asset>
    <library_geometries>
        <geometry id="Mesh-1" name="Mesh-1">
            <mesh>
                <source id="Mesh-1-positions" name="position">
                    <float_array id="Mesh-1-positions-array" count="41046">-5 -5 -0.1 -5 -5 0 -5 5 -0.1 -5 5 0 5 -5 -0.1 5 -5 0 5 5 -0.1 5 5 0 -5 4.9 0 -5 4.9 2 -5 5.1 0 -5 5.1 2 5 4.9 0 5 4.9 2 5 5.1 0 5 5.1 2 -5 -5.1 0 -5 -5.1 2 -5 -4.9 0 -5 -4.9 2 5 -5.1 0 5 -5.1 2 5 -4.9 0 5 -4.9 2 4.9 -5 0 4.9 -5 2 4.9 5 0 4.9 5 2 5.1 -5 0 5.1 -5 2 5.1 5 0 5.1 5 2 -5.1 -5 0 -5.1 -5 2 -5.1 5 0 -5.1 5 2 -4.9 -5 0 -4.9 -5 2 -4.9 5 0 -4.9 5 2 -3.41738 -1 -0.0969236 -3.43429 -1 0.00163489 -3.41738 1 -0.0969236 -3.43429 1 0.00163489 -1.44621 -1 0.241441 -1.46312 -1 0.34 -1.44621 1 0.241441 -1.46312 1 0.34 -1.46312 -1 0.24 -1.46312 -1 0.34 -1.46312 1 0.24 -1.46312 1 0.34 1.53688 -1 0.24 1.53688 -1 0.34 1.53688 1 0.24 1.53688 1 0.34 1.51996 -1 0.241441 1.53688 -1 0.34 1.51996 1 0.241441 1.53688 1 0.34 3.49113 -1 -0.0969236 3.50805 -1 0.00163489 3.49113 1 -0.0969236 3.50805 1 0.00163489 -0.571003 -4.0754 0 -0.571003 -4.0754 0.813414 -0.571003 -3.56799 0 -0.571003 -3.56799 0.813414 -0.0617445 -4.0754 0 -0.0617445 -4.0754 0.813414 -0.0617445 -3.56799 0 -0.0617445 -3.56799 0.813414 4.43221 2.7586 -0.100033 4.45515 2.7586 -0.0988701 4.47785 2.7586 -0.0953922 4.50008 2.7586 -0.0896354 4.52162 2.7586 -0.0816587 4.54224 2.7586 -0.0715441 4.56173 2.7586 -0.0593952 4.5799 2.7586 -0.0453368 4.59654 2.7586 -0.029513 4.6115 2.7586 -0.0120864 4.62462 2.7586 0.00676432 4.63577 2.7586 0.0268457 4.64483 2.7586 0.0479517 4.6517 2.7586 0.0698657 4.65632 2.7586 0.0923629 4.65865 2.7586 0.115212 4.65865 2.7586 0.13818 4.65632 2.7586 0.161029 4.6517 2.7586 0.183526 4.64483 2.7586 0.20544 4.63577 2.7586 0.226546 4.62462 2.7586 0.246628 4.6115 2.7586 0.265478 4.59654 2.7586 0.282905 4.5799 2.7586 0.298729 4.56173 2.7586 0.312787 4.54224 2.7586 0.324936 4.52162 2.7586 0.335051 4.50008 2.7586 0.343027 4.47785 2.7586 0.348784 4.45515 2.7586 0.352262 4.43221 2.7586 0.353425 4.45504 2.76085 -0.0988701 4.47763 2.76307 -0.0953922 4.49976 2.76525 -0.0896354 4.52119 2.76736 -0.0816587 4.54171 2.76939 -0.0715441 4.56111 2.7713 -0.0593952 4.57918 2.77308 -0.0453368 4.59575 2.77471 -0.029513 4.61064 2.77617 -0.0120864 4.6237 2.77746 0.00676432 4.63479 2.77855 0.0268457 4.6438 2.77944 0.0479517 4.65064 2.78011 0.0698657 4.65525 2.78057 0.0923629 4.65756 2.78079 0.115212 4.65756 2.78079 0.13818 4.65525 2.78057 0.161029 4.65064 2.78011 0.183526 4.6438 2.77944 0.20544 4.63479 2.77855 0.226546 4.6237 2.77746 0.246628 4.61064 2.77617 0.265478 4.59575 2.77471 0.282905 4.57918 2.77308 0.298729 4.56111 2.7713 0.312787 4.54171 2.76939 0.324936 4.52119 2.76736 0.335051 4.49976 2.76525 0.343027 4.47763 2.76307 0.348784 4.45504 2.76085 0.352262 4.45471 2.76307 -0.0988701 4.47697 2.7675 -0.0953922 4.49878 2.77184 -0.0896354 4.5199 2.77604 -0.0816587 4.54013 2.78007 -0.0715441 4.55924 2.78387 -0.0593952 4.57706 2.78741 -0.0453368 4.59338 2.79066 -0.029513 4.60806 2.79358 -0.0120864 4.62093 2.79614 0.00676432 4.63186 2.79831 0.0268457 4.64074 2.80008 0.0479517 4.64748 2.80142 0.0698657 4.65202 2.80232 0.0923629 4.6543 2.80278 0.115212 4.6543 2.80278 0.13818 4.65202 2.80232 0.161029 4.64748 2.80142 0.183526 4.64074 2.80008 0.20544 4.63186 2.79831 0.226546 4.62093 2.79614 0.246628 4.60806 2.79358 0.265478 4.59338 2.79066 0.282905 4.57706 2.78741 0.298729 4.55924 2.78387 0.312787 4.54013 2.78007 0.324936 4.5199 2.77604 0.335051 4.49878 2.77184 0.343027 4.47697 2.7675 0.348784 4.45471 2.76307 0.352262 4.45416 2.76526 -0.0988701 4.47588 2.77185 -0.0953922 4.49716 2.7783 -0.0896354 4.51777 2.78455 -0.0816587 4.5375 2.79054 -0.0715441 4.55616 2.7962 -0.0593952 4.57354 2.80147 -0.0453368 4.58947 2.8063 -0.029513 4.60378 2.81065 -0.0120864 4.61634 2.81445 0.00676432 4.627 2.81769 0.0268457 4.63567 2.82032 0.0479517 4.64225 2.82231 0.0698657 4.64667 2.82366 0.0923629 4.6489 2.82433 0.115212 4.6489 2.82433 0.13818 4.64667 2.82366 0.161029 4.64225 2.82231 0.183526 4.63567 2.82032 0.20544 4.627 2.81769 0.226546 4.61634 2.81445 0.246628 4.60378 2.81065 0.265478 4.58947 2.8063 0.282905 4.57354 2.80147 0.298729 4.55616 2.7962 0.312787 4.5375 2.79054 0.324936 4.51777 2.78455 0.335051 4.49716 2.7783 0.343027 4.47588 2.77185 0.348784 4.45416 2.76526 0.352262 4.4534 2.76738 -0.0988701 4.47438 2.77607 -0.0953922 4.49492 2.78457 -0.0896354 4.51482 2.79282 -0.0816587 4.53387 2.80071 -0.0715441 4.55187 2.80817 -0.0593952 4.56865 2.81512 -0.0453368 4.58403 2.82149 -0.029513 4.59785 2.82721 -0.0120864 4.60998 2.83223 0.00676432 4.62027 2.8365 0.0268457 4.62864 2.83996 0.0479517 4.63499 2.8426 0.0698657 4.63927 2.84437 0.0923629 4.64141 2.84525 0.115212 4.64141 2.84525 0.13818 4.63927 2.84437 0.161029 4.63499 2.8426 0.183526 4.62864 2.83996 0.20544 4.62027 2.8365 0.226546 4.60998 2.83223 0.246628 4.59785 2.82721 0.265478 4.58403 2.82149 0.282905 4.56865 2.81512 0.298729 4.55187 2.80817 0.312787 4.53387 2.80071 0.324936 4.51482 2.79282 0.335051 4.49492 2.78457 0.343027 4.47438 2.77607 0.348784 4.4534 2.76738 0.352262 4.45244 2.76941 -0.0988701 4.47246 2.78011 -0.0953922 4.49207 2.7906 -0.0896354 4.51106 2.80075 -0.0816587 4.52925 2.81047 -0.0715441 4.54644 2.81966 -0.0593952 4.56246 2.82822 -0.0453368 4.57714 2.83607 -0.029513 4.59033 2.84312 -0.0120864 4.6019 2.8493 0.00676432 4.61173 2.85456 0.0268457 4.61972 2.85883 0.0479517 4.62578 2.86207 0.0698657 4.62986 2.86425 0.0923629 4.63191 2.86534 0.115212 4.63191 2.86534 0.13818 4.62986 2.86425 0.161029 4.62578 2.86207 0.183526 4.61972 2.85883 0.20544 4.61173 2.85456 0.226546 4.6019 2.8493 0.246628 4.59033 2.84312 0.265478 4.57714 2.83607 0.282905 4.56246 2.82822 0.298729 4.54644 2.81966 0.312787 4.52925 2.81047 0.324936 4.51106 2.80075 0.335051 4.49207 2.7906 0.343027 4.47246 2.78011 0.348784 4.45244 2.76941 0.352262 4.45128 2.77134 -0.0988701 4.47016 2.78396 -0.0953922 4.48865 2.79631 -0.0896354 4.50655 2.80827 -0.0816587 4.5237 2.81973 -0.0715441 4.5399 2.83056 -0.0593952 4.55501 2.84065 -0.0453368 4.56885 2.8499 -0.029513 4.58129 2.85821 -0.0120864 4.5922 2.8655 0.00676432 4.60146 2.87169 0.0268457 4.60899 2.87672 0.0479517 4.61471 2.88054 0.0698657 4.61855 2.88311 0.0923629 4.62049 2.8844 0.115212 4.62049 2.8844 0.13818 4.61855 2.88311 0.161029 4.61471 2.88054 0.183526 4.60899 2.87672 0.20544 4.60146 2.87169 0.226546 4.5922 2.8655 0.246628 4.58129 2.85821 0.265478 4.56885 2.8499 0.282905 4.55501 2.84065 0.298729 4.5399 2.83056 0.312787 4.5237 2.81973 0.324936 4.50655 2.80827 0.335051 4.48865 2.79631 0.343027 4.47016 2.78396 0.348784 4.45128 2.77134 0.352262 4.44994 2.77315 -0.0988701 4.46749 2.78755 -0.0953922 4.48468 2.80166 -0.0896354 4.50133 2.81532 -0.0816587 4.51727 2.8284 -0.0715441 4.53233 2.84077 -0.0593952 4.54637 2.85229 -0.0453368 4.55924 2.86285 -0.029513 4.5708 2.87234 -0.0120864 4.58095 2.88067 0.00676432 4.58956 2.88774 0.0268457 4.59656 2.89348 0.0479517 4.60188 2.89784 0.0698657 4.60545 2.90078 0.0923629 4.60725 2.90225 0.115212 4.60725 2.90225 0.13818 4.60545 2.90078 0.161029 4.60188 2.89784 0.183526 4.59656 2.89348 0.20544 4.58956 2.88774 0.226546 4.58095 2.88067 0.246628 4.5708 2.87234 0.265478 4.55924 2.86285 0.282905 4.54637 2.85229 0.298729 4.53233 2.84077 0.312787 4.51727 2.8284 0.324936 4.50133 2.81532 0.335051 4.48468 2.80166 0.343027 4.46749 2.78755 0.348784 4.44994 2.77315 0.352262 4.44843 2.77482 -0.0988701 4.46448 2.79087 -0.0953922 4.4802 2.80659 -0.0896354 4.49543 2.82182 -0.0816587 4.51001 2.8364 -0.0715441 4.5238 2.85019 -0.0593952 4.53664 2.86303 -0.0453368 4.54841 2.8748 -0.029513 4.55899 2.88538 -0.0120864 4.56827 2.89466 0.00676432 4.57615 2.90254 0.0268457 4.58255 2.90894 0.0479517 4.58741 2.9138 0.0698657 4.59068 2.91707 0.0923629 4.59233 2.91872 0.115212 4.59233 2.91872 0.13818 4.59068 2.91707 0.161029 4.58741 2.9138 0.183526 4.58255 2.90894 0.20544 4.57615 2.90254 0.226546 4.56827 2.89466 0.246628 4.55899 2.88538 0.265478 4.54841 2.8748 0.282905 4.53664 2.86303 0.298729 4.5238 2.85019 0.312787 4.51001 2.8364 0.324936 4.49543 2.82182 0.335051 4.4802 2.80659 0.343027 4.46448 2.79087 0.348784 4.44843 2.77482 0.352262 4.44676 2.77633 -0.0988701 4.46116 2.79388 -0.0953922 4.47527 2.81107 -0.0896354 4.48893 2.82772 -0.0816587 4.50201 2.84366 -0.0715441 4.51438 2.85872 -0.0593952 4.5259 2.87276 -0.0453368 4.53646 2.88563 -0.029513 4.54595 2.89719 -0.0120864 4.55428 2.90734 0.00676432 4.56135 2.91595 0.0268457 4.56709 2.92295 0.0479517 4.57145 2.92827 0.0698657 4.57439 2.93184 0.0923629 4.57586 2.93364 0.115212 4.57586 2.93364 0.13818 4.57439 2.93184 0.161029 4.57145 2.92827 0.183526 4.56709 2.92295 0.20544 4.56135 2.91595 0.226546 4.55428 2.90734 0.246628 4.54595 2.89719 0.265478 4.53646 2.88563 0.282905 4.5259 2.87276 0.298729 4.51438 2.85872 0.312787 4.50201 2.84366 0.324936 4.48893 2.82772 0.335051 4.47527 2.81107 0.343027 4.46116 2.79388 0.348784 4.44676 2.77633 0.352262 4.44495 2.77767 -0.0988701 4.45757 2.79655 -0.0953922 4.46992 2.81504 -0.0896354 4.48188 2.83294 -0.0816587 4.49334 2.85009 -0.0715441 4.50417 2.86629 -0.0593952 4.51426 2.8814 -0.0453368 4.52351 2.89524 -0.029513 4.53182 2.90768 -0.0120864 4.53911 2.91859 0.00676432 4.5453 2.92785 0.0268457 4.55033 2.93538 0.0479517 4.55415 2.9411 0.0698657 4.55672 2.94494 0.0923629 4.55801 2.94688 0.115212 4.55801 2.94688 0.13818 4.55672 2.94494 0.161029 4.55415 2.9411 0.183526 4.55033 2.93538 0.20544 4.5453 2.92785 0.226546 4.53911 2.91859 0.246628 4.53182 2.90768 0.265478 4.52351 2.89524 0.282905 4.51426 2.8814 0.298729 4.50417 2.86629 0.312787 4.49334 2.85009 0.324936 4.48188 2.83294 0.335051 4.46992 2.81504 0.343027 4.45757 2.79655 0.348784 4.44495 2.77767 0.352262 4.44302 2.77883 -0.0988701 4.45372 2.79885 -0.0953922 4.46421 2.81846 -0.0896354 4.47436 2.83745 -0.0816587 4.48408 2.85564 -0.0715441 4.49327 2.87283 -0.0593952 4.50183 2.88885 -0.0453368 4.50968 2.90353 -0.029513 4.51673 2.91672 -0.0120864 4.52291 2.92829 0.00676432 4.52817 2.93812 0.0268457 4.53244 2.94611 0.0479517 4.53568 2.95217 0.0698657 4.53786 2.95625 0.0923629 4.53895 2.9583 0.115212 4.53895 2.9583 0.13818 4.53786 2.95625 0.161029 4.53568 2.95217 0.183526 4.53244 2.94611 0.20544 4.52817 2.93812 0.226546 4.52291 2.92829 0.246628 4.51673 2.91672 0.265478 4.50968 2.90353 0.282905 4.50183 2.88885 0.298729 4.49327 2.87283 0.312787 4.48408 2.85564 0.324936 4.47436 2.83745 0.335051 4.46421 2.81846 0.343027 4.45372 2.79885 0.348784 4.44302 2.77883 0.352262 4.44099 2.77979 -0.0988701 4.44968 2.80077 -0.0953922 4.45818 2.82131 -0.0896354 4.46643 2.84121 -0.0816587 4.47432 2.86026 -0.0715441 4.48178 2.87826 -0.0593952 4.48873 2.89504 -0.0453368 4.4951 2.91042 -0.029513 4.50082 2.92424 -0.0120864 4.50584 2.93637 0.00676432 4.51011 2.94666 0.0268457 4.51357 2.95503 0.0479517 4.51621 2.96138 0.0698657 4.51797 2.96566 0.0923629 4.51886 2.9678 0.115212 4.51886 2.9678 0.13818 4.51797 2.96566 0.161029 4.51621 2.96138 0.183526 4.51357 2.95503 0.20544 4.51011 2.94666 0.226546 4.50584 2.93637 0.246628 4.50082 2.92424 0.265478 4.4951 2.91042 0.282905 4.48873 2.89504 0.298729 4.48178 2.87826 0.312787 4.47432 2.86026 0.324936 4.46643 2.84121 0.335051 4.45818 2.82131 0.343027 4.44968 2.80077 0.348784 4.44099 2.77979 0.352262 4.43887 2.78055 -0.0988701 4.44546 2.80227 -0.0953922 4.45191 2.82355 -0.0896354 4.45817 2.84416 -0.0816587 4.46415 2.86389 -0.0715441 4.46981 2.88255 -0.0593952 4.47508 2.89993 -0.0453368 4.47991 2.91586 -0.029513 4.48426 2.93017 -0.0120864 4.48806 2.94273 0.00676432 4.4913 2.95339 0.0268457 4.49393 2.96206 0.0479517 4.49592 2.96864 0.0698657 4.49727 2.97306 0.0923629 4.49794 2.97529 0.115212 4.49794 2.97529 0.13818 4.49727 2.97306 0.161029 4.49592 2.96864 0.183526 4.49393 2.96206 0.20544 4.4913 2.95339 0.226546 4.48806 2.94273 0.246628 4.48426 2.93017 0.265478 4.47991 2.91586 0.282905 4.47508 2.89993 0.298729 4.46981 2.88255 0.312787 4.46415 2.86389 0.324936 4.45817 2.84416 0.335051 4.45191 2.82355 0.343027 4.44546 2.80227 0.348784 4.43887 2.78055 0.352262 4.43669 2.7811 -0.0988701 4.44111 2.80336 -0.0953922 4.44545 2.82517 -0.0896354 4.44965 2.84629 -0.0816587 4.45368 2.86652 -0.0715441 4.45748 2.88563 -0.0593952 4.46102 2.90345 -0.0453368 4.46427 2.91977 -0.029513 4.46719 2.93445 -0.0120864 4.46975 2.94732 0.00676432 4.47192 2.95825 0.0268457 4.47369 2.96713 0.0479517 4.47503 2.97387 0.0698657 4.47593 2.97841 0.0923629 4.47639 2.98069 0.115212 4.47639 2.98069 0.13818 4.47593 2.97841 0.161029 4.47503 2.97387 0.183526 4.47369 2.96713 0.20544 4.47192 2.95825 0.226546 4.46975 2.94732 0.246628 4.46719 2.93445 0.265478 4.46427 2.91977 0.282905 4.46102 2.90345 0.298729 4.45748 2.88563 0.312787 4.45368 2.86652 0.324936 4.44965 2.84629 0.335051 4.44545 2.82517 0.343027 4.44111 2.80336 0.348784 4.43669 2.7811 0.352262 4.43446 2.78143 -0.0988701 4.43668 2.80402 -0.0953922 4.43886 2.82615 -0.0896354 4.44097 2.84758 -0.0816587 4.443 2.8681 -0.0715441 4.44491 2.8875 -0.0593952 4.44669 2.90557 -0.0453368 4.44832 2.92214 -0.029513 4.44978 2.93703 -0.0120864 4.45107 2.95009 0.00676432 4.45216 2.96118 0.0268457 4.45305 2.97019 0.0479517 4.45372 2.97703 0.0698657 4.45418 2.98164 0.0923629 4.4544 2.98395 0.115212 4.4544 2.98395 0.13818 4.45418 2.98164 0.161029 4.45372 2.97703 0.183526 4.45305 2.97019 0.20544 4.45216 2.96118 0.226546 4.45107 2.95009 0.246628 4.44978 2.93703 0.265478 4.44832 2.92214 0.282905 4.44669 2.90557 0.298729 4.44491 2.8875 0.312787 4.443 2.8681 0.324936 4.44097 2.84758 0.335051 4.43886 2.82615 0.343027 4.43668 2.80402 0.348784 4.43446 2.78143 0.352262 4.43221 2.78154 -0.0988701 4.43221 2.80424 -0.0953922 4.43221 2.82647 -0.0896354 4.43221 2.84801 -0.0816587 4.43221 2.86863 -0.0715441 4.43221 2.88812 -0.0593952 4.43221 2.90629 -0.0453368 4.43221 2.92293 -0.029513 4.43221 2.93789 -0.0120864 4.43221 2.95101 0.00676432 4.43221 2.96216 0.0268457 4.43221 2.97122 0.0479517 4.43221 2.97809 0.0698657 4.43221 2.98271 0.0923629 4.43221 2.98504 0.115212 4.43221 2.98504 0.13818 4.43221 2.98271 0.161029 4.43221 2.97809 0.183526 4.43221 2.97122 0.20544 4.43221 2.96216 0.226546 4.43221 2.95101 0.246628 4.43221 2.93789 0.265478 4.43221 2.92293 0.282905 4.43221 2.90629 0.298729 4.43221 2.88812 0.312787 4.43221 2.86863 0.324936 4.43221 2.84801 0.335051 4.43221 2.82647 0.343027 4.43221 2.80424 0.348784 4.43221 2.78154 0.352262 4.42996 2.78143 -0.0988701 4.42774 2.80402 -0.0953922 4.42556 2.82615 -0.0896354 4.42345 2.84758 -0.0816587 4.42142 2.8681 -0.0715441 4.41951 2.8875 -0.0593952 4.41773 2.90557 -0.0453368 4.4161 2.92214 -0.029513 4.41464 2.93703 -0.0120864 4.41335 2.95009 0.00676432 4.41226 2.96118 0.0268457 4.41137 2.97019 0.0479517 4.4107 2.97703 0.0698657 4.41024 2.98164 0.0923629 4.41002 2.98395 0.115212 4.41002 2.98395 0.13818 4.41024 2.98164 0.161029 4.4107 2.97703 0.183526 4.41137 2.97019 0.20544 4.41226 2.96118 0.226546 4.41335 2.95009 0.246628 4.41464 2.93703 0.265478 4.4161 2.92214 0.282905 4.41773 2.90557 0.298729 4.41951 2.8875 0.312787 4.42142 2.8681 0.324936 4.42345 2.84758 0.335051 4.42556 2.82615 0.343027 4.42774 2.80402 0.348784 4.42996 2.78143 0.352262 4.42773 2.7811 -0.0988701 4.42331 2.80336 -0.0953922 4.41897 2.82517 -0.0896354 4.41477 2.84629 -0.0816587 4.41074 2.86652 -0.0715441 4.40694 2.88563 -0.0593952 4.4034 2.90345 -0.0453368 4.40015 2.91977 -0.029513 4.39723 2.93445 -0.0120864 4.39467 2.94732 0.00676432 4.3925 2.95825 0.0268457 4.39073 2.96713 0.0479517 4.38939 2.97387 0.0698657 4.38849 2.97841 0.0923629 4.38803 2.98069 0.115212 4.38803 2.98069 0.13818 4.38849 2.97841 0.161029 4.38939 2.97387 0.183526 4.39073 2.96713 0.20544 4.3925 2.95825 0.226546 4.39467 2.94732 0.246628 4.39723 2.93445 0.265478 4.40015 2.91977 0.282905 4.4034 2.90345 0.298729 4.40694 2.88563 0.312787 4.41074 2.86652 0.324936 4.41477 2.84629 0.335051 4.41897 2.82517 0.343027 4.42331 2.80336 0.348784 4.42773 2.7811 0.352262 4.42555 2.78055 -0.0988701 4.41896 2.80227 -0.0953922 4.41251 2.82355 -0.0896354 4.40626 2.84416 -0.0816587 4.40027 2.86389 -0.0715441 4.39461 2.88255 -0.0593952 4.38934 2.89993 -0.0453368 4.38451 2.91586 -0.029513 4.38016 2.93017 -0.0120864 4.37636 2.94273 0.00676432 4.37312 2.95339 0.0268457 4.37049 2.96206 0.0479517 4.36849 2.96864 0.0698657 4.36715 2.97306 0.0923629 4.36648 2.97529 0.115212 4.36648 2.97529 0.13818 4.36715 2.97306 0.161029 4.36849 2.96864 0.183526 4.37049 2.96206 0.20544 4.37312 2.95339 0.226546 4.37636 2.94273 0.246628 4.38016 2.93017 0.265478 4.38451 2.91586 0.282905 4.38934 2.89993 0.298729 4.39461 2.88255 0.312787 4.40027 2.86389 0.324936 4.40626 2.84416 0.335051 4.41251 2.82355 0.343027 4.41896 2.80227 0.348784 4.42555 2.78055 0.352262 4.42343 2.77979 -0.0988701 4.41474 2.80077 -0.0953922 4.40624 2.82131 -0.0896354 4.39799 2.84121 -0.0816587 4.3901 2.86026 -0.0715441 4.38264 2.87826 -0.0593952 4.37569 2.89504 -0.0453368 4.36932 2.91042 -0.029513 4.3636 2.92424 -0.0120864 4.35858 2.93637 0.00676432 4.35431 2.94666 0.0268457 4.35085 2.95503 0.0479517 4.34821 2.96138 0.0698657 4.34645 2.96566 0.0923629 4.34556 2.9678 0.115212 4.34556 2.9678 0.13818 4.34645 2.96566 0.161029 4.34821 2.96138 0.183526 4.35085 2.95503 0.20544 4.35431 2.94666 0.226546 4.35858 2.93637 0.246628 4.3636 2.92424 0.265478 4.36932 2.91042 0.282905 4.37569 2.89504 0.298729 4.38264 2.87826 0.312787 4.3901 2.86026 0.324936 4.39799 2.84121 0.335051 4.40624 2.82131 0.343027 4.41474 2.80077 0.348784 4.42343 2.77979 0.352262 4.4214 2.77883 -0.0988701 4.4107 2.79885 -0.0953922 4.40021 2.81846 -0.0896354 4.39006 2.83745 -0.0816587 4.38034 2.85564 -0.0715441 4.37115 2.87283 -0.0593952 4.36259 2.88885 -0.0453368 4.35474 2.90353 -0.029513 4.34769 2.91672 -0.0120864 4.34151 2.92829 0.00676432 4.33625 2.93812 0.0268457 4.33198 2.94611 0.0479517 4.32874 2.95217 0.0698657 4.32656 2.95625 0.0923629 4.32547 2.9583 0.115212 4.32547 2.9583 0.13818 4.32656 2.95625 0.161029 4.32874 2.95217 0.183526 4.33198 2.94611 0.20544 4.33625 2.93812 0.226546 4.34151 2.92829 0.246628 4.34769 2.91672 0.265478 4.35474 2.90353 0.282905 4.36259 2.88885 0.298729 4.37115 2.87283 0.312787 4.38034 2.85564 0.324936 4.39006 2.83745 0.335051 4.40021 2.81846 0.343027 4.4107 2.79885 0.348784 4.4214 2.77883 0.352262 4.41947 2.77767 -0.0988701 4.40685 2.79655 -0.0953922 4.3945 2.81504 -0.0896354 4.38254 2.83294 -0.0816587 4.37108 2.85009 -0.0715441 4.36025 2.86629 -0.0593952 4.35016 2.8814 -0.0453368 4.34091 2.89524 -0.029513 4.3326 2.90768 -0.0120864 4.32531 2.91859 0.00676432 4.31912 2.92785 0.0268457 4.31409 2.93538 0.0479517 4.31027 2.9411 0.0698657 4.3077 2.94494 0.0923629 4.30641 2.94688 0.115212 4.30641 2.94688 0.13818 4.3077 2.94494 0.161029 4.31027 2.9411 0.183526 4.31409 2.93538 0.20544 4.31912 2.92785 0.226546 4.32531 2.91859 0.246628 4.3326 2.90768 0.265478 4.34091 2.89524 0.282905 4.35016 2.8814 0.298729 4.36025 2.86629 0.312787 4.37108 2.85009 0.324936 4.38254 2.83294 0.335051 4.3945 2.81504 0.343027 4.40685 2.79655 0.348784 4.41947 2.77767 0.352262 4.41766 2.77633 -0.0988701 4.40326 2.79388 -0.0953922 4.38915 2.81107 -0.0896354 4.37549 2.82772 -0.0816587 4.36241 2.84366 -0.0715441 4.35004 2.85872 -0.0593952 4.33852 2.87276 -0.0453368 4.32796 2.88563 -0.029513 4.31847 2.89719 -0.0120864 4.31014 2.90734 0.00676432 4.30307 2.91595 0.0268457 4.29733 2.92295 0.0479517 4.29297 2.92827 0.0698657 4.29003 2.93184 0.0923629 4.28856 2.93364 0.115212 4.28856 2.93364 0.13818 4.29003 2.93184 0.161029 4.29297 2.92827 0.183526 4.29733 2.92295 0.20544 4.30307 2.91595 0.226546 4.31014 2.90734 0.246628 4.31847 2.89719 0.265478 4.32796 2.88563 0.282905 4.33852 2.87276 0.298729 4.35004 2.85872 0.312787 4.36241 2.84366 0.324936 4.37549 2.82772 0.335051 4.38915 2.81107 0.343027 4.40326 2.79388 0.348784 4.41766 2.77633 0.352262 4.41599 2.77482 -0.0988701 4.39994 2.79087 -0.0953922 4.38422 2.80659 -0.0896354 4.36899 2.82182 -0.0816587 4.35441 2.8364 -0.0715441 4.34062 2.85019 -0.0593952 4.32778 2.86303 -0.0453368 4.31601 2.8748 -0.029513 4.30543 2.88538 -0.0120864 4.29615 2.89466 0.00676432 4.28827 2.90254 0.0268457 4.28187 2.90894 0.0479517 4.27701 2.9138 0.0698657 4.27374 2.91707 0.0923629 4.27209 2.91872 0.115212 4.27209 2.91872 0.13818 4.27374 2.91707 0.161029 4.27701 2.9138 0.183526 4.28187 2.90894 0.20544 4.28827 2.90254 0.226546 4.29615 2.89466 0.246628 4.30543 2.88538 0.265478 4.31601 2.8748 0.282905 4.32778 2.86303 0.298729 4.34062 2.85019 0.312787 4.35441 2.8364 0.324936 4.36899 2.82182 0.335051 4.38422 2.80659 0.343027 4.39994 2.79087 0.348784 4.41599 2.77482 0.352262 4.41448 2.77315 -0.0988701 4.39693 2.78755 -0.0953922 4.37974 2.80166 -0.0896354 4.36309 2.81532 -0.0816587 4.34715 2.8284 -0.0715441 4.33209 2.84077 -0.0593952 4.31805 2.85229 -0.0453368 4.30518 2.86285 -0.029513 4.29362 2.87234 -0.0120864 4.28347 2.88067 0.00676432 4.27486 2.88774 0.0268457 4.26786 2.89348 0.0479517 4.26254 2.89784 0.0698657 4.25897 2.90078 0.0923629 4.25717 2.90225 0.115212 4.25717 2.90225 0.13818 4.25897 2.90078 0.161029 4.26254 2.89784 0.183526 4.26786 2.89348 0.20544 4.27486 2.88774 0.226546 4.28347 2.88067 0.246628 4.29362 2.87234 0.265478 4.30518 2.86285 0.282905 4.31805 2.85229 0.298729 4.33209 2.84077 0.312787 4.34715 2.8284 0.324936 4.36309 2.81532 0.335051 4.37974 2.80166 0.343027 4.39693 2.78755 0.348784 4.41448 2.77315 0.352262 4.41314 2.77134 -0.0988701 4.39426 2.78396 -0.0953922 4.37577 2.79631 -0.0896354 4.35787 2.80827 -0.0816587 4.34072 2.81973 -0.0715441 4.32452 2.83056 -0.0593952 4.30941 2.84065 -0.0453368 4.29557 2.8499 -0.029513 4.28313 2.85821 -0.0120864 4.27222 2.8655 0.00676432 4.26296 2.87169 0.0268457 4.25543 2.87672 0.0479517 4.24971 2.88054 0.0698657 4.24587 2.88311 0.0923629 4.24393 2.8844 0.115212 4.24393 2.8844 0.13818 4.24587 2.88311 0.161029 4.24971 2.88054 0.183526 4.25543 2.87672 0.20544 4.26296 2.87169 0.226546 4.27222 2.8655 0.246628 4.28313 2.85821 0.265478 4.29557 2.8499 0.282905 4.30941 2.84065 0.298729 4.32452 2.83056 0.312787 4.34072 2.81973 0.324936 4.35787 2.80827 0.335051 4.37577 2.79631 0.343027 4.39426 2.78396 0.348784 4.41314 2.77134 0.352262 4.41198 2.76941 -0.0988701 4.39196 2.78011 -0.0953922 4.37235 2.7906 -0.0896354 4.35336 2.80075 -0.0816587 4.33517 2.81047 -0.0715441 4.31798 2.81966 -0.0593952 4.30196 2.82822 -0.0453368 4.28728 2.83607 -0.029513 4.27409 2.84312 -0.0120864 4.26252 2.8493 0.00676432 4.25269 2.85456 0.0268457 4.2447 2.85883 0.0479517 4.23864 2.86207 0.0698657 4.23456 2.86425 0.0923629 4.23251 2.86534 0.115212 4.23251 2.86534 0.13818 4.23456 2.86425 0.161029 4.23864 2.86207 0.183526 4.2447 2.85883 0.20544 4.25269 2.85456 0.226546 4.26252 2.8493 0.246628 4.27409 2.84312 0.265478 4.28728 2.83607 0.282905 4.30196 2.82822 0.298729 4.31798 2.81966 0.312787 4.33517 2.81047 0.324936 4.35336 2.80075 0.335051 4.37235 2.7906 0.343027 4.39196 2.78011 0.348784 4.41198 2.76941 0.352262 4.41102 2.76738 -0.0988701 4.39004 2.77607 -0.0953922 4.3695 2.78457 -0.0896354 4.3496 2.79282 -0.0816587 4.33055 2.80071 -0.0715441 4.31255 2.80817 -0.0593952 4.29577 2.81512 -0.0453368 4.28039 2.82149 -0.029513 4.26657 2.82721 -0.0120864 4.25444 2.83223 0.00676432 4.24415 2.8365 0.0268457 4.23578 2.83996 0.0479517 4.22943 2.8426 0.0698657 4.22515 2.84437 0.0923629 4.22301 2.84525 0.115212 4.22301 2.84525 0.13818 4.22515 2.84437 0.161029 4.22943 2.8426 0.183526 4.23578 2.83996 0.20544 4.24415 2.8365 0.226546 4.25444 2.83223 0.246628 4.26657 2.82721 0.265478 4.28039 2.82149 0.282905 4.29577 2.81512 0.298729 4.31255 2.80817 0.312787 4.33055 2.80071 0.324936 4.3496 2.79282 0.335051 4.3695 2.78457 0.343027 4.39004 2.77607 0.348784 4.41102 2.76738 0.352262 4.41026 2.76526 -0.0988701 4.38854 2.77185 -0.0953922 4.36726 2.7783 -0.0896354 4.34665 2.78455 -0.0816587 4.32692 2.79054 -0.0715441 4.30826 2.7962 -0.0593952 4.29088 2.80147 -0.0453368 4.27495 2.8063 -0.029513 4.26064 2.81065 -0.0120864 4.24808 2.81445 0.00676432 4.23742 2.81769 0.0268457 4.22875 2.82032 0.0479517 4.22217 2.82231 0.0698657 4.21775 2.82366 0.0923629 4.21552 2.82433 0.115212 4.21552 2.82433 0.13818 4.21775 2.82366 0.161029 4.22217 2.82231 0.183526 4.22875 2.82032 0.20544 4.23742 2.81769 0.226546 4.24808 2.81445 0.246628 4.26064 2.81065 0.265478 4.27495 2.8063 0.282905 4.29088 2.80147 0.298729 4.30826 2.7962 0.312787 4.32692 2.79054 0.324936 4.34665 2.78455 0.335051 4.36726 2.7783 0.343027 4.38854 2.77185 0.348784 4.41026 2.76526 0.352262 4.40971 2.76307 -0.0988701 4.38745 2.7675 -0.0953922 4.36564 2.77184 -0.0896354 4.34452 2.77604 -0.0816587 4.32429 2.78007 -0.0715441 4.30518 2.78387 -0.0593952 4.28736 2.78741 -0.0453368 4.27104 2.79066 -0.029513 4.25636 2.79358 -0.0120864 4.24349 2.79614 0.00676432 4.23256 2.79831 0.0268457 4.22368 2.80008 0.0479517 4.21694 2.80142 0.0698657 4.2124 2.80232 0.0923629 4.21012 2.80278 0.115212 4.21012 2.80278 0.13818 4.2124 2.80232 0.161029 4.21694 2.80142 0.183526 4.22368 2.80008 0.20544 4.23256 2.79831 0.226546 4.24349 2.79614 0.246628 4.25636 2.79358 0.265478 4.27104 2.79066 0.282905 4.28736 2.78741 0.298729 4.30518 2.78387 0.312787 4.32429 2.78007 0.324936 4.34452 2.77604 0.335051 4.36564 2.77184 0.343027 4.38745 2.7675 0.348784 4.40971 2.76307 0.352262 4.40938 2.76085 -0.0988701 4.38679 2.76307 -0.0953922 4.36466 2.76525 -0.0896354 4.34323 2.76736 -0.0816587 4.32271 2.76939 -0.0715441 4.30331 2.7713 -0.0593952 4.28524 2.77308 -0.0453368 4.26867 2.77471 -0.029513 4.25378 2.77617 -0.0120864 4.24072 2.77746 0.00676432 4.22963 2.77855 0.0268457 4.22062 2.77944 0.0479517 4.21378 2.78011 0.0698657 4.20917 2.78057 0.0923629 4.20686 2.78079 0.115212 4.20686 2.78079 0.13818 4.20917 2.78057 0.161029 4.21378 2.78011 0.183526 4.22062 2.77944 0.20544 4.22963 2.77855 0.226546 4.24072 2.77746 0.246628 4.25378 2.77617 0.265478 4.26867 2.77471 0.282905 4.28524 2.77308 0.298729 4.30331 2.7713 0.312787 4.32271 2.76939 0.324936 4.34323 2.76736 0.335051 4.36466 2.76525 0.343027 4.38679 2.76307 0.348784 4.40938 2.76085 0.352262 4.40927 2.7586 -0.0988701 4.38657 2.7586 -0.0953922 4.36434 2.7586 -0.0896354 4.3428 2.7586 -0.0816587 4.32218 2.7586 -0.0715441 4.30269 2.7586 -0.0593952 4.28452 2.7586 -0.0453368 4.26788 2.7586 -0.029513 4.25292 2.7586 -0.0120864 4.2398 2.7586 0.00676432 4.22865 2.7586 0.0268457 4.21959 2.7586 0.0479517 4.21272 2.7586 0.0698657 4.2081 2.7586 0.0923629 4.20577 2.7586 0.115212 4.20577 2.7586 0.13818 4.2081 2.7586 0.161029 4.21272 2.7586 0.183526 4.21959 2.7586 0.20544 4.22865 2.7586 0.226546 4.2398 2.7586 0.246628 4.25292 2.7586 0.265478 4.26788 2.7586 0.282905 4.28452 2.7586 0.298729 4.30269 2.7586 0.312787 4.32218 2.7586 0.324936 4.3428 2.7586 0.335051 4.36434 2.7586 0.343027 4.38657 2.7586 0.348784 4.40927 2.7586 0.352262 4.40938 2.75635 -0.0988701 4.38679 2.75413 -0.0953922 4.36466 2.75195 -0.0896354 4.34323 2.74984 -0.0816587 4.32271 2.74781 -0.0715441 4.30331 2.7459 -0.0593952 4.28524 2.74412 -0.0453368 4.26867 2.74249 -0.029513 4.25378 2.74103 -0.0120864 4.24072 2.73974 0.00676432 4.22963 2.73865 0.0268457 4.22062 2.73776 0.0479517 4.21378 2.73709 0.0698657 4.20917 2.73663 0.0923629 4.20686 2.73641 0.115212 4.20686 2.73641 0.13818 4.20917 2.73663 0.161029 4.21378 2.73709 0.183526 4.22062 2.73776 0.20544 4.22963 2.73865 0.226546 4.24072 2.73974 0.246628 4.25378 2.74103 0.265478 4.26867 2.74249 0.282905 4.28524 2.74412 0.298729 4.30331 2.7459 0.312787 4.32271 2.74781 0.324936 4.34323 2.74984 0.335051 4.36466 2.75195 0.343027 4.38679 2.75413 0.348784 4.40938 2.75635 0.352262 4.40971 2.75413 -0.0988701 4.38745 2.7497 -0.0953922 4.36564 2.74536 -0.0896354 4.34452 2.74116 -0.0816587 4.32429 2.73713 -0.0715441 4.30518 2.73333 -0.0593952 4.28736 2.72979 -0.0453368 4.27104 2.72654 -0.029513 4.25636 2.72362 -0.0120864 4.24349 2.72106 0.00676432 4.23256 2.71889 0.0268457 4.22368 2.71712 0.0479517 4.21694 2.71578 0.0698657 4.2124 2.71488 0.0923629 4.21012 2.71442 0.115212 4.21012 2.71442 0.13818 4.2124 2.71488 0.161029 4.21694 2.71578 0.183526 4.22368 2.71712 0.20544 4.23256 2.71889 0.226546 4.24349 2.72106 0.246628 4.25636 2.72362 0.265478 4.27104 2.72654 0.282905 4.28736 2.72979 0.298729 4.30518 2.73333 0.312787 4.32429 2.73713 0.324936 4.34452 2.74116 0.335051 4.36564 2.74536 0.343027 4.38745 2.7497 0.348784 4.40971 2.75413 0.352262 4.41026 2.75194 -0.0988701 4.38854 2.74535 -0.0953922 4.36726 2.7389 -0.0896354 4.34665 2.73265 -0.0816587 4.32692 2.72666 -0.0715441 4.30826 2.721 -0.0593952 4.29088 2.71573 -0.0453368 4.27495 2.7109 -0.029513 4.26064 2.70655 -0.0120864 4.24808 2.70275 0.00676432 4.23742 2.69951 0.0268457 4.22875 2.69688 0.0479517 4.22217 2.69489 0.0698657 4.21775 2.69354 0.0923629 4.21552 2.69287 0.115212 4.21552 2.69287 0.13818 4.21775 2.69354 0.161029 4.22217 2.69489 0.183526 4.22875 2.69688 0.20544 4.23742 2.69951 0.226546 4.24808 2.70275 0.246628 4.26064 2.70655 0.265478 4.27495 2.7109 0.282905 4.29088 2.71573 0.298729 4.30826 2.721 0.312787 4.32692 2.72666 0.324936 4.34665 2.73265 0.335051 4.36726 2.7389 0.343027 4.38854 2.74535 0.348784 4.41026 2.75194 0.352262 4.41102 2.74982 -0.0988701 4.39004 2.74113 -0.0953922 4.3695 2.73263 -0.0896354 4.3496 2.72438 -0.0816587 4.33055 2.71649 -0.0715441 4.31255 2.70903 -0.0593952 4.29577 2.70208 -0.0453368 4.28039 2.69571 -0.029513 4.26657 2.68999 -0.0120864 4.25444 2.68497 0.00676432 4.24415 2.6807 0.0268457 4.23578 2.67724 0.0479517 4.22943 2.6746 0.0698657 4.22515 2.67283 0.0923629 4.22301 2.67195 0.115212 4.22301 2.67195 0.13818 4.22515 2.67283 0.161029 4.22943 2.6746 0.183526 4.23578 2.67724 0.20544 4.24415 2.6807 0.226546 4.25444 2.68497 0.246628 4.26657 2.68999 0.265478 4.28039 2.69571 0.282905 4.29577 2.70208 0.298729 4.31255 2.70903 0.312787 4.33055 2.71649 0.324936 4.3496 2.72438 0.335051 4.3695 2.73263 0.343027 4.39004 2.74113 0.348784 4.41102 2.74982 0.352262 4.41198 2.74779 -0.0988701 4.39196 2.73709 -0.0953922 4.37235 2.7266 -0.0896354 4.35336 2.71645 -0.0816587 4.33517 2.70673 -0.0715441 4.31798 2.69754 -0.0593952 4.30196 2.68898 -0.0453368 4.28728 2.68113 -0.029513 4.27409 2.67408 -0.0120864 4.26252 2.6679 0.00676432 4.25269 2.66264 0.0268457 4.2447 2.65837 0.0479517 4.23864 2.65513 0.0698657 4.23456 2.65295 0.0923629 4.23251 2.65186 0.115212 4.23251 2.65186 0.13818 4.23456 2.65295 0.161029 4.23864 2.65513 0.183526 4.2447 2.65837 0.20544 4.25269 2.66264 0.226546 4.26252 2.6679 0.246628 4.27409 2.67408 0.265478 4.28728 2.68113 0.282905 4.30196 2.68898 0.298729 4.31798 2.69754 0.312787 4.33517 2.70673 0.324936 4.35336 2.71645 0.335051 4.37235 2.7266 0.343027 4.39196 2.73709 0.348784 4.41198 2.74779 0.352262 4.41314 2.74586 -0.0988701 4.39426 2.73324 -0.0953922 4.37577 2.72089 -0.0896354 4.35787 2.70893 -0.0816587 4.34072 2.69747 -0.0715441 4.32452 2.68664 -0.0593952 4.30941 2.67655 -0.0453368 4.29557 2.6673 -0.029513 4.28313 2.65899 -0.0120864 4.27222 2.6517 0.00676432 4.26296 2.64551 0.0268457 4.25543 2.64048 0.0479517 4.24971 2.63666 0.0698657 4.24587 2.63409 0.0923629 4.24393 2.6328 0.115212 4.24393 2.6328 0.13818 4.24587 2.63409 0.161029 4.24971 2.63666 0.183526 4.25543 2.64048 0.20544 4.26296 2.64551 0.226546 4.27222 2.6517 0.246628 4.28313 2.65899 0.265478 4.29557 2.6673 0.282905 4.30941 2.67655 0.298729 4.32452 2.68664 0.312787 4.34072 2.69747 0.324936 4.35787 2.70893 0.335051 4.37577 2.72089 0.343027 4.39426 2.73324 0.348784 4.41314 2.74586 0.352262 4.41448 2.74405 -0.0988701 4.39693 2.72965 -0.0953922 4.37974 2.71554 -0.0896354 4.36309 2.70188 -0.0816587 4.34715 2.6888 -0.0715441 4.33209 2.67643 -0.0593952 4.31805 2.66491 -0.0453368 4.30518 2.65435 -0.029513 4.29362 2.64486 -0.0120864 4.28347 2.63653 0.00676432 4.27486 2.62946 0.0268457 4.26786 2.62372 0.0479517 4.26254 2.61936 0.0698657 4.25897 2.61642 0.0923629 4.25717 2.61495 0.115212 4.25717 2.61495 0.13818 4.25897 2.61642 0.161029 4.26254 2.61936 0.183526 4.26786 2.62372 0.20544 4.27486 2.62946 0.226546 4.28347 2.63653 0.246628 4.29362 2.64486 0.265478 4.30518 2.65435 0.282905 4.31805 2.66491 0.298729 4.33209 2.67643 0.312787 4.34715 2.6888 0.324936 4.36309 2.70188 0.335051 4.37974 2.71554 0.343027 4.39693 2.72965 0.348784 4.41448 2.74405 0.352262 4.41599 2.74238 -0.0988701 4.39994 2.72633 -0.0953922 4.38422 2.71061 -0.0896354 4.36899 2.69538 -0.0816587 4.35441 2.6808 -0.0715441 4.34062 2.66701 -0.0593952 4.32778 2.65417 -0.0453368 4.31601 2.6424 -0.029513 4.30543 2.63182 -0.0120864 4.29615 2.62254 0.00676432 4.28827 2.61466 0.0268457 4.28187 2.60826 0.0479517 4.27701 2.6034 0.0698657 4.27374 2.60013 0.0923629 4.27209 2.59848 0.115212 4.27209 2.59848 0.13818 4.27374 2.60013 0.161029 4.27701 2.6034 0.183526 4.28187 2.60826 0.20544 4.28827 2.61466 0.226546 4.29615 2.62254 0.246628 4.30543 2.63182 0.265478 4.31601 2.6424 0.282905 4.32778 2.65417 0.298729 4.34062 2.66701 0.312787 4.35441 2.6808 0.324936 4.36899 2.69538 0.335051 4.38422 2.71061 0.343027 4.39994 2.72633 0.348784 4.41599 2.74238 0.352262 4.41766 2.74087 -0.0988701 4.40326 2.72332 -0.0953922 4.38915 2.70613 -0.0896354 4.37549 2.68948 -0.0816587 4.36241 2.67354 -0.0715441 4.35004 2.65848 -0.0593952 4.33852 2.64444 -0.0453368 4.32796 2.63157 -0.029513 4.31847 2.62001 -0.0120864 4.31014 2.60986 0.00676432 4.30307 2.60125 0.0268457 4.29733 2.59425 0.0479517 4.29297 2.58893 0.0698657 4.29003 2.58536 0.0923629 4.28856 2.58356 0.115212 4.28856 2.58356 0.13818 4.29003 2.58536 0.161029 4.29297 2.58893 0.183526 4.29733 2.59425 0.20544 4.30307 2.60125 0.226546 4.31014 2.60986 0.246628 4.31847 2.62001 0.265478 4.32796 2.63157 0.282905 4.33852 2.64444 0.298729 4.35004 2.65848 0.312787 4.36241 2.67354 0.324936 4.37549 2.68948 0.335051 4.38915 2.70613 0.343027 4.40326 2.72332 0.348784 4.41766 2.74087 0.352262 4.41947 2.73953 -0.0988701 4.40685 2.72065 -0.0953922 4.3945 2.70216 -0.0896354 4.38254 2.68426 -0.0816587 4.37108 2.66711 -0.0715441 4.36025 2.65091 -0.0593952 4.35016 2.6358 -0.0453368 4.34091 2.62196 -0.029513 4.3326 2.60952 -0.0120864 4.32531 2.59861 0.00676432 4.31912 2.58935 0.0268457 4.31409 2.58182 0.0479517 4.31027 2.5761 0.0698657 4.3077 2.57226 0.0923629 4.30641 2.57032 0.115212 4.30641 2.57032 0.13818 4.3077 2.57226 0.161029 4.31027 2.5761 0.183526 4.31409 2.58182 0.20544 4.31912 2.58935 0.226546 4.32531 2.59861 0.246628 4.3326 2.60952 0.265478 4.34091 2.62196 0.282905 4.35016 2.6358 0.298729 4.36025 2.65091 0.312787 4.37108 2.66711 0.324936 4.38254 2.68426 0.335051 4.3945 2.70216 0.343027 4.40685 2.72065 0.348784 4.41947 2.73953 0.352262 4.4214 2.73837 -0.0988701 4.4107 2.71835 -0.0953922 4.40021 2.69874 -0.0896354 4.39006 2.67975 -0.0816587 4.38034 2.66156 -0.0715441 4.37115 2.64437 -0.0593952 4.36259 2.62835 -0.0453368 4.35474 2.61367 -0.029513 4.34769 2.60048 -0.0120864 4.34151 2.58891 0.00676432 4.33625 2.57908 0.0268457 4.33198 2.57109 0.0479517 4.32874 2.56503 0.0698657 4.32656 2.56095 0.0923629 4.32547 2.5589 0.115212 4.32547 2.5589 0.13818 4.32656 2.56095 0.161029 4.32874 2.56503 0.183526 4.33198 2.57109 0.20544 4.33625 2.57908 0.226546 4.34151 2.58891 0.246628 4.34769 2.60048 0.265478 4.35474 2.61367 0.282905 4.36259 2.62835 0.298729 4.37115 2.64437 0.312787 4.38034 2.66156 0.324936 4.39006 2.67975 0.335051 4.40021 2.69874 0.343027 4.4107 2.71835 0.348784 4.4214 2.73837 0.352262 4.42343 2.73741 -0.0988701 4.41474 2.71643 -0.0953922 4.40624 2.69589 -0.0896354 4.39799 2.67599 -0.0816587 4.3901 2.65694 -0.0715441 4.38264 2.63894 -0.0593952 4.37569 2.62216 -0.0453368 4.36932 2.60678 -0.029513 4.3636 2.59296 -0.0120864 4.35858 2.58083 0.00676432 4.35431 2.57054 0.0268457 4.35085 2.56217 0.0479517 4.34821 2.55582 0.0698657 4.34645 2.55154 0.0923629 4.34556 2.5494 0.115212 4.34556 2.5494 0.13818 4.34645 2.55154 0.161029 4.34821 2.55582 0.183526 4.35085 2.56217 0.20544 4.35431 2.57054 0.226546 4.35858 2.58083 0.246628 4.3636 2.59296 0.265478 4.36932 2.60678 0.282905 4.37569 2.62216 0.298729 4.38264 2.63894 0.312787 4.3901 2.65694 0.324936 4.39799 2.67599 0.335051 4.40624 2.69589 0.343027 4.41474 2.71643 0.348784 4.42343 2.73741 0.352262 4.42555 2.73665 -0.0988701 4.41896 2.71493 -0.0953922 4.41251 2.69365 -0.0896354 4.40626 2.67304 -0.0816587 4.40027 2.65331 -0.0715441 4.39461 2.63465 -0.0593952 4.38934 2.61727 -0.0453368 4.38451 2.60134 -0.029513 4.38016 2.58703 -0.0120864 4.37636 2.57447 0.00676432 4.37312 2.56381 0.0268457 4.37049 2.55514 0.0479517 4.36849 2.54856 0.0698657 4.36715 2.54414 0.0923629 4.36648 2.54191 0.115212 4.36648 2.54191 0.13818 4.36715 2.54414 0.161029 4.36849 2.54856 0.183526 4.37049 2.55514 0.20544 4.37312 2.56381 0.226546 4.37636 2.57447 0.246628 4.38016 2.58703 0.265478 4.38451 2.60134 0.282905 4.38934 2.61727 0.298729 4.39461 2.63465 0.312787 4.40027 2.65331 0.324936 4.40626 2.67304 0.335051 4.41251 2.69365 0.343027 4.41896 2.71493 0.348784 4.42555 2.73665 0.352262 4.42773 2.7361 -0.0988701 4.42331 2.71384 -0.0953922 4.41897 2.69203 -0.0896354 4.41477 2.67091 -0.0816587 4.41074 2.65068 -0.0715441 4.40694 2.63157 -0.0593952 4.4034 2.61375 -0.0453368 4.40015 2.59743 -0.029513 4.39723 2.58275 -0.0120864 4.39467 2.56988 0.00676432 4.3925 2.55895 0.0268457 4.39073 2.55007 0.0479517 4.38939 2.54333 0.0698657 4.38849 2.53879 0.0923629 4.38803 2.53651 0.115212 4.38803 2.53651 0.13818 4.38849 2.53879 0.161029 4.38939 2.54333 0.183526 4.39073 2.55007 0.20544 4.3925 2.55895 0.226546 4.39467 2.56988 0.246628 4.39723 2.58275 0.265478 4.40015 2.59743 0.282905 4.4034 2.61375 0.298729 4.40694 2.63157 0.312787 4.41074 2.65068 0.324936 4.41477 2.67091 0.335051 4.41897 2.69203 0.343027 4.42331 2.71384 0.348784 4.42773 2.7361 0.352262 4.42996 2.73577 -0.0988701 4.42774 2.71318 -0.0953922 4.42556 2.69105 -0.0896354 4.42345 2.66962 -0.0816587 4.42142 2.6491 -0.0715441 4.41951 2.6297 -0.0593952 4.41773 2.61163 -0.0453368 4.4161 2.59506 -0.029513 4.41464 2.58017 -0.0120864 4.41335 2.56711 0.00676432 4.41226 2.55602 0.0268457 4.41137 2.54701 0.0479517 4.4107 2.54017 0.0698657 4.41024 2.53556 0.0923629 4.41002 2.53325 0.115212 4.41002 2.53325 0.13818 4.41024 2.53556 0.161029 4.4107 2.54017 0.183526 4.41137 2.54701 0.20544 4.41226 2.55602 0.226546 4.41335 2.56711 0.246628 4.41464 2.58017 0.265478 4.4161 2.59506 0.282905 4.41773 2.61163 0.298729 4.41951 2.6297 0.312787 4.42142 2.6491 0.324936 4.42345 2.66962 0.335051 4.42556 2.69105 0.343027 4.42774 2.71318 0.348784 4.42996 2.73577 0.352262 4.43221 2.73566 -0.0988701 4.43221 2.71296 -0.0953922 4.43221 2.69073 -0.0896354 4.43221 2.66919 -0.0816587 4.43221 2.64857 -0.0715441 4.43221 2.62908 -0.0593952 4.43221 2.61091 -0.0453368 4.43221 2.59427 -0.029513 4.43221 2.57931 -0.0120864 4.43221 2.56619 0.00676432 4.43221 2.55504 0.0268457 4.43221 2.54598 0.0479517 4.43221 2.53911 0.0698657 4.43221 2.53449 0.0923629 4.43221 2.53216 0.115212 4.43221 2.53216 0.13818 4.43221 2.53449 0.161029 4.43221 2.53911 0.183526 4.43221 2.54598 0.20544 4.43221 2.55504 0.226546 4.43221 2.56619 0.246628 4.43221 2.57931 0.265478 4.43221 2.59427 0.282905 4.43221 2.61091 0.298729 4.43221 2.62908 0.312787 4.43221 2.64857 0.324936 4.43221 2.66919 0.335051 4.43221 2.69073 0.343027 4.43221 2.71296 0.348784 4.43221 2.73566 0.352262 4.43446 2.73577 -0.0988701 4.43668 2.71318 -0.0953922 4.43886 2.69105 -0.0896354 4.44097 2.66962 -0.0816587 4.443 2.6491 -0.0715441 4.44491 2.6297 -0.0593952 4.44669 2.61163 -0.0453368 4.44832 2.59506 -0.029513 4.44978 2.58017 -0.0120864 4.45107 2.56711 0.00676432 4.45216 2.55602 0.0268457 4.45305 2.54701 0.0479517 4.45372 2.54017 0.0698657 4.45418 2.53556 0.0923629 4.4544 2.53325 0.115212 4.4544 2.53325 0.13818 4.45418 2.53556 0.161029 4.45372 2.54017 0.183526 4.45305 2.54701 0.20544 4.45216 2.55602 0.226546 4.45107 2.56711 0.246628 4.44978 2.58017 0.265478 4.44832 2.59506 0.282905 4.44669 2.61163 0.298729 4.44491 2.6297 0.312787 4.443 2.6491 0.324936 4.44097 2.66962 0.335051 4.43886 2.69105 0.343027 4.43668 2.71318 0.348784 4.43446 2.73577 0.352262 4.43669 2.7361 -0.0988701 4.44111 2.71384 -0.0953922 4.44545 2.69203 -0.0896354 4.44965 2.67091 -0.0816587 4.45368 2.65068 -0.0715441 4.45748 2.63157 -0.0593952 4.46102 2.61375 -0.0453368 4.46427 2.59743 -0.029513 4.46719 2.58275 -0.0120864 4.46975 2.56988 0.00676432 4.47192 2.55895 0.0268457 4.47369 2.55007 0.0479517 4.47503 2.54333 0.0698657 4.47593 2.53879 0.0923629 4.47639 2.53651 0.115212 4.47639 2.53651 0.13818 4.47593 2.53879 0.161029 4.47503 2.54333 0.183526 4.47369 2.55007 0.20544 4.47192 2.55895 0.226546 4.46975 2.56988 0.246628 4.46719 2.58275 0.265478 4.46427 2.59743 0.282905 4.46102 2.61375 0.298729 4.45748 2.63157 0.312787 4.45368 2.65068 0.324936 4.44965 2.67091 0.335051 4.44545 2.69203 0.343027 4.44111 2.71384 0.348784 4.43669 2.7361 0.352262 4.43887 2.73665 -0.0988701 4.44546 2.71493 -0.0953922 4.45191 2.69365 -0.0896354 4.45817 2.67304 -0.0816587 4.46415 2.65331 -0.0715441 4.46981 2.63465 -0.0593952 4.47508 2.61727 -0.0453368 4.47991 2.60134 -0.029513 4.48426 2.58703 -0.0120864 4.48806 2.57447 0.00676432 4.4913 2.56381 0.0268457 4.49393 2.55514 0.0479517 4.49592 2.54856 0.0698657 4.49727 2.54414 0.0923629 4.49794 2.54191 0.115212 4.49794 2.54191 0.13818 4.49727 2.54414 0.161029 4.49592 2.54856 0.183526 4.49393 2.55514 0.20544 4.4913 2.56381 0.226546 4.48806 2.57447 0.246628 4.48426 2.58703 0.265478 4.47991 2.60134 0.282905 4.47508 2.61727 0.298729 4.46981 2.63465 0.312787 4.46415 2.65331 0.324936 4.45817 2.67304 0.335051 4.45191 2.69365 0.343027 4.44546 2.71493 0.348784 4.43887 2.73665 0.352262 4.44099 2.73741 -0.0988701 4.44968 2.71643 -0.0953922 4.45818 2.69589 -0.0896354 4.46643 2.67599 -0.0816587 4.47432 2.65694 -0.0715441 4.48178 2.63894 -0.0593952 4.48873 2.62216 -0.0453368 4.4951 2.60678 -0.029513 4.50082 2.59296 -0.0120864 4.50584 2.58083 0.00676432 4.51011 2.57054 0.0268457 4.51357 2.56217 0.0479517 4.51621 2.55582 0.0698657 4.51797 2.55154 0.0923629 4.51886 2.5494 0.115212 4.51886 2.5494 0.13818 4.51797 2.55154 0.161029 4.51621 2.55582 0.183526 4.51357 2.56217 0.20544 4.51011 2.57054 0.226546 4.50584 2.58083 0.246628 4.50082 2.59296 0.265478 4.4951 2.60678 0.282905 4.48873 2.62216 0.298729 4.48178 2.63894 0.312787 4.47432 2.65694 0.324936 4.46643 2.67599 0.335051 4.45818 2.69589 0.343027 4.44968 2.71643 0.348784 4.44099 2.73741 0.352262 4.44302 2.73837 -0.0988701 4.45372 2.71835 -0.0953922 4.46421 2.69874 -0.0896354 4.47436 2.67975 -0.0816587 4.48408 2.66156 -0.0715441 4.49327 2.64437 -0.0593952 4.50183 2.62835 -0.0453368 4.50968 2.61367 -0.029513 4.51673 2.60048 -0.0120864 4.52291 2.58891 0.00676432 4.52817 2.57908 0.0268457 4.53244 2.57109 0.0479517 4.53568 2.56503 0.0698657 4.53786 2.56095 0.0923629 4.53895 2.5589 0.115212 4.53895 2.5589 0.13818 4.53786 2.56095 0.161029 4.53568 2.56503 0.183526 4.53244 2.57109 0.20544 4.52817 2.57908 0.226546 4.52291 2.58891 0.246628 4.51673 2.60048 0.265478 4.50968 2.61367 0.282905 4.50183 2.62835 0.298729 4.49327 2.64437 0.312787 4.48408 2.66156 0.324936 4.47436 2.67975 0.335051 4.46421 2.69874 0.343027 4.45372 2.71835 0.348784 4.44302 2.73837 0.352262 4.44495 2.73953 -0.0988701 4.45757 2.72065 -0.0953922 4.46992 2.70216 -0.0896354 4.48188 2.68426 -0.0816587 4.49334 2.66711 -0.0715441 4.50417 2.65091 -0.0593952 4.51426 2.6358 -0.0453368 4.52351 2.62196 -0.029513 4.53182 2.60952 -0.0120864 4.53911 2.59861 0.00676432 4.5453 2.58935 0.0268457 4.55033 2.58182 0.0479517 4.55415 2.5761 0.0698657 4.55672 2.57226 0.0923629 4.55801 2.57032 0.115212 4.55801 2.57032 0.13818 4.55672 2.57226 0.161029 4.55415 2.5761 0.183526 4.55033 2.58182 0.20544 4.5453 2.58935 0.226546 4.53911 2.59861 0.246628 4.53182 2.60952 0.265478 4.52351 2.62196 0.282905 4.51426 2.6358 0.298729 4.50417 2.65091 0.312787 4.49334 2.66711 0.324936 4.48188 2.68426 0.335051 4.46992 2.70216 0.343027 4.45757 2.72065 0.348784 4.44495 2.73953 0.352262 4.44676 2.74087 -0.0988701 4.46116 2.72332 -0.0953922 4.47527 2.70613 -0.0896354 4.48893 2.68948 -0.0816587 4.50201 2.67354 -0.0715441 4.51438 2.65848 -0.0593952 4.5259 2.64444 -0.0453368 4.53646 2.63157 -0.029513 4.54595 2.62001 -0.0120864 4.55428 2.60986 0.00676432 4.56135 2.60125 0.0268457 4.56709 2.59425 0.0479517 4.57145 2.58893 0.0698657 4.57439 2.58536 0.0923629 4.57586 2.58356 0.115212 4.57586 2.58356 0.13818 4.57439 2.58536 0.161029 4.57145 2.58893 0.183526 4.56709 2.59425 0.20544 4.56135 2.60125 0.226546 4.55428 2.60986 0.246628 4.54595 2.62001 0.265478 4.53646 2.63157 0.282905 4.5259 2.64444 0.298729 4.51438 2.65848 0.312787 4.50201 2.67354 0.324936 4.48893 2.68948 0.335051 4.47527 2.70613 0.343027 4.46116 2.72332 0.348784 4.44676 2.74087 0.352262 4.44843 2.74238 -0.0988701 4.46448 2.72633 -0.0953922 4.4802 2.71061 -0.0896354 4.49543 2.69538 -0.0816587 4.51001 2.6808 -0.0715441 4.5238 2.66701 -0.0593952 4.53664 2.65417 -0.0453368 4.54841 2.6424 -0.029513 4.55899 2.63182 -0.0120864 4.56827 2.62254 0.00676432 4.57615 2.61466 0.0268457 4.58255 2.60826 0.0479517 4.58741 2.6034 0.0698657 4.59068 2.60013 0.0923629 4.59233 2.59848 0.115212 4.59233 2.59848 0.13818 4.59068 2.60013 0.161029 4.58741 2.6034 0.183526 4.58255 2.60826 0.20544 4.57615 2.61466 0.226546 4.56827 2.62254 0.246628 4.55899 2.63182 0.265478 4.54841 2.6424 0.282905 4.53664 2.65417 0.298729 4.5238 2.66701 0.312787 4.51001 2.6808 0.324936 4.49543 2.69538 0.335051 4.4802 2.71061 0.343027 4.46448 2.72633 0.348784 4.44843 2.74238 0.352262 4.44994 2.74405 -0.0988701 4.46749 2.72965 -0.0953922 4.48468 2.71554 -0.0896354 4.50133 2.70188 -0.0816587 4.51727 2.6888 -0.0715441 4.53233 2.67643 -0.0593952 4.54637 2.66491 -0.0453368 4.55924 2.65435 -0.029513 4.5708 2.64486 -0.0120864 4.58095 2.63653 0.00676432 4.58956 2.62946 0.0268457 4.59656 2.62372 0.0479517 4.60188 2.61936 0.0698657 4.60545 2.61642 0.0923629 4.60725 2.61495 0.115212 4.60725 2.61495 0.13818 4.60545 2.61642 0.161029 4.60188 2.61936 0.183526 4.59656 2.62372 0.20544 4.58956 2.62946 0.226546 4.58095 2.63653 0.246628 4.5708 2.64486 0.265478 4.55924 2.65435 0.282905 4.54637 2.66491 0.298729 4.53233 2.67643 0.312787 4.51727 2.6888 0.324936 4.50133 2.70188 0.335051 4.48468 2.71554 0.343027 4.46749 2.72965 0.348784 4.44994 2.74405 0.352262 4.45128 2.74586 -0.0988701 4.47016 2.73324 -0.0953922 4.48865 2.72089 -0.0896354 4.50655 2.70893 -0.0816587 4.5237 2.69747 -0.0715441 4.5399 2.68664 -0.0593952 4.55501 2.67655 -0.0453368 4.56885 2.6673 -0.029513 4.58129 2.65899 -0.0120864 4.5922 2.6517 0.00676432 4.60146 2.64551 0.0268457 4.60899 2.64048 0.0479517 4.61471 2.63666 0.0698657 4.61855 2.63409 0.0923629 4.62049 2.6328 0.115212 4.62049 2.6328 0.13818 4.61855 2.63409 0.161029 4.61471 2.63666 0.183526 4.60899 2.64048 0.20544 4.60146 2.64551 0.226546 4.5922 2.6517 0.246628 4.58129 2.65899 0.265478 4.56885 2.6673 0.282905 4.55501 2.67655 0.298729 4.5399 2.68664 0.312787 4.5237 2.69747 0.324936 4.50655 2.70893 0.335051 4.48865 2.72089 0.343027 4.47016 2.73324 0.348784 4.45128 2.74586 0.352262 4.45244 2.74779 -0.0988701 4.47246 2.73709 -0.0953922 4.49207 2.7266 -0.0896354 4.51106 2.71645 -0.0816587 4.52925 2.70673 -0.0715441 4.54644 2.69754 -0.0593952 4.56246 2.68898 -0.0453368 4.57714 2.68113 -0.029513 4.59033 2.67408 -0.0120864 4.6019 2.6679 0.00676432 4.61173 2.66264 0.0268457 4.61972 2.65837 0.0479517 4.62578 2.65513 0.0698657 4.62986 2.65295 0.0923629 4.63191 2.65186 0.115212 4.63191 2.65186 0.13818 4.62986 2.65295 0.161029 4.62578 2.65513 0.183526 4.61972 2.65837 0.20544 4.61173 2.66264 0.226546 4.6019 2.6679 0.246628 4.59033 2.67408 0.265478 4.57714 2.68113 0.282905 4.56246 2.68898 0.298729 4.54644 2.69754 0.312787 4.52925 2.70673 0.324936 4.51106 2.71645 0.335051 4.49207 2.7266 0.343027 4.47246 2.73709 0.348784 4.45244 2.74779 0.352262 4.4534 2.74982 -0.0988701 4.47438 2.74113 -0.0953922 4.49492 2.73263 -0.0896354 4.51482 2.72438 -0.0816587 4.53387 2.71649 -0.0715441 4.55187 2.70903 -0.0593952 4.56865 2.70208 -0.0453368 4.58403 2.69571 -0.029513 4.59785 2.68999 -0.0120864 4.60998 2.68497 0.00676432 4.62027 2.6807 0.0268457 4.62864 2.67724 0.0479517 4.63499 2.6746 0.0698657 4.63927 2.67283 0.0923629 4.64141 2.67195 0.115212 4.64141 2.67195 0.13818 4.63927 2.67283 0.161029 4.63499 2.6746 0.183526 4.62864 2.67724 0.20544 4.62027 2.6807 0.226546 4.60998 2.68497 0.246628 4.59785 2.68999 0.265478 4.58403 2.69571 0.282905 4.56865 2.70208 0.298729 4.55187 2.70903 0.312787 4.53387 2.71649 0.324936 4.51482 2.72438 0.335051 4.49492 2.73263 0.343027 4.47438 2.74113 0.348784 4.4534 2.74982 0.352262 4.45416 2.75194 -0.0988701 4.47588 2.74535 -0.0953922 4.49716 2.7389 -0.0896354 4.51777 2.73265 -0.0816587 4.5375 2.72666 -0.0715441 4.55616 2.721 -0.0593952 4.57354 2.71573 -0.0453368 4.58947 2.7109 -0.029513 4.60378 2.70655 -0.0120864 4.61634 2.70275 0.00676432 4.627 2.69951 0.0268457 4.63567 2.69688 0.0479517 4.64225 2.69489 0.0698657 4.64667 2.69354 0.0923629 4.6489 2.69287 0.115212 4.6489 2.69287 0.13818 4.64667 2.69354 0.161029 4.64225 2.69489 0.183526 4.63567 2.69688 0.20544 4.627 2.69951 0.226546 4.61634 2.70275 0.246628 4.60378 2.70655 0.265478 4.58947 2.7109 0.282905 4.57354 2.71573 0.298729 4.55616 2.721 0.312787 4.5375 2.72666 0.324936 4.51777 2.73265 0.335051 4.49716 2.7389 0.343027 4.47588 2.74535 0.348784 4.45416 2.75194 0.352262 4.45471 2.75413 -0.0988701 4.47697 2.7497 -0.0953922 4.49878 2.74536 -0.0896354 4.5199 2.74116 -0.0816587 4.54013 2.73713 -0.0715441 4.55924 2.73333 -0.0593952 4.57706 2.72979 -0.0453368 4.59338 2.72654 -0.029513 4.60806 2.72362 -0.0120864 4.62093 2.72106 0.00676432 4.63186 2.71889 0.0268457 4.64074 2.71712 0.0479517 4.64748 2.71578 0.0698657 4.65202 2.71488 0.0923629 4.6543 2.71442 0.115212 4.6543 2.71442 0.13818 4.65202 2.71488 0.161029 4.64748 2.71578 0.183526 4.64074 2.71712 0.20544 4.63186 2.71889 0.226546 4.62093 2.72106 0.246628 4.60806 2.72362 0.265478 4.59338 2.72654 0.282905 4.57706 2.72979 0.298729 4.55924 2.73333 0.312787 4.54013 2.73713 0.324936 4.5199 2.74116 0.335051 4.49878 2.74536 0.343027 4.47697 2.7497 0.348784 4.45471 2.75413 0.352262 4.45504 2.75635 -0.0988701 4.47763 2.75413 -0.0953922 4.49976 2.75195 -0.0896354 4.52119 2.74984 -0.0816587 4.54171 2.74781 -0.0715441 4.56111 2.7459 -0.0593952 4.57918 2.74412 -0.0453368 4.59575 2.74249 -0.029513 4.61064 2.74103 -0.0120864 4.6237 2.73974 0.00676432 4.63479 2.73865 0.0268457 4.6438 2.73776 0.0479517 4.65064 2.73709 0.0698657 4.65525 2.73663 0.0923629 4.65756 2.73641 0.115212 4.65756 2.73641 0.13818 4.65525 2.73663 0.161029 4.65064 2.73709 0.183526 4.6438 2.73776 0.20544 4.63479 2.73865 0.226546 4.6237 2.73974 0.246628 4.61064 2.74103 0.265478 4.59575 2.74249 0.282905 4.57918 2.74412 0.298729 4.56111 2.7459 0.312787 4.54171 2.74781 0.324936 4.52119 2.74984 0.335051 4.49976 2.75195 0.343027 4.47763 2.75413 0.348784 4.45504 2.75635 0.352262 -0.50991 3.69079 -1.20863e-07 -0.346977 3.69079 -1.20863e-07 -0.346977 3.69079 0.834492 -0.50991 3.69079 0.834492 -0.350107 3.72258 -1.20863e-07 -0.350107 3.72258 0.834492 -0.359379 3.75314 -1.20863e-07 -0.359379 3.75314 0.834492 -0.374436 3.78131 -1.20863e-07 -0.374436 3.78131 0.834492 -0.394699 3.806 -1.20863e-07 -0.394699 3.806 0.834492 -0.419389 3.82626 -1.20863e-07 -0.419389 3.82626 0.834492 -0.447558 3.84132 -1.20863e-07 -0.447558 3.84132 0.834492 -0.478123 3.85059 -1.20863e-07 -0.478123 3.85059 0.834492 -0.50991 3.85372 -1.20863e-07 -0.50991 3.85372 0.834492 -0.541697 3.85059 -1.20863e-07 -0.541697 3.85059 0.834492 -0.572262 3.84132 -1.20863e-07 -0.572262 3.84132 0.834492 -0.600431 3.82626 -1.20863e-07 -0.600431 3.82626 0.834492 -0.625121 3.806 -1.20863e-07 -0.625121 3.806 0.834492 -0.645384 3.78131 -1.20863e-07 -0.645384 3.78131 0.834492 -0.660441 3.75314 -1.20863e-07 -0.660441 3.75314 0.834492 -0.669713 3.72258 -1.20863e-07 -0.669713 3.72258 0.834492 -0.672843 3.69079 -1.20863e-07 -0.672843 3.69079 0.834492 -0.669713 3.659 -1.20863e-07 -0.669713 3.659 0.834492 -0.660441 3.62844 -1.20863e-07 -0.660441 3.62844 0.834492 -0.645384 3.60027 -1.20863e-07 -0.645384 3.60027 0.834492 -0.625121 3.57558 -1.20863e-07 -0.625121 3.57558 0.834492 -0.600431 3.55532 -1.20863e-07 -0.600431 3.55532 0.834492 -0.572262 3.54026 -1.20863e-07 -0.572262 3.54026 0.834492 -0.541697 3.53099 -1.20863e-07 -0.541697 3.53099 0.834492 -0.50991 3.52786 -1.20863e-07 -0.50991 3.52786 0.834492 -0.478123 3.53099 -1.20863e-07 -0.478123 3.53099 0.834492 -0.447558 3.54026 -1.20863e-07 -0.447558 3.54026 0.834492 -0.419389 3.55532 -1.20863e-07 -0.419389 3.55532 0.834492 -0.394699 3.57558 -1.20863e-07 -0.394699 3.57558 0.834492 -0.374436 3.60027 -1.20863e-07 -0.374436 3.60027 0.834492 -0.359379 3.62844 -1.20863e-07 -0.359379 3.62844 0.834492 -0.350107 3.659 -1.20863e-07 -0.350107 3.659 0.834492 -4.31378 3.63662 -0.07111 -4.28752 3.63662 -0.0697781 -4.26152 3.63662 -0.0657959 -4.23606 3.63662 -0.0592044 -4.2114 3.63662 -0.0500712 -4.18779 3.63662 -0.0384899 -4.16548 3.63662 -0.0245795 -4.14468 3.63662 -0.00848268 -4.12562 3.63662 0.0096354 -4.10849 3.63662 0.0295888 -4.09347 3.63662 0.0511728 -4.08071 3.63662 0.0741659 -4.07034 3.63662 0.0983322 -4.06246 3.63662 0.123424 -4.05717 3.63662 0.149183 -4.05451 3.63662 0.175345 -4.05451 3.63662 0.201643 -4.05717 3.63662 0.227805 -4.06246 3.63662 0.253564 -4.07034 3.63662 0.278656 -4.08071 3.63662 0.302822 -4.09347 3.63662 0.325815 -4.10849 3.63662 0.347399 -4.12562 3.63662 0.367353 -4.14468 3.63662 0.385471 -4.16548 3.63662 0.401568 -4.18779 3.63662 0.415478 -4.2114 3.63662 0.427059 -4.23606 3.63662 0.436192 -4.26152 3.63662 0.442784 -4.28752 3.63662 0.446766 -4.31378 3.63662 0.448098 -4.28764 3.63919 -0.0697781 -4.26177 3.64174 -0.0657959 -4.23644 3.64424 -0.0592044 -4.2119 3.64665 -0.0500712 -4.1884 3.64897 -0.0384899 -4.16619 3.65116 -0.0245795 -4.1455 3.65319 -0.00848268 -4.12653 3.65506 0.0096354 -4.10948 3.65674 0.0295888 -4.09453 3.65821 0.0511728 -4.08183 3.65947 0.0741659 -4.07151 3.66048 0.0983322 -4.06367 3.66125 0.123424 -4.05841 3.66177 0.149183 -4.05576 3.66203 0.175345 -4.05576 3.66203 0.201643 -4.05841 3.66177 0.227805 -4.06367 3.66125 0.253564 -4.07151 3.66048 0.278656 -4.08183 3.65947 0.302822 -4.09453 3.65821 0.325815 -4.10948 3.65674 0.347399 -4.12653 3.65506 0.367353 -4.1455 3.65319 0.385471 -4.16619 3.65116 0.401568 -4.1884 3.64897 0.415478 -4.2119 3.64665 0.427059 -4.23644 3.64424 0.436192 -4.26177 3.64174 0.442784 -4.28764 3.63919 0.446766 -4.28802 3.64174 -0.0697781 -4.26253 3.64682 -0.0657959 -4.23756 3.65178 -0.0592044 -4.21337 3.65659 -0.0500712 -4.19021 3.6612 -0.0384899 -4.16833 3.66555 -0.0245795 -4.14793 3.66961 -0.00848268 -4.12924 3.67333 0.0096354 -4.11244 3.67667 0.0295888 -4.0977 3.6796 0.0511728 -4.08518 3.68209 0.0741659 -4.07501 3.68411 0.0983322 -4.06729 3.68565 0.123424 -4.0621 3.68668 0.149183 -4.05949 3.6872 0.175345 -4.05949 3.6872 0.201643 -4.0621 3.68668 0.227805 -4.06729 3.68565 0.253564 -4.07501 3.68411 0.278656 -4.08518 3.68209 0.302822 -4.0977 3.6796 0.325815 -4.11244 3.67667 0.347399 -4.12924 3.67333 0.367353 -4.14793 3.66961 0.385471 -4.16833 3.66555 0.401568 -4.19021 3.6612 0.415478 -4.21337 3.65659 0.427059 -4.23756 3.65178 0.436192 -4.26253 3.64682 0.442784 -4.28802 3.64174 0.446766 -4.28865 3.64424 -0.0697781 -4.26377 3.65179 -0.0657959 -4.23941 3.65918 -0.0592044 -4.21581 3.66634 -0.0500712 -4.19322 3.67319 -0.0384899 -4.17186 3.67967 -0.0245795 -4.15196 3.68571 -0.00848268 -4.13372 3.69124 0.0096354 -4.11733 3.69621 0.0295888 -4.10295 3.70057 0.0511728 -4.09074 3.70428 0.0741659 -4.08082 3.70729 0.0983322 -4.07329 3.70957 0.123424 -4.06822 3.71111 0.149183 -4.06567 3.71188 0.175345 -4.06567 3.71188 0.201643 -4.06822 3.71111 0.227805 -4.07329 3.70957 0.253564 -4.08082 3.70729 0.278656 -4.09074 3.70428 0.302822 -4.10295 3.70057 0.325815 -4.11733 3.69621 0.347399 -4.13372 3.69124 0.367353 -4.15196 3.68571 0.385471 -4.17186 3.67967 0.401568 -4.19322 3.67319 0.415478 -4.21581 3.66634 0.427059 -4.23941 3.65918 0.436192 -4.26377 3.65179 0.442784 -4.28865 3.64424 0.446766 -4.28952 3.64667 -0.0697781 -4.2655 3.65662 -0.0657959 -4.24198 3.66636 -0.0592044 -4.2192 3.6758 -0.0500712 -4.19738 3.68483 -0.0384899 -4.17677 3.69337 -0.0245795 -4.15755 3.70133 -0.00848268 -4.13994 3.70863 0.0096354 -4.12412 3.71518 0.0295888 -4.11024 3.72093 0.0511728 -4.09845 3.72581 0.0741659 -4.08887 3.72978 0.0983322 -4.08159 3.73279 0.123424 -4.0767 3.73482 0.149183 -4.07424 3.73584 0.175345 -4.07424 3.73584 0.201643 -4.0767 3.73482 0.227805 -4.08159 3.73279 0.253564 -4.08887 3.72978 0.278656 -4.09845 3.72581 0.302822 -4.11024 3.72093 0.325815 -4.12412 3.71518 0.347399 -4.13994 3.70863 0.367353 -4.15755 3.70133 0.385471 -4.17677 3.69337 0.401568 -4.19738 3.68483 0.415478 -4.2192 3.6758 0.427059 -4.24198 3.66636 0.436192 -4.2655 3.65662 0.442784 -4.28952 3.64667 0.446766 -4.29062 3.649 -0.0697781 -4.26769 3.66125 -0.0657959 -4.24524 3.67325 -0.0592044 -4.22349 3.68488 -0.0500712 -4.20267 3.69601 -0.0384899 -4.18299 3.70653 -0.0245795 -4.16465 3.71633 -0.00848268 -4.14784 3.72532 0.0096354 -4.13273 3.73339 0.0295888 -4.11948 3.74047 0.0511728 -4.10823 3.74649 0.0741659 -4.09908 3.75138 0.0983322 -4.09214 3.75509 0.123424 -4.08747 3.75759 0.149183 -4.08512 3.75884 0.175345 -4.08512 3.75884 0.201643 -4.08747 3.75759 0.227805 -4.09214 3.75509 0.253564 -4.09908 3.75138 0.278656 -4.10823 3.74649 0.302822 -4.11948 3.74047 0.325815 -4.13273 3.73339 0.347399 -4.14784 3.72532 0.367353 -4.16465 3.71633 0.385471 -4.18299 3.70653 0.401568 -4.20267 3.69601 0.415478 -4.22349 3.68488 0.427059 -4.24524 3.67325 0.436192 -4.26769 3.66125 0.442784 -4.29062 3.649 0.446766 -4.29194 3.65121 -0.0697781 -4.27033 3.66565 -0.0657959 -4.24916 3.6798 -0.0592044 -4.22866 3.6935 -0.0500712 -4.20903 3.70661 -0.0384899 -4.19047 3.71901 -0.0245795 -4.17318 3.73057 -0.00848268 -4.15733 3.74116 0.0096354 -4.14309 3.75067 0.0295888 -4.1306 3.75902 0.0511728 -4.11999 3.76611 0.0741659 -4.11136 3.77187 0.0983322 -4.10482 3.77624 0.123424 -4.10042 3.77919 0.149183 -4.0982 3.78066 0.175345 -4.0982 3.78066 0.201643 -4.10042 3.77919 0.227805 -4.10482 3.77624 0.253564 -4.11136 3.77187 0.278656 -4.11999 3.76611 0.302822 -4.1306 3.75902 0.325815 -4.14309 3.75067 0.347399 -4.15733 3.74116 0.367353 -4.17318 3.73057 0.385471 -4.19047 3.71901 0.401568 -4.20903 3.70661 0.415478 -4.22866 3.6935 0.427059 -4.24916 3.6798 0.436192 -4.27033 3.66565 0.442784 -4.29194 3.65121 0.446766 -4.29348 3.65328 -0.0697781 -4.27338 3.66977 -0.0657959 -4.25371 3.68592 -0.0592044 -4.23464 3.70157 -0.0500712 -4.21639 3.71654 -0.0384899 -4.19914 3.7307 -0.0245795 -4.18306 3.7439 -0.00848268 -4.16833 3.75599 0.0096354 -4.15509 3.76685 0.0295888 -4.14348 3.77638 0.0511728 -4.13361 3.78448 0.0741659 -4.1256 3.79106 0.0983322 -4.11951 3.79605 0.123424 -4.11542 3.79941 0.149183 -4.11336 3.8011 0.175345 -4.11336 3.8011 0.201643 -4.11542 3.79941 0.227805 -4.11951 3.79605 0.253564 -4.1256 3.79106 0.278656 -4.13361 3.78448 0.302822 -4.14348 3.77638 0.325815 -4.15509 3.76685 0.347399 -4.16833 3.75599 0.367353 -4.18306 3.7439 0.385471 -4.19914 3.7307 0.401568 -4.21639 3.71654 0.415478 -4.23464 3.70157 0.427059 -4.25371 3.68592 0.436192 -4.27338 3.66977 0.442784 -4.29348 3.65328 0.446766 -4.29521 3.65519 -0.0697781 -4.27683 3.67357 -0.0657959 -4.25883 3.69157 -0.0592044 -4.24139 3.70901 -0.0500712 -4.22469 3.72571 -0.0384899 -4.20891 3.74149 -0.0245795 -4.19421 3.75619 -0.00848268 -4.18073 3.76967 0.0096354 -4.16862 3.78178 0.0295888 -4.158 3.7924 0.0511728 -4.14897 3.80143 0.0741659 -4.14164 3.80876 0.0983322 -4.13607 3.81433 0.123424 -4.13233 3.81807 0.149183 -4.13045 3.81995 0.175345 -4.13045 3.81995 0.201643 -4.13233 3.81807 0.227805 -4.13607 3.81433 0.253564 -4.14164 3.80876 0.278656 -4.14897 3.80143 0.302822 -4.158 3.7924 0.325815 -4.16862 3.78178 0.347399 -4.18073 3.76967 0.367353 -4.19421 3.75619 0.385471 -4.20891 3.74149 0.401568 -4.22469 3.72571 0.415478 -4.24139 3.70901 0.427059 -4.25883 3.69157 0.436192 -4.27683 3.67357 0.442784 -4.29521 3.65519 0.446766 -4.29712 3.65692 -0.0697781 -4.28063 3.67702 -0.0657959 -4.26448 3.6967 -0.0592044 -4.24883 3.71576 -0.0500712 -4.23386 3.73401 -0.0384899 -4.2197 3.75126 -0.0245795 -4.2065 3.76734 -0.00848268 -4.19441 3.78207 0.0096354 -4.18355 3.79531 0.0295888 -4.17402 3.80692 0.0511728 -4.16592 3.81679 0.0741659 -4.15934 3.82481 0.0983322 -4.15435 3.83089 0.123424 -4.15099 3.83498 0.149183 -4.1493 3.83704 0.175345 -4.1493 3.83704 0.201643 -4.15099 3.83498 0.227805 -4.15435 3.83089 0.253564 -4.15934 3.82481 0.278656 -4.16592 3.81679 0.302822 -4.17402 3.80692 0.325815 -4.18355 3.79531 0.347399 -4.19441 3.78207 0.367353 -4.2065 3.76734 0.385471 -4.2197 3.75126 0.401568 -4.23386 3.73401 0.415478 -4.24883 3.71576 0.427059 -4.26448 3.6967 0.436192 -4.28063 3.67702 0.442784 -4.29712 3.65692 0.446766 -4.29919 3.65846 -0.0697781 -4.28475 3.68007 -0.0657959 -4.2706 3.70124 -0.0592044 -4.2569 3.72174 -0.0500712 -4.24379 3.74137 -0.0384899 -4.23139 3.75993 -0.0245795 -4.21983 3.77722 -0.00848268 -4.20924 3.79307 0.0096354 -4.19973 3.80731 0.0295888 -4.19138 3.8198 0.0511728 -4.18429 3.83041 0.0741659 -4.17853 3.83904 0.0983322 -4.17416 3.84558 0.123424 -4.17122 3.84998 0.149183 -4.16974 3.8522 0.175345 -4.16974 3.8522 0.201643 -4.17122 3.84998 0.227805 -4.17416 3.84558 0.253564 -4.17853 3.83904 0.278656 -4.18429 3.83041 0.302822 -4.19138 3.8198 0.325815 -4.19973 3.80731 0.347399 -4.20924 3.79307 0.367353 -4.21983 3.77722 0.385471 -4.23139 3.75993 0.401568 -4.24379 3.74137 0.415478 -4.2569 3.72174 0.427059 -4.2706 3.70124 0.436192 -4.28475 3.68007 0.442784 -4.29919 3.65846 0.446766 -4.3014 3.65978 -0.0697781 -4.28915 3.68271 -0.0657959 -4.27714 3.70516 -0.0592044 -4.26552 3.72691 -0.0500712 -4.25439 3.74773 -0.0384899 -4.24387 3.76741 -0.0245795 -4.23407 3.78575 -0.00848268 -4.22508 3.80256 0.0096354 -4.21701 3.81767 0.0295888 -4.20993 3.83092 0.0511728 -4.20391 3.84217 0.0741659 -4.19902 3.85132 0.0983322 -4.19531 3.85826 0.123424 -4.19281 3.86293 0.149183 -4.19156 3.86528 0.175345 -4.19156 3.86528 0.201643 -4.19281 3.86293 0.227805 -4.19531 3.85826 0.253564 -4.19902 3.85132 0.278656 -4.20391 3.84217 0.302822 -4.20993 3.83092 0.325815 -4.21701 3.81767 0.347399 -4.22508 3.80256 0.367353 -4.23407 3.78575 0.385471 -4.24387 3.76741 0.401568 -4.25439 3.74773 0.415478 -4.26552 3.72691 0.427059 -4.27714 3.70516 0.436192 -4.28915 3.68271 0.442784 -4.3014 3.65978 0.446766 -4.30373 3.66088 -0.0697781 -4.29378 3.6849 -0.0657959 -4.28404 3.70842 -0.0592044 -4.2746 3.7312 -0.0500712 -4.26557 3.75302 -0.0384899 -4.25703 3.77363 -0.0245795 -4.24907 3.79285 -0.00848268 -4.24177 3.81046 0.0096354 -4.23522 3.82628 0.0295888 -4.22947 3.84016 0.0511728 -4.22459 3.85195 0.0741659 -4.22062 3.86153 0.0983322 -4.21761 3.86881 0.123424 -4.21558 3.8737 0.149183 -4.21456 3.87616 0.175345 -4.21456 3.87616 0.201643 -4.21558 3.8737 0.227805 -4.21761 3.86881 0.253564 -4.22062 3.86153 0.278656 -4.22459 3.85195 0.302822 -4.22947 3.84016 0.325815 -4.23522 3.82628 0.347399 -4.24177 3.81046 0.367353 -4.24907 3.79285 0.385471 -4.25703 3.77363 0.401568 -4.26557 3.75302 0.415478 -4.2746 3.7312 0.427059 -4.28404 3.70842 0.436192 -4.29378 3.6849 0.442784 -4.30373 3.66088 0.446766 -4.30616 3.66175 -0.0697781 -4.29861 3.68663 -0.0657959 -4.29122 3.71099 -0.0592044 -4.28406 3.73459 -0.0500712 -4.27721 3.75718 -0.0384899 -4.27073 3.77854 -0.0245795 -4.26469 3.79844 -0.00848268 -4.25916 3.81668 0.0096354 -4.25419 3.83307 0.0295888 -4.24983 3.84745 0.0511728 -4.24612 3.85966 0.0741659 -4.24311 3.86958 0.0983322 -4.24083 3.87712 0.123424 -4.23929 3.88218 0.149183 -4.23852 3.88473 0.175345 -4.23852 3.88473 0.201643 -4.23929 3.88218 0.227805 -4.24083 3.87712 0.253564 -4.24311 3.86958 0.278656 -4.24612 3.85966 0.302822 -4.24983 3.84745 0.325815 -4.25419 3.83307 0.347399 -4.25916 3.81668 0.367353 -4.26469 3.79844 0.385471 -4.27073 3.77854 0.401568 -4.27721 3.75718 0.415478 -4.28406 3.73459 0.427059 -4.29122 3.71099 0.436192 -4.29861 3.68663 0.442784 -4.30616 3.66175 0.446766 -4.30866 3.66238 -0.0697781 -4.30359 3.68787 -0.0657959 -4.29862 3.71284 -0.0592044 -4.29381 3.73703 -0.0500712 -4.2892 3.76019 -0.0384899 -4.28485 3.78207 -0.0245795 -4.28079 3.80247 -0.00848268 -4.27707 3.82116 0.0096354 -4.27373 3.83796 0.0295888 -4.2708 3.8527 0.0511728 -4.26831 3.86522 0.0741659 -4.26629 3.87539 0.0983322 -4.26475 3.88311 0.123424 -4.26372 3.8883 0.149183 -4.2632 3.89091 0.175345 -4.2632 3.89091 0.201643 -4.26372 3.8883 0.227805 -4.26475 3.88311 0.253564 -4.26629 3.87539 0.278656 -4.26831 3.86522 0.302822 -4.2708 3.8527 0.325815 -4.27373 3.83796 0.347399 -4.27707 3.82116 0.367353 -4.28079 3.80247 0.385471 -4.28485 3.78207 0.401568 -4.2892 3.76019 0.415478 -4.29381 3.73703 0.427059 -4.29862 3.71284 0.436192 -4.30359 3.68787 0.442784 -4.30866 3.66238 0.446766 -4.31121 3.66276 -0.0697781 -4.30866 3.68863 -0.0657959 -4.30616 3.71396 -0.0592044 -4.30375 3.7385 -0.0500712 -4.30143 3.762 -0.0384899 -4.29924 3.78421 -0.0245795 -4.29721 3.8049 -0.00848268 -4.29534 3.82387 0.0096354 -4.29366 3.84092 0.0295888 -4.29219 3.85587 0.0511728 -4.29093 3.86857 0.0741659 -4.28992 3.87889 0.0983322 -4.28915 3.88673 0.123424 -4.28863 3.89199 0.149183 -4.28837 3.89464 0.175345 -4.28837 3.89464 0.201643 -4.28863 3.89199 0.227805 -4.28915 3.88673 0.253564 -4.28992 3.87889 0.278656 -4.29093 3.86857 0.302822 -4.29219 3.85587 0.325815 -4.29366 3.84092 0.347399 -4.29534 3.82387 0.367353 -4.29721 3.8049 0.385471 -4.29924 3.78421 0.401568 -4.30143 3.762 0.415478 -4.30375 3.7385 0.427059 -4.30616 3.71396 0.436192 -4.30866 3.68863 0.442784 -4.31121 3.66276 0.446766 -4.31378 3.66288 -0.0697781 -4.31378 3.68888 -0.0657959 -4.31378 3.71434 -0.0592044 -4.31378 3.739 -0.0500712 -4.31378 3.76261 -0.0384899 -4.31378 3.78492 -0.0245795 -4.31378 3.80572 -0.00848268 -4.31378 3.82478 0.0096354 -4.31378 3.84191 0.0295888 -4.31378 3.85693 0.0511728 -4.31378 3.86969 0.0741659 -4.31378 3.88006 0.0983322 -4.31378 3.88794 0.123424 -4.31378 3.89323 0.149183 -4.31378 3.89589 0.175345 -4.31378 3.89589 0.201643 -4.31378 3.89323 0.227805 -4.31378 3.88794 0.253564 -4.31378 3.88006 0.278656 -4.31378 3.86969 0.302822 -4.31378 3.85693 0.325815 -4.31378 3.84191 0.347399 -4.31378 3.82478 0.367353 -4.31378 3.80572 0.385471 -4.31378 3.78492 0.401568 -4.31378 3.76261 0.415478 -4.31378 3.739 0.427059 -4.31378 3.71434 0.436192 -4.31378 3.68888 0.442784 -4.31378 3.66288 0.446766 -4.31635 3.66276 -0.0697781 -4.3189 3.68863 -0.0657959 -4.3214 3.71396 -0.0592044 -4.32381 3.7385 -0.0500712 -4.32613 3.762 -0.0384899 -4.32832 3.78421 -0.0245795 -4.33035 3.8049 -0.00848268 -4.33222 3.82387 0.0096354 -4.3339 3.84092 0.0295888 -4.33537 3.85587 0.0511728 -4.33663 3.86857 0.0741659 -4.33764 3.87889 0.0983322 -4.33841 3.88673 0.123424 -4.33893 3.89199 0.149183 -4.33919 3.89464 0.175345 -4.33919 3.89464 0.201643 -4.33893 3.89199 0.227805 -4.33841 3.88673 0.253564 -4.33764 3.87889 0.278656 -4.33663 3.86857 0.302822 -4.33537 3.85587 0.325815 -4.3339 3.84092 0.347399 -4.33222 3.82387 0.367353 -4.33035 3.8049 0.385471 -4.32832 3.78421 0.401568 -4.32613 3.762 0.415478 -4.32381 3.7385 0.427059 -4.3214 3.71396 0.436192 -4.3189 3.68863 0.442784 -4.31635 3.66276 0.446766 -4.3189 3.66238 -0.0697781 -4.32398 3.68787 -0.0657959 -4.32894 3.71284 -0.0592044 -4.33375 3.73703 -0.0500712 -4.33836 3.76019 -0.0384899 -4.34271 3.78207 -0.0245795 -4.34677 3.80247 -0.00848268 -4.35049 3.82116 0.0096354 -4.35383 3.83796 0.0295888 -4.35676 3.8527 0.0511728 -4.35925 3.86522 0.0741659 -4.36127 3.87539 0.0983322 -4.36281 3.88311 0.123424 -4.36384 3.8883 0.149183 -4.36436 3.89091 0.175345 -4.36436 3.89091 0.201643 -4.36384 3.8883 0.227805 -4.36281 3.88311 0.253564 -4.36127 3.87539 0.278656 -4.35925 3.86522 0.302822 -4.35676 3.8527 0.325815 -4.35383 3.83796 0.347399 -4.35049 3.82116 0.367353 -4.34677 3.80247 0.385471 -4.34271 3.78207 0.401568 -4.33836 3.76019 0.415478 -4.33375 3.73703 0.427059 -4.32894 3.71284 0.436192 -4.32398 3.68787 0.442784 -4.3189 3.66238 0.446766 -4.3214 3.66175 -0.0697781 -4.32895 3.68663 -0.0657959 -4.33634 3.71099 -0.0592044 -4.3435 3.73459 -0.0500712 -4.35035 3.75718 -0.0384899 -4.35683 3.77854 -0.0245795 -4.36287 3.79844 -0.00848268 -4.3684 3.81668 0.0096354 -4.37337 3.83307 0.0295888 -4.37773 3.84745 0.0511728 -4.38144 3.85966 0.0741659 -4.38445 3.86958 0.0983322 -4.38673 3.87712 0.123424 -4.38827 3.88218 0.149183 -4.38904 3.88473 0.175345 -4.38904 3.88473 0.201643 -4.38827 3.88218 0.227805 -4.38673 3.87712 0.253564 -4.38445 3.86958 0.278656 -4.38144 3.85966 0.302822 -4.37773 3.84745 0.325815 -4.37337 3.83307 0.347399 -4.3684 3.81668 0.367353 -4.36287 3.79844 0.385471 -4.35683 3.77854 0.401568 -4.35035 3.75718 0.415478 -4.3435 3.73459 0.427059 -4.33634 3.71099 0.436192 -4.32895 3.68663 0.442784 -4.3214 3.66175 0.446766 -4.32383 3.66088 -0.0697781 -4.33378 3.6849 -0.0657959 -4.34352 3.70842 -0.0592044 -4.35296 3.7312 -0.0500712 -4.36199 3.75302 -0.0384899 -4.37053 3.77363 -0.0245795 -4.37849 3.79285 -0.00848268 -4.38579 3.81046 0.0096354 -4.39234 3.82628 0.0295888 -4.39809 3.84016 0.0511728 -4.40297 3.85195 0.0741659 -4.40694 3.86153 0.0983322 -4.40995 3.86881 0.123424 -4.41198 3.8737 0.149183 -4.413 3.87616 0.175345 -4.413 3.87616 0.201643 -4.41198 3.8737 0.227805 -4.40995 3.86881 0.253564 -4.40694 3.86153 0.278656 -4.40297 3.85195 0.302822 -4.39809 3.84016 0.325815 -4.39234 3.82628 0.347399 -4.38579 3.81046 0.367353 -4.37849 3.79285 0.385471 -4.37053 3.77363 0.401568 -4.36199 3.75302 0.415478 -4.35296 3.7312 0.427059 -4.34352 3.70842 0.436192 -4.33378 3.6849 0.442784 -4.32383 3.66088 0.446766 -4.32616 3.65978 -0.0697781 -4.33841 3.68271 -0.0657959 -4.35042 3.70516 -0.0592044 -4.36204 3.72691 -0.0500712 -4.37317 3.74773 -0.0384899 -4.38369 3.76741 -0.0245795 -4.39349 3.78575 -0.00848268 -4.40248 3.80256 0.0096354 -4.41055 3.81767 0.0295888 -4.41763 3.83092 0.0511728 -4.42365 3.84217 0.0741659 -4.42854 3.85132 0.0983322 -4.43225 3.85826 0.123424 -4.43475 3.86293 0.149183 -4.436 3.86528 0.175345 -4.436 3.86528 0.201643 -4.43475 3.86293 0.227805 -4.43225 3.85826 0.253564 -4.42854 3.85132 0.278656 -4.42365 3.84217 0.302822 -4.41763 3.83092 0.325815 -4.41055 3.81767 0.347399 -4.40248 3.80256 0.367353 -4.39349 3.78575 0.385471 -4.38369 3.76741 0.401568 -4.37317 3.74773 0.415478 -4.36204 3.72691 0.427059 -4.35042 3.70516 0.436192 -4.33841 3.68271 0.442784 -4.32616 3.65978 0.446766 -4.32837 3.65846 -0.0697781 -4.34281 3.68007 -0.0657959 -4.35696 3.70124 -0.0592044 -4.37066 3.72174 -0.0500712 -4.38377 3.74137 -0.0384899 -4.39617 3.75993 -0.0245795 -4.40773 3.77722 -0.00848268 -4.41832 3.79307 0.0096354 -4.42783 3.80731 0.0295888 -4.43618 3.8198 0.0511728 -4.44327 3.83041 0.0741659 -4.44903 3.83904 0.0983322 -4.4534 3.84558 0.123424 -4.45635 3.84998 0.149183 -4.45782 3.8522 0.175345 -4.45782 3.8522 0.201643 -4.45635 3.84998 0.227805 -4.4534 3.84558 0.253564 -4.44903 3.83904 0.278656 -4.44327 3.83041 0.302822 -4.43618 3.8198 0.325815 -4.42783 3.80731 0.347399 -4.41832 3.79307 0.367353 -4.40773 3.77722 0.385471 -4.39617 3.75993 0.401568 -4.38377 3.74137 0.415478 -4.37066 3.72174 0.427059 -4.35696 3.70124 0.436192 -4.34281 3.68007 0.442784 -4.32837 3.65846 0.446766 -4.33044 3.65692 -0.0697781 -4.34693 3.67702 -0.0657959 -4.36308 3.6967 -0.0592044 -4.37873 3.71576 -0.0500712 -4.3937 3.73401 -0.0384899 -4.40786 3.75126 -0.0245795 -4.42106 3.76734 -0.00848268 -4.43315 3.78207 0.0096354 -4.44401 3.79531 0.0295888 -4.45354 3.80692 0.0511728 -4.46164 3.81679 0.0741659 -4.46822 3.82481 0.0983322 -4.47321 3.83089 0.123424 -4.47657 3.83498 0.149183 -4.47826 3.83704 0.175345 -4.47826 3.83704 0.201643 -4.47657 3.83498 0.227805 -4.47321 3.83089 0.253564 -4.46822 3.82481 0.278656 -4.46164 3.81679 0.302822 -4.45354 3.80692 0.325815 -4.44401 3.79531 0.347399 -4.43315 3.78207 0.367353 -4.42106 3.76734 0.385471 -4.40786 3.75126 0.401568 -4.3937 3.73401 0.415478 -4.37873 3.71576 0.427059 -4.36308 3.6967 0.436192 -4.34693 3.67702 0.442784 -4.33044 3.65692 0.446766 -4.33235 3.65519 -0.0697781 -4.35073 3.67357 -0.0657959 -4.36873 3.69157 -0.0592044 -4.38617 3.70901 -0.0500712 -4.40287 3.72571 -0.0384899 -4.41865 3.74149 -0.0245795 -4.43335 3.75619 -0.00848268 -4.44683 3.76967 0.0096354 -4.45894 3.78178 0.0295888 -4.46956 3.7924 0.0511728 -4.47859 3.80143 0.0741659 -4.48592 3.80876 0.0983322 -4.49149 3.81433 0.123424 -4.49523 3.81807 0.149183 -4.49711 3.81995 0.175345 -4.49711 3.81995 0.201643 -4.49523 3.81807 0.227805 -4.49149 3.81433 0.253564 -4.48592 3.80876 0.278656 -4.47859 3.80143 0.302822 -4.46956 3.7924 0.325815 -4.45894 3.78178 0.347399 -4.44683 3.76967 0.367353 -4.43335 3.75619 0.385471 -4.41865 3.74149 0.401568 -4.40287 3.72571 0.415478 -4.38617 3.70901 0.427059 -4.36873 3.69157 0.436192 -4.35073 3.67357 0.442784 -4.33235 3.65519 0.446766 -4.33408 3.65328 -0.0697781 -4.35418 3.66977 -0.0657959 -4.37386 3.68592 -0.0592044 -4.39292 3.70157 -0.0500712 -4.41117 3.71654 -0.0384899 -4.42842 3.7307 -0.0245795 -4.4445 3.7439 -0.00848268 -4.45923 3.75599 0.0096354 -4.47247 3.76685 0.0295888 -4.48408 3.77638 0.0511728 -4.49395 3.78448 0.0741659 -4.50197 3.79106 0.0983322 -4.50805 3.79605 0.123424 -4.51214 3.79941 0.149183 -4.5142 3.8011 0.175345 -4.5142 3.8011 0.201643 -4.51214 3.79941 0.227805 -4.50805 3.79605 0.253564 -4.50197 3.79106 0.278656 -4.49395 3.78448 0.302822 -4.48408 3.77638 0.325815 -4.47247 3.76685 0.347399 -4.45923 3.75599 0.367353 -4.4445 3.7439 0.385471 -4.42842 3.7307 0.401568 -4.41117 3.71654 0.415478 -4.39292 3.70157 0.427059 -4.37386 3.68592 0.436192 -4.35418 3.66977 0.442784 -4.33408 3.65328 0.446766 -4.33562 3.65121 -0.0697781 -4.35723 3.66565 -0.0657959 -4.3784 3.6798 -0.0592044 -4.3989 3.6935 -0.0500712 -4.41853 3.70661 -0.0384899 -4.43709 3.71901 -0.0245795 -4.45438 3.73057 -0.00848268 -4.47023 3.74116 0.0096354 -4.48447 3.75067 0.0295888 -4.49696 3.75902 0.0511728 -4.50757 3.76611 0.0741659 -4.5162 3.77187 0.0983322 -4.52274 3.77624 0.123424 -4.52714 3.77919 0.149183 -4.52936 3.78066 0.175345 -4.52936 3.78066 0.201643 -4.52714 3.77919 0.227805 -4.52274 3.77624 0.253564 -4.5162 3.77187 0.278656 -4.50757 3.76611 0.302822 -4.49696 3.75902 0.325815 -4.48447 3.75067 0.347399 -4.47023 3.74116 0.367353 -4.45438 3.73057 0.385471 -4.43709 3.71901 0.401568 -4.41853 3.70661 0.415478 -4.3989 3.6935 0.427059 -4.3784 3.6798 0.436192 -4.35723 3.66565 0.442784 -4.33562 3.65121 0.446766 -4.33694 3.649 -0.0697781 -4.35987 3.66125 -0.0657959 -4.38232 3.67325 -0.0592044 -4.40407 3.68488 -0.0500712 -4.42489 3.69601 -0.0384899 -4.44457 3.70653 -0.0245795 -4.46291 3.71633 -0.00848268 -4.47972 3.72532 0.0096354 -4.49483 3.73339 0.0295888 -4.50808 3.74047 0.0511728 -4.51933 3.74649 0.0741659 -4.52848 3.75138 0.0983322 -4.53542 3.75509 0.123424 -4.54009 3.75759 0.149183 -4.54244 3.75884 0.175345 -4.54244 3.75884 0.201643 -4.54009 3.75759 0.227805 -4.53542 3.75509 0.253564 -4.52848 3.75138 0.278656 -4.51933 3.74649 0.302822 -4.50808 3.74047 0.325815 -4.49483 3.73339 0.347399 -4.47972 3.72532 0.367353 -4.46291 3.71633 0.385471 -4.44457 3.70653 0.401568 -4.42489 3.69601 0.415478 -4.40407 3.68488 0.427059 -4.38232 3.67325 0.436192 -4.35987 3.66125 0.442784 -4.33694 3.649 0.446766 -4.33804 3.64667 -0.0697781 -4.36206 3.65662 -0.0657959 -4.38558 3.66636 -0.0592044 -4.40836 3.6758 -0.0500712 -4.43018 3.68483 -0.0384899 -4.45079 3.69337 -0.0245795 -4.47001 3.70133 -0.00848268 -4.48762 3.70863 0.0096354 -4.50344 3.71518 0.0295888 -4.51732 3.72093 0.0511728 -4.52911 3.72581 0.0741659 -4.53869 3.72978 0.0983322 -4.54597 3.73279 0.123424 -4.55086 3.73482 0.149183 -4.55332 3.73584 0.175345 -4.55332 3.73584 0.201643 -4.55086 3.73482 0.227805 -4.54597 3.73279 0.253564 -4.53869 3.72978 0.278656 -4.52911 3.72581 0.302822 -4.51732 3.72093 0.325815 -4.50344 3.71518 0.347399 -4.48762 3.70863 0.367353 -4.47001 3.70133 0.385471 -4.45079 3.69337 0.401568 -4.43018 3.68483 0.415478 -4.40836 3.6758 0.427059 -4.38558 3.66636 0.436192 -4.36206 3.65662 0.442784 -4.33804 3.64667 0.446766 -4.33891 3.64424 -0.0697781 -4.36379 3.65179 -0.0657959 -4.38815 3.65918 -0.0592044 -4.41175 3.66634 -0.0500712 -4.43434 3.67319 -0.0384899 -4.4557 3.67967 -0.0245795 -4.4756 3.68571 -0.00848268 -4.49384 3.69124 0.0096354 -4.51023 3.69621 0.0295888 -4.5246 3.70057 0.0511728 -4.53682 3.70428 0.0741659 -4.54674 3.70729 0.0983322 -4.55428 3.70957 0.123424 -4.55934 3.71111 0.149183 -4.56189 3.71188 0.175345 -4.56189 3.71188 0.201643 -4.55934 3.71111 0.227805 -4.55428 3.70957 0.253564 -4.54674 3.70729 0.278656 -4.53682 3.70428 0.302822 -4.5246 3.70057 0.325815 -4.51023 3.69621 0.347399 -4.49384 3.69124 0.367353 -4.4756 3.68571 0.385471 -4.4557 3.67967 0.401568 -4.43434 3.67319 0.415478 -4.41175 3.66634 0.427059 -4.38815 3.65918 0.436192 -4.36379 3.65179 0.442784 -4.33891 3.64424 0.446766 -4.33954 3.64174 -0.0697781 -4.36503 3.64682 -0.0657959 -4.39 3.65178 -0.0592044 -4.41419 3.65659 -0.0500712 -4.43735 3.6612 -0.0384899 -4.45923 3.66555 -0.0245795 -4.47963 3.66961 -0.00848268 -4.49832 3.67333 0.0096354 -4.51512 3.67667 0.0295888 -4.52986 3.6796 0.0511728 -4.54238 3.68209 0.0741659 -4.55255 3.68411 0.0983322 -4.56027 3.68565 0.123424 -4.56546 3.68668 0.149183 -4.56807 3.6872 0.175345 -4.56807 3.6872 0.201643 -4.56546 3.68668 0.227805 -4.56027 3.68565 0.253564 -4.55255 3.68411 0.278656 -4.54238 3.68209 0.302822 -4.52986 3.6796 0.325815 -4.51512 3.67667 0.347399 -4.49832 3.67333 0.367353 -4.47963 3.66961 0.385471 -4.45923 3.66555 0.401568 -4.43735 3.6612 0.415478 -4.41419 3.65659 0.427059 -4.39 3.65178 0.436192 -4.36503 3.64682 0.442784 -4.33954 3.64174 0.446766 -4.33992 3.63919 -0.0697781 -4.36579 3.64174 -0.0657959 -4.39112 3.64424 -0.0592044 -4.41566 3.64665 -0.0500712 -4.43916 3.64897 -0.0384899 -4.46137 3.65116 -0.0245795 -4.48206 3.65319 -0.00848268 -4.50103 3.65506 0.0096354 -4.51808 3.65674 0.0295888 -4.53303 3.65821 0.0511728 -4.54573 3.65947 0.0741659 -4.55605 3.66048 0.0983322 -4.56389 3.66125 0.123424 -4.56915 3.66177 0.149183 -4.5718 3.66203 0.175345 -4.5718 3.66203 0.201643 -4.56915 3.66177 0.227805 -4.56389 3.66125 0.253564 -4.55605 3.66048 0.278656 -4.54573 3.65947 0.302822 -4.53303 3.65821 0.325815 -4.51808 3.65674 0.347399 -4.50103 3.65506 0.367353 -4.48206 3.65319 0.385471 -4.46137 3.65116 0.401568 -4.43916 3.64897 0.415478 -4.41566 3.64665 0.427059 -4.39112 3.64424 0.436192 -4.36579 3.64174 0.442784 -4.33992 3.63919 0.446766 -4.34004 3.63662 -0.0697781 -4.36604 3.63662 -0.0657959 -4.3915 3.63662 -0.0592044 -4.41616 3.63662 -0.0500712 -4.43977 3.63662 -0.0384899 -4.46208 3.63662 -0.0245795 -4.48288 3.63662 -0.00848268 -4.50194 3.63662 0.0096354 -4.51907 3.63662 0.0295888 -4.53409 3.63662 0.0511728 -4.54685 3.63662 0.0741659 -4.55722 3.63662 0.0983322 -4.5651 3.63662 0.123424 -4.57039 3.63662 0.149183 -4.57305 3.63662 0.175345 -4.57305 3.63662 0.201643 -4.57039 3.63662 0.227805 -4.5651 3.63662 0.253564 -4.55722 3.63662 0.278656 -4.54685 3.63662 0.302822 -4.53409 3.63662 0.325815 -4.51907 3.63662 0.347399 -4.50194 3.63662 0.367353 -4.48288 3.63662 0.385471 -4.46208 3.63662 0.401568 -4.43977 3.63662 0.415478 -4.41616 3.63662 0.427059 -4.3915 3.63662 0.436192 -4.36604 3.63662 0.442784 -4.34004 3.63662 0.446766 -4.33992 3.63405 -0.0697781 -4.36579 3.6315 -0.0657959 -4.39112 3.629 -0.0592044 -4.41566 3.62659 -0.0500712 -4.43916 3.62427 -0.0384899 -4.46137 3.62208 -0.0245795 -4.48206 3.62005 -0.00848268 -4.50103 3.61818 0.0096354 -4.51808 3.6165 0.0295888 -4.53303 3.61503 0.0511728 -4.54573 3.61377 0.0741659 -4.55605 3.61276 0.0983322 -4.56389 3.61199 0.123424 -4.56915 3.61147 0.149183 -4.5718 3.61121 0.175345 -4.5718 3.61121 0.201643 -4.56915 3.61147 0.227805 -4.56389 3.61199 0.253564 -4.55605 3.61276 0.278656 -4.54573 3.61377 0.302822 -4.53303 3.61503 0.325815 -4.51808 3.6165 0.347399 -4.50103 3.61818 0.367353 -4.48206 3.62005 0.385471 -4.46137 3.62208 0.401568 -4.43916 3.62427 0.415478 -4.41566 3.62659 0.427059 -4.39112 3.629 0.436192 -4.36579 3.6315 0.442784 -4.33992 3.63405 0.446766 -4.33954 3.6315 -0.0697781 -4.36503 3.62643 -0.0657959 -4.39 3.62146 -0.0592044 -4.41419 3.61665 -0.0500712 -4.43735 3.61204 -0.0384899 -4.45923 3.60769 -0.0245795 -4.47963 3.60363 -0.00848268 -4.49832 3.59991 0.0096354 -4.51512 3.59657 0.0295888 -4.52986 3.59364 0.0511728 -4.54238 3.59115 0.0741659 -4.55255 3.58913 0.0983322 -4.56027 3.58759 0.123424 -4.56546 3.58656 0.149183 -4.56807 3.58604 0.175345 -4.56807 3.58604 0.201643 -4.56546 3.58656 0.227805 -4.56027 3.58759 0.253564 -4.55255 3.58913 0.278656 -4.54238 3.59115 0.302822 -4.52986 3.59364 0.325815 -4.51512 3.59657 0.347399 -4.49832 3.59991 0.367353 -4.47963 3.60363 0.385471 -4.45923 3.60769 0.401568 -4.43735 3.61204 0.415478 -4.41419 3.61665 0.427059 -4.39 3.62146 0.436192 -4.36503 3.62643 0.442784 -4.33954 3.6315 0.446766 -4.33891 3.629 -0.0697781 -4.36379 3.62145 -0.0657959 -4.38815 3.61406 -0.0592044 -4.41175 3.6069 -0.0500712 -4.43434 3.60005 -0.0384899 -4.4557 3.59357 -0.0245795 -4.4756 3.58753 -0.00848268 -4.49384 3.582 0.0096354 -4.51023 3.57703 0.0295888 -4.5246 3.57267 0.0511728 -4.53682 3.56896 0.0741659 -4.54674 3.56595 0.0983322 -4.55428 3.56367 0.123424 -4.55934 3.56213 0.149183 -4.56189 3.56136 0.175345 -4.56189 3.56136 0.201643 -4.55934 3.56213 0.227805 -4.55428 3.56367 0.253564 -4.54674 3.56595 0.278656 -4.53682 3.56896 0.302822 -4.5246 3.57267 0.325815 -4.51023 3.57703 0.347399 -4.49384 3.582 0.367353 -4.4756 3.58753 0.385471 -4.4557 3.59357 0.401568 -4.43434 3.60005 0.415478 -4.41175 3.6069 0.427059 -4.38815 3.61406 0.436192 -4.36379 3.62145 0.442784 -4.33891 3.629 0.446766 -4.33804 3.62657 -0.0697781 -4.36206 3.61662 -0.0657959 -4.38558 3.60688 -0.0592044 -4.40836 3.59744 -0.0500712 -4.43018 3.58841 -0.0384899 -4.45079 3.57987 -0.0245795 -4.47001 3.57191 -0.00848268 -4.48762 3.56461 0.0096354 -4.50344 3.55806 0.0295888 -4.51732 3.55231 0.0511728 -4.52911 3.54743 0.0741659 -4.53869 3.54346 0.0983322 -4.54597 3.54045 0.123424 -4.55086 3.53842 0.149183 -4.55332 3.5374 0.175345 -4.55332 3.5374 0.201643 -4.55086 3.53842 0.227805 -4.54597 3.54045 0.253564 -4.53869 3.54346 0.278656 -4.52911 3.54743 0.302822 -4.51732 3.55231 0.325815 -4.50344 3.55806 0.347399 -4.48762 3.56461 0.367353 -4.47001 3.57191 0.385471 -4.45079 3.57987 0.401568 -4.43018 3.58841 0.415478 -4.40836 3.59744 0.427059 -4.38558 3.60688 0.436192 -4.36206 3.61662 0.442784 -4.33804 3.62657 0.446766 -4.33694 3.62424 -0.0697781 -4.35987 3.61199 -0.0657959 -4.38232 3.59998 -0.0592044 -4.40407 3.58836 -0.0500712 -4.42489 3.57723 -0.0384899 -4.44457 3.56671 -0.0245795 -4.46291 3.55691 -0.00848268 -4.47972 3.54792 0.0096354 -4.49483 3.53985 0.0295888 -4.50808 3.53277 0.0511728 -4.51933 3.52675 0.0741659 -4.52848 3.52186 0.0983322 -4.53542 3.51815 0.123424 -4.54009 3.51565 0.149183 -4.54244 3.5144 0.175345 -4.54244 3.5144 0.201643 -4.54009 3.51565 0.227805 -4.53542 3.51815 0.253564 -4.52848 3.52186 0.278656 -4.51933 3.52675 0.302822 -4.50808 3.53277 0.325815 -4.49483 3.53985 0.347399 -4.47972 3.54792 0.367353 -4.46291 3.55691 0.385471 -4.44457 3.56671 0.401568 -4.42489 3.57723 0.415478 -4.40407 3.58836 0.427059 -4.38232 3.59998 0.436192 -4.35987 3.61199 0.442784 -4.33694 3.62424 0.446766 -4.33562 3.62203 -0.0697781 -4.35723 3.60759 -0.0657959 -4.3784 3.59344 -0.0592044 -4.3989 3.57974 -0.0500712 -4.41853 3.56663 -0.0384899 -4.43709 3.55423 -0.0245795 -4.45438 3.54267 -0.00848268 -4.47023 3.53208 0.0096354 -4.48447 3.52257 0.0295888 -4.49696 3.51422 0.0511728 -4.50757 3.50713 0.0741659 -4.5162 3.50137 0.0983322 -4.52274 3.497 0.123424 -4.52714 3.49405 0.149183 -4.52936 3.49258 0.175345 -4.52936 3.49258 0.201643 -4.52714 3.49405 0.227805 -4.52274 3.497 0.253564 -4.5162 3.50137 0.278656 -4.50757 3.50713 0.302822 -4.49696 3.51422 0.325815 -4.48447 3.52257 0.347399 -4.47023 3.53208 0.367353 -4.45438 3.54267 0.385471 -4.43709 3.55423 0.401568 -4.41853 3.56663 0.415478 -4.3989 3.57974 0.427059 -4.3784 3.59344 0.436192 -4.35723 3.60759 0.442784 -4.33562 3.62203 0.446766 -4.33408 3.61996 -0.0697781 -4.35418 3.60347 -0.0657959 -4.37386 3.58732 -0.0592044 -4.39292 3.57167 -0.0500712 -4.41117 3.55669 -0.0384899 -4.42842 3.54254 -0.0245795 -4.4445 3.52934 -0.00848268 -4.45923 3.51725 0.0096354 -4.47247 3.50639 0.0295888 -4.48408 3.49686 0.0511728 -4.49395 3.48876 0.0741659 -4.50197 3.48218 0.0983322 -4.50805 3.47719 0.123424 -4.51214 3.47383 0.149183 -4.5142 3.47214 0.175345 -4.5142 3.47214 0.201643 -4.51214 3.47383 0.227805 -4.50805 3.47719 0.253564 -4.50197 3.48218 0.278656 -4.49395 3.48876 0.302822 -4.48408 3.49686 0.325815 -4.47247 3.50639 0.347399 -4.45923 3.51725 0.367353 -4.4445 3.52934 0.385471 -4.42842 3.54254 0.401568 -4.41117 3.55669 0.415478 -4.39292 3.57167 0.427059 -4.37386 3.58732 0.436192 -4.35418 3.60347 0.442784 -4.33408 3.61996 0.446766 -4.33235 3.61805 -0.0697781 -4.35073 3.59967 -0.0657959 -4.36873 3.58167 -0.0592044 -4.38617 3.56423 -0.0500712 -4.40287 3.54753 -0.0384899 -4.41865 3.53175 -0.0245795 -4.43335 3.51705 -0.00848268 -4.44683 3.50357 0.0096354 -4.45894 3.49146 0.0295888 -4.46956 3.48084 0.0511728 -4.47859 3.47181 0.0741659 -4.48592 3.46448 0.0983322 -4.49149 3.45891 0.123424 -4.49523 3.45517 0.149183 -4.49711 3.45329 0.175345 -4.49711 3.45329 0.201643 -4.49523 3.45517 0.227805 -4.49149 3.45891 0.253564 -4.48592 3.46448 0.278656 -4.47859 3.47181 0.302822 -4.46956 3.48084 0.325815 -4.45894 3.49146 0.347399 -4.44683 3.50357 0.367353 -4.43335 3.51705 0.385471 -4.41865 3.53175 0.401568 -4.40287 3.54753 0.415478 -4.38617 3.56423 0.427059 -4.36873 3.58167 0.436192 -4.35073 3.59967 0.442784 -4.33235 3.61805 0.446766 -4.33044 3.61632 -0.0697781 -4.34693 3.59622 -0.0657959 -4.36308 3.57654 -0.0592044 -4.37873 3.55748 -0.0500712 -4.3937 3.53923 -0.0384899 -4.40786 3.52198 -0.0245795 -4.42106 3.5059 -0.00848268 -4.43315 3.49117 0.0096354 -4.44401 3.47793 0.0295888 -4.45354 3.46632 0.0511728 -4.46164 3.45645 0.0741659 -4.46822 3.44844 0.0983322 -4.47321 3.44235 0.123424 -4.47657 3.43826 0.149183 -4.47826 3.4362 0.175345 -4.47826 3.4362 0.201643 -4.47657 3.43826 0.227805 -4.47321 3.44235 0.253564 -4.46822 3.44844 0.278656 -4.46164 3.45645 0.302822 -4.45354 3.46632 0.325815 -4.44401 3.47793 0.347399 -4.43315 3.49117 0.367353 -4.42106 3.5059 0.385471 -4.40786 3.52198 0.401568 -4.3937 3.53923 0.415478 -4.37873 3.55748 0.427059 -4.36308 3.57654 0.436192 -4.34693 3.59622 0.442784 -4.33044 3.61632 0.446766 -4.32837 3.61478 -0.0697781 -4.34281 3.59317 -0.0657959 -4.35696 3.572 -0.0592044 -4.37066 3.5515 -0.0500712 -4.38377 3.53187 -0.0384899 -4.39617 3.51331 -0.0245795 -4.40773 3.49602 -0.00848268 -4.41832 3.48017 0.0096354 -4.42783 3.46593 0.0295888 -4.43618 3.45344 0.0511728 -4.44327 3.44283 0.0741659 -4.44903 3.4342 0.0983322 -4.4534 3.42766 0.123424 -4.45635 3.42326 0.149183 -4.45782 3.42104 0.175345 -4.45782 3.42104 0.201643 -4.45635 3.42326 0.227805 -4.4534 3.42766 0.253564 -4.44903 3.4342 0.278656 -4.44327 3.44283 0.302822 -4.43618 3.45344 0.325815 -4.42783 3.46593 0.347399 -4.41832 3.48017 0.367353 -4.40773 3.49602 0.385471 -4.39617 3.51331 0.401568 -4.38377 3.53187 0.415478 -4.37066 3.5515 0.427059 -4.35696 3.572 0.436192 -4.34281 3.59317 0.442784 -4.32837 3.61478 0.446766 -4.32616 3.61346 -0.0697781 -4.33841 3.59053 -0.0657959 -4.35042 3.56808 -0.0592044 -4.36204 3.54633 -0.0500712 -4.37317 3.52551 -0.0384899 -4.38369 3.50583 -0.0245795 -4.39349 3.48749 -0.00848268 -4.40248 3.47068 0.0096354 -4.41055 3.45557 0.0295888 -4.41763 3.44232 0.0511728 -4.42365 3.43107 0.0741659 -4.42854 3.42192 0.0983322 -4.43225 3.41498 0.123424 -4.43475 3.41031 0.149183 -4.436 3.40796 0.175345 -4.436 3.40796 0.201643 -4.43475 3.41031 0.227805 -4.43225 3.41498 0.253564 -4.42854 3.42192 0.278656 -4.42365 3.43107 0.302822 -4.41763 3.44232 0.325815 -4.41055 3.45557 0.347399 -4.40248 3.47068 0.367353 -4.39349 3.48749 0.385471 -4.38369 3.50583 0.401568 -4.37317 3.52551 0.415478 -4.36204 3.54633 0.427059 -4.35042 3.56808 0.436192 -4.33841 3.59053 0.442784 -4.32616 3.61346 0.446766 -4.32383 3.61236 -0.0697781 -4.33378 3.58834 -0.0657959 -4.34352 3.56482 -0.0592044 -4.35296 3.54204 -0.0500712 -4.36199 3.52022 -0.0384899 -4.37053 3.49961 -0.0245795 -4.37849 3.48039 -0.00848268 -4.38579 3.46278 0.0096354 -4.39234 3.44696 0.0295888 -4.39809 3.43308 0.0511728 -4.40297 3.42129 0.0741659 -4.40694 3.41171 0.0983322 -4.40995 3.40443 0.123424 -4.41198 3.39954 0.149183 -4.413 3.39708 0.175345 -4.413 3.39708 0.201643 -4.41198 3.39954 0.227805 -4.40995 3.40443 0.253564 -4.40694 3.41171 0.278656 -4.40297 3.42129 0.302822 -4.39809 3.43308 0.325815 -4.39234 3.44696 0.347399 -4.38579 3.46278 0.367353 -4.37849 3.48039 0.385471 -4.37053 3.49961 0.401568 -4.36199 3.52022 0.415478 -4.35296 3.54204 0.427059 -4.34352 3.56482 0.436192 -4.33378 3.58834 0.442784 -4.32383 3.61236 0.446766 -4.3214 3.61149 -0.0697781 -4.32895 3.58661 -0.0657959 -4.33634 3.56225 -0.0592044 -4.3435 3.53865 -0.0500712 -4.35035 3.51606 -0.0384899 -4.35683 3.4947 -0.0245795 -4.36287 3.4748 -0.00848268 -4.3684 3.45656 0.0096354 -4.37337 3.44017 0.0295888 -4.37773 3.4258 0.0511728 -4.38144 3.41358 0.0741659 -4.38445 3.40366 0.0983322 -4.38673 3.39612 0.123424 -4.38827 3.39106 0.149183 -4.38904 3.38851 0.175345 -4.38904 3.38851 0.201643 -4.38827 3.39106 0.227805 -4.38673 3.39612 0.253564 -4.38445 3.40366 0.278656 -4.38144 3.41358 0.302822 -4.37773 3.4258 0.325815 -4.37337 3.44017 0.347399 -4.3684 3.45656 0.367353 -4.36287 3.4748 0.385471 -4.35683 3.4947 0.401568 -4.35035 3.51606 0.415478 -4.3435 3.53865 0.427059 -4.33634 3.56225 0.436192 -4.32895 3.58661 0.442784 -4.3214 3.61149 0.446766 -4.3189 3.61086 -0.0697781 -4.32398 3.58537 -0.0657959 -4.32894 3.5604 -0.0592044 -4.33375 3.53621 -0.0500712 -4.33836 3.51305 -0.0384899 -4.34271 3.49117 -0.0245795 -4.34677 3.47077 -0.00848268 -4.35049 3.45208 0.0096354 -4.35383 3.43528 0.0295888 -4.35676 3.42054 0.0511728 -4.35925 3.40802 0.0741659 -4.36127 3.39785 0.0983322 -4.36281 3.39013 0.123424 -4.36384 3.38494 0.149183 -4.36436 3.38233 0.175345 -4.36436 3.38233 0.201643 -4.36384 3.38494 0.227805 -4.36281 3.39013 0.253564 -4.36127 3.39785 0.278656 -4.35925 3.40802 0.302822 -4.35676 3.42054 0.325815 -4.35383 3.43528 0.347399 -4.35049 3.45208 0.367353 -4.34677 3.47077 0.385471 -4.34271 3.49117 0.401568 -4.33836 3.51305 0.415478 -4.33375 3.53621 0.427059 -4.32894 3.5604 0.436192 -4.32398 3.58537 0.442784 -4.3189 3.61086 0.446766 -4.31635 3.61048 -0.0697781 -4.3189 3.58461 -0.0657959 -4.3214 3.55928 -0.0592044 -4.32381 3.53474 -0.0500712 -4.32613 3.51124 -0.0384899 -4.32832 3.48903 -0.0245795 -4.33035 3.46834 -0.00848268 -4.33222 3.44937 0.0096354 -4.3339 3.43232 0.0295888 -4.33537 3.41737 0.0511728 -4.33663 3.40467 0.0741659 -4.33764 3.39435 0.0983322 -4.33841 3.38651 0.123424 -4.33893 3.38125 0.149183 -4.33919 3.3786 0.175345 -4.33919 3.3786 0.201643 -4.33893 3.38125 0.227805 -4.33841 3.38651 0.253564 -4.33764 3.39435 0.278656 -4.33663 3.40467 0.302822 -4.33537 3.41737 0.325815 -4.3339 3.43232 0.347399 -4.33222 3.44937 0.367353 -4.33035 3.46834 0.385471 -4.32832 3.48903 0.401568 -4.32613 3.51124 0.415478 -4.32381 3.53474 0.427059 -4.3214 3.55928 0.436192 -4.3189 3.58461 0.442784 -4.31635 3.61048 0.446766 -4.31378 3.61036 -0.0697781 -4.31378 3.58436 -0.0657959 -4.31378 3.5589 -0.0592044 -4.31378 3.53424 -0.0500712 -4.31378 3.51063 -0.0384899 -4.31378 3.48832 -0.0245795 -4.31378 3.46752 -0.00848268 -4.31378 3.44846 0.0096354 -4.31378 3.43133 0.0295888 -4.31378 3.41631 0.0511728 -4.31378 3.40355 0.0741659 -4.31378 3.39318 0.0983322 -4.31378 3.3853 0.123424 -4.31378 3.38001 0.149183 -4.31378 3.37735 0.175345 -4.31378 3.37735 0.201643 -4.31378 3.38001 0.227805 -4.31378 3.3853 0.253564 -4.31378 3.39318 0.278656 -4.31378 3.40355 0.302822 -4.31378 3.41631 0.325815 -4.31378 3.43133 0.347399 -4.31378 3.44846 0.367353 -4.31378 3.46752 0.385471 -4.31378 3.48832 0.401568 -4.31378 3.51063 0.415478 -4.31378 3.53424 0.427059 -4.31378 3.5589 0.436192 -4.31378 3.58436 0.442784 -4.31378 3.61036 0.446766 -4.31121 3.61048 -0.0697781 -4.30866 3.58461 -0.0657959 -4.30616 3.55928 -0.0592044 -4.30375 3.53474 -0.0500712 -4.30143 3.51124 -0.0384899 -4.29924 3.48903 -0.0245795 -4.29721 3.46834 -0.00848268 -4.29534 3.44937 0.0096354 -4.29366 3.43232 0.0295888 -4.29219 3.41737 0.0511728 -4.29093 3.40467 0.0741659 -4.28992 3.39435 0.0983322 -4.28915 3.38651 0.123424 -4.28863 3.38125 0.149183 -4.28837 3.3786 0.175345 -4.28837 3.3786 0.201643 -4.28863 3.38125 0.227805 -4.28915 3.38651 0.253564 -4.28992 3.39435 0.278656 -4.29093 3.40467 0.302822 -4.29219 3.41737 0.325815 -4.29366 3.43232 0.347399 -4.29534 3.44937 0.367353 -4.29721 3.46834 0.385471 -4.29924 3.48903 0.401568 -4.30143 3.51124 0.415478 -4.30375 3.53474 0.427059 -4.30616 3.55928 0.436192 -4.30866 3.58461 0.442784 -4.31121 3.61048 0.446766 -4.30866 3.61086 -0.0697781 -4.30359 3.58537 -0.0657959 -4.29862 3.5604 -0.0592044 -4.29381 3.53621 -0.0500712 -4.2892 3.51305 -0.0384899 -4.28485 3.49117 -0.0245795 -4.28079 3.47077 -0.00848268 -4.27707 3.45208 0.0096354 -4.27373 3.43528 0.0295888 -4.2708 3.42054 0.0511728 -4.26831 3.40802 0.0741659 -4.26629 3.39785 0.0983322 -4.26475 3.39013 0.123424 -4.26372 3.38494 0.149183 -4.2632 3.38233 0.175345 -4.2632 3.38233 0.201643 -4.26372 3.38494 0.227805 -4.26475 3.39013 0.253564 -4.26629 3.39785 0.278656 -4.26831 3.40802 0.302822 -4.2708 3.42054 0.325815 -4.27373 3.43528 0.347399 -4.27707 3.45208 0.367353 -4.28079 3.47077 0.385471 -4.28485 3.49117 0.401568 -4.2892 3.51305 0.415478 -4.29381 3.53621 0.427059 -4.29862 3.5604 0.436192 -4.30359 3.58537 0.442784 -4.30866 3.61086 0.446766 -4.30616 3.61149 -0.0697781 -4.29861 3.58661 -0.0657959 -4.29122 3.56225 -0.0592044 -4.28406 3.53865 -0.0500712 -4.27721 3.51606 -0.0384899 -4.27073 3.4947 -0.0245795 -4.26469 3.4748 -0.00848268 -4.25916 3.45656 0.0096354 -4.25419 3.44017 0.0295888 -4.24983 3.4258 0.0511728 -4.24612 3.41358 0.0741659 -4.24311 3.40366 0.0983322 -4.24083 3.39612 0.123424 -4.23929 3.39106 0.149183 -4.23852 3.38851 0.175345 -4.23852 3.38851 0.201643 -4.23929 3.39106 0.227805 -4.24083 3.39612 0.253564 -4.24311 3.40366 0.278656 -4.24612 3.41358 0.302822 -4.24983 3.4258 0.325815 -4.25419 3.44017 0.347399 -4.25916 3.45656 0.367353 -4.26469 3.4748 0.385471 -4.27073 3.4947 0.401568 -4.27721 3.51606 0.415478 -4.28406 3.53865 0.427059 -4.29122 3.56225 0.436192 -4.29861 3.58661 0.442784 -4.30616 3.61149 0.446766 -4.30373 3.61236 -0.0697781 -4.29378 3.58834 -0.0657959 -4.28404 3.56482 -0.0592044 -4.2746 3.54204 -0.0500712 -4.26557 3.52022 -0.0384899 -4.25703 3.49961 -0.0245795 -4.24907 3.48039 -0.00848268 -4.24177 3.46278 0.0096354 -4.23522 3.44696 0.0295888 -4.22947 3.43308 0.0511728 -4.22459 3.42129 0.0741659 -4.22062 3.41171 0.0983322 -4.21761 3.40443 0.123424 -4.21558 3.39954 0.149183 -4.21456 3.39708 0.175345 -4.21456 3.39708 0.201643 -4.21558 3.39954 0.227805 -4.21761 3.40443 0.253564 -4.22062 3.41171 0.278656 -4.22459 3.42129 0.302822 -4.22947 3.43308 0.325815 -4.23522 3.44696 0.347399 -4.24177 3.46278 0.367353 -4.24907 3.48039 0.385471 -4.25703 3.49961 0.401568 -4.26557 3.52022 0.415478 -4.2746 3.54204 0.427059 -4.28404 3.56482 0.436192 -4.29378 3.58834 0.442784 -4.30373 3.61236 0.446766 -4.3014 3.61346 -0.0697781 -4.28915 3.59053 -0.0657959 -4.27714 3.56808 -0.0592044 -4.26552 3.54633 -0.0500712 -4.25439 3.52551 -0.0384899 -4.24387 3.50583 -0.0245795 -4.23407 3.48749 -0.00848268 -4.22508 3.47068 0.0096354 -4.21701 3.45557 0.0295888 -4.20993 3.44232 0.0511728 -4.20391 3.43107 0.0741659 -4.19902 3.42192 0.0983322 -4.19531 3.41498 0.123424 -4.19281 3.41031 0.149183 -4.19156 3.40796 0.175345 -4.19156 3.40796 0.201643 -4.19281 3.41031 0.227805 -4.19531 3.41498 0.253564 -4.19902 3.42192 0.278656 -4.20391 3.43107 0.302822 -4.20993 3.44232 0.325815 -4.21701 3.45557 0.347399 -4.22508 3.47068 0.367353 -4.23407 3.48749 0.385471 -4.24387 3.50583 0.401568 -4.25439 3.52551 0.415478 -4.26552 3.54633 0.427059 -4.27714 3.56808 0.436192 -4.28915 3.59053 0.442784 -4.3014 3.61346 0.446766 -4.29919 3.61478 -0.0697781 -4.28475 3.59317 -0.0657959 -4.2706 3.572 -0.0592044 -4.2569 3.5515 -0.0500712 -4.24379 3.53187 -0.0384899 -4.23139 3.51331 -0.0245795 -4.21983 3.49602 -0.00848268 -4.20924 3.48017 0.0096354 -4.19973 3.46593 0.0295888 -4.19138 3.45344 0.0511728 -4.18429 3.44283 0.0741659 -4.17853 3.4342 0.0983322 -4.17416 3.42766 0.123424 -4.17122 3.42326 0.149183 -4.16974 3.42104 0.175345 -4.16974 3.42104 0.201643 -4.17122 3.42326 0.227805 -4.17416 3.42766 0.253564 -4.17853 3.4342 0.278656 -4.18429 3.44283 0.302822 -4.19138 3.45344 0.325815 -4.19973 3.46593 0.347399 -4.20924 3.48017 0.367353 -4.21983 3.49602 0.385471 -4.23139 3.51331 0.401568 -4.24379 3.53187 0.415478 -4.2569 3.5515 0.427059 -4.2706 3.572 0.436192 -4.28475 3.59317 0.442784 -4.29919 3.61478 0.446766 -4.29712 3.61632 -0.0697781 -4.28063 3.59622 -0.0657959 -4.26448 3.57654 -0.0592044 -4.24883 3.55748 -0.0500712 -4.23386 3.53923 -0.0384899 -4.2197 3.52198 -0.0245795 -4.2065 3.5059 -0.00848268 -4.19441 3.49117 0.0096354 -4.18355 3.47793 0.0295888 -4.17402 3.46632 0.0511728 -4.16592 3.45645 0.0741659 -4.15934 3.44844 0.0983322 -4.15435 3.44235 0.123424 -4.15099 3.43826 0.149183 -4.1493 3.4362 0.175345 -4.1493 3.4362 0.201643 -4.15099 3.43826 0.227805 -4.15435 3.44235 0.253564 -4.15934 3.44844 0.278656 -4.16592 3.45645 0.302822 -4.17402 3.46632 0.325815 -4.18355 3.47793 0.347399 -4.19441 3.49117 0.367353 -4.2065 3.5059 0.385471 -4.2197 3.52198 0.401568 -4.23386 3.53923 0.415478 -4.24883 3.55748 0.427059 -4.26448 3.57654 0.436192 -4.28063 3.59622 0.442784 -4.29712 3.61632 0.446766 -4.29521 3.61805 -0.0697781 -4.27683 3.59967 -0.0657959 -4.25883 3.58167 -0.0592044 -4.24139 3.56423 -0.0500712 -4.22469 3.54753 -0.0384899 -4.20891 3.53175 -0.0245795 -4.19421 3.51705 -0.00848268 -4.18073 3.50357 0.0096354 -4.16862 3.49146 0.0295888 -4.158 3.48084 0.0511728 -4.14897 3.47181 0.0741659 -4.14164 3.46448 0.0983322 -4.13607 3.45891 0.123424 -4.13233 3.45517 0.149183 -4.13045 3.45329 0.175345 -4.13045 3.45329 0.201643 -4.13233 3.45517 0.227805 -4.13607 3.45891 0.253564 -4.14164 3.46448 0.278656 -4.14897 3.47181 0.302822 -4.158 3.48084 0.325815 -4.16862 3.49146 0.347399 -4.18073 3.50357 0.367353 -4.19421 3.51705 0.385471 -4.20891 3.53175 0.401568 -4.22469 3.54753 0.415478 -4.24139 3.56423 0.427059 -4.25883 3.58167 0.436192 -4.27683 3.59967 0.442784 -4.29521 3.61805 0.446766 -4.29348 3.61996 -0.0697781 -4.27338 3.60347 -0.0657959 -4.25371 3.58732 -0.0592044 -4.23464 3.57167 -0.0500712 -4.21639 3.55669 -0.0384899 -4.19914 3.54254 -0.0245795 -4.18306 3.52934 -0.00848268 -4.16833 3.51725 0.0096354 -4.15509 3.50639 0.0295888 -4.14348 3.49686 0.0511728 -4.13361 3.48876 0.0741659 -4.1256 3.48218 0.0983322 -4.11951 3.47719 0.123424 -4.11542 3.47383 0.149183 -4.11336 3.47214 0.175345 -4.11336 3.47214 0.201643 -4.11542 3.47383 0.227805 -4.11951 3.47719 0.253564 -4.1256 3.48218 0.278656 -4.13361 3.48876 0.302822 -4.14348 3.49686 0.325815 -4.15509 3.50639 0.347399 -4.16833 3.51725 0.367353 -4.18306 3.52934 0.385471 -4.19914 3.54254 0.401568 -4.21639 3.55669 0.415478 -4.23464 3.57167 0.427059 -4.25371 3.58732 0.436192 -4.27338 3.60347 0.442784 -4.29348 3.61996 0.446766 -4.29194 3.62203 -0.0697781 -4.27033 3.60759 -0.0657959 -4.24916 3.59344 -0.0592044 -4.22866 3.57974 -0.0500712 -4.20903 3.56663 -0.0384899 -4.19047 3.55423 -0.0245795 -4.17318 3.54267 -0.00848268 -4.15733 3.53208 0.0096354 -4.14309 3.52257 0.0295888 -4.1306 3.51422 0.0511728 -4.11999 3.50713 0.0741659 -4.11136 3.50137 0.0983322 -4.10482 3.497 0.123424 -4.10042 3.49405 0.149183 -4.0982 3.49258 0.175345 -4.0982 3.49258 0.201643 -4.10042 3.49405 0.227805 -4.10482 3.497 0.253564 -4.11136 3.50137 0.278656 -4.11999 3.50713 0.302822 -4.1306 3.51422 0.325815 -4.14309 3.52257 0.347399 -4.15733 3.53208 0.367353 -4.17318 3.54267 0.385471 -4.19047 3.55423 0.401568 -4.20903 3.56663 0.415478 -4.22866 3.57974 0.427059 -4.24916 3.59344 0.436192 -4.27033 3.60759 0.442784 -4.29194 3.62203 0.446766 -4.29062 3.62424 -0.0697781 -4.26769 3.61199 -0.0657959 -4.24524 3.59998 -0.0592044 -4.22349 3.58836 -0.0500712 -4.20267 3.57723 -0.0384899 -4.18299 3.56671 -0.0245795 -4.16465 3.55691 -0.00848268 -4.14784 3.54792 0.0096354 -4.13273 3.53985 0.0295888 -4.11948 3.53277 0.0511728 -4.10823 3.52675 0.0741659 -4.09908 3.52186 0.0983322 -4.09214 3.51815 0.123424 -4.08747 3.51565 0.149183 -4.08512 3.5144 0.175345 -4.08512 3.5144 0.201643 -4.08747 3.51565 0.227805 -4.09214 3.51815 0.253564 -4.09908 3.52186 0.278656 -4.10823 3.52675 0.302822 -4.11948 3.53277 0.325815 -4.13273 3.53985 0.347399 -4.14784 3.54792 0.367353 -4.16465 3.55691 0.385471 -4.18299 3.56671 0.401568 -4.20267 3.57723 0.415478 -4.22349 3.58836 0.427059 -4.24524 3.59998 0.436192 -4.26769 3.61199 0.442784 -4.29062 3.62424 0.446766 -4.28952 3.62657 -0.0697781 -4.2655 3.61662 -0.0657959 -4.24198 3.60688 -0.0592044 -4.2192 3.59744 -0.0500712 -4.19738 3.58841 -0.0384899 -4.17677 3.57987 -0.0245795 -4.15755 3.57191 -0.00848268 -4.13994 3.56461 0.0096354 -4.12412 3.55806 0.0295888 -4.11024 3.55231 0.0511728 -4.09845 3.54743 0.0741659 -4.08887 3.54346 0.0983322 -4.08159 3.54045 0.123424 -4.0767 3.53842 0.149183 -4.07424 3.5374 0.175345 -4.07424 3.5374 0.201643 -4.0767 3.53842 0.227805 -4.08159 3.54045 0.253564 -4.08887 3.54346 0.278656 -4.09845 3.54743 0.302822 -4.11024 3.55231 0.325815 -4.12412 3.55806 0.347399 -4.13994 3.56461 0.367353 -4.15755 3.57191 0.385471 -4.17677 3.57987 0.401568 -4.19738 3.58841 0.415478 -4.2192 3.59744 0.427059 -4.24198 3.60688 0.436192 -4.2655 3.61662 0.442784 -4.28952 3.62657 0.446766 -4.28865 3.629 -0.0697781 -4.26377 3.62145 -0.0657959 -4.23941 3.61406 -0.0592044 -4.21581 3.6069 -0.0500712 -4.19322 3.60005 -0.0384899 -4.17186 3.59357 -0.0245795 -4.15196 3.58753 -0.00848268 -4.13372 3.582 0.0096354 -4.11733 3.57703 0.0295888 -4.10295 3.57267 0.0511728 -4.09074 3.56896 0.0741659 -4.08082 3.56595 0.0983322 -4.07329 3.56367 0.123424 -4.06822 3.56213 0.149183 -4.06567 3.56136 0.175345 -4.06567 3.56136 0.201643 -4.06822 3.56213 0.227805 -4.07329 3.56367 0.253564 -4.08082 3.56595 0.278656 -4.09074 3.56896 0.302822 -4.10295 3.57267 0.325815 -4.11733 3.57703 0.347399 -4.13372 3.582 0.367353 -4.15196 3.58753 0.385471 -4.17186 3.59357 0.401568 -4.19322 3.60005 0.415478 -4.21581 3.6069 0.427059 -4.23941 3.61406 0.436192 -4.26377 3.62145 0.442784 -4.28865 3.629 0.446766 -4.28802 3.6315 -0.0697781 -4.26253 3.62643 -0.0657959 -4.23756 3.62146 -0.0592044 -4.21337 3.61665 -0.0500712 -4.19021 3.61204 -0.0384899 -4.16833 3.60769 -0.0245795 -4.14793 3.60363 -0.00848268 -4.12924 3.59991 0.0096354 -4.11244 3.59657 0.0295888 -4.0977 3.59364 0.0511728 -4.08518 3.59115 0.0741659 -4.07501 3.58913 0.0983322 -4.06729 3.58759 0.123424 -4.0621 3.58656 0.149183 -4.05949 3.58604 0.175345 -4.05949 3.58604 0.201643 -4.0621 3.58656 0.227805 -4.06729 3.58759 0.253564 -4.07501 3.58913 0.278656 -4.08518 3.59115 0.302822 -4.0977 3.59364 0.325815 -4.11244 3.59657 0.347399 -4.12924 3.59991 0.367353 -4.14793 3.60363 0.385471 -4.16833 3.60769 0.401568 -4.19021 3.61204 0.415478 -4.21337 3.61665 0.427059 -4.23756 3.62146 0.436192 -4.26253 3.62643 0.442784 -4.28802 3.6315 0.446766 -4.28764 3.63405 -0.0697781 -4.26177 3.6315 -0.0657959 -4.23644 3.629 -0.0592044 -4.2119 3.62659 -0.0500712 -4.1884 3.62427 -0.0384899 -4.16619 3.62208 -0.0245795 -4.1455 3.62005 -0.00848268 -4.12653 3.61818 0.0096354 -4.10948 3.6165 0.0295888 -4.09453 3.61503 0.0511728 -4.08183 3.61377 0.0741659 -4.07151 3.61276 0.0983322 -4.06367 3.61199 0.123424 -4.05841 3.61147 0.149183 -4.05576 3.61121 0.175345 -4.05576 3.61121 0.201643 -4.05841 3.61147 0.227805 -4.06367 3.61199 0.253564 -4.07151 3.61276 0.278656 -4.08183 3.61377 0.302822 -4.09453 3.61503 0.325815 -4.10948 3.6165 0.347399 -4.12653 3.61818 0.367353 -4.1455 3.62005 0.385471 -4.16619 3.62208 0.401568 -4.1884 3.62427 0.415478 -4.2119 3.62659 0.427059 -4.23644 3.629 0.436192 -4.26177 3.6315 0.442784 -4.28764 3.63405 0.446766 3.69365 -2.92865 0 3.69365 -2.92865 0.887876 3.69365 -2.61145 0 3.69365 -2.61145 0.887876 3.91627 -2.92865 0 3.91627 -2.92865 0.887876 3.91627 -2.61145 0 3.91627 -2.61145 0.887876 1.06337 -4.1132 0.160237 1.0769 -4.1132 0.160924 1.09029 -4.1132 0.162975 1.10341 -4.1132 0.166371 1.11612 -4.1132 0.171077 1.12828 -4.1132 0.177044 1.13978 -4.1132 0.184211 1.15049 -4.1132 0.192504 1.16031 -4.1132 0.201839 1.16914 -4.1132 0.212119 1.17688 -4.1132 0.22324 1.18345 -4.1132 0.235086 1.1888 -4.1132 0.247537 1.19285 -4.1132 0.260465 1.19558 -4.1132 0.273736 1.19695 -4.1132 0.287216 1.19695 -4.1132 0.300764 1.19558 -4.1132 0.314244 1.19285 -4.1132 0.327515 1.1888 -4.1132 0.340443 1.18345 -4.1132 0.352894 1.17688 -4.1132 0.36474 1.16914 -4.1132 0.375861 1.16031 -4.1132 0.386141 1.15049 -4.1132 0.395476 1.13978 -4.1132 0.403769 1.12828 -4.1132 0.410936 1.11612 -4.1132 0.416903 1.10341 -4.1132 0.421609 1.09029 -4.1132 0.425005 1.0769 -4.1132 0.427056 1.06337 -4.1132 0.427743 1.07684 -4.11187 0.160924 1.09016 -4.11056 0.162975 1.10322 -4.10928 0.166371 1.11586 -4.10803 0.171077 1.12797 -4.10684 0.177044 1.13941 -4.10571 0.184211 1.15007 -4.10466 0.192504 1.15985 -4.1037 0.201839 1.16863 -4.10283 0.212119 1.17633 -4.10207 0.22324 1.18288 -4.10143 0.235086 1.18819 -4.10091 0.247537 1.19223 -4.10051 0.260465 1.19494 -4.10024 0.273736 1.19631 -4.10011 0.287216 1.19631 -4.10011 0.300764 1.19494 -4.10024 0.314244 1.19223 -4.10051 0.327515 1.18819 -4.10091 0.340443 1.18288 -4.10143 0.352894 1.17633 -4.10207 0.36474 1.16863 -4.10283 0.375861 1.15985 -4.1037 0.386141 1.15007 -4.10466 0.395476 1.13941 -4.10571 0.403769 1.12797 -4.10684 0.410936 1.11586 -4.10803 0.416903 1.10322 -4.10928 0.421609 1.09016 -4.11056 0.425005 1.07684 -4.11187 0.427056 1.07664 -4.11056 0.160924 1.08978 -4.10795 0.162975 1.10264 -4.10539 0.166371 1.1151 -4.10291 0.171077 1.12703 -4.10054 0.177044 1.13831 -4.09829 0.184211 1.14882 -4.0962 0.192504 1.15845 -4.09429 0.201839 1.16711 -4.09257 0.212119 1.1747 -4.09106 0.22324 1.18115 -4.08977 0.235086 1.18639 -4.08873 0.247537 1.19036 -4.08794 0.260465 1.19304 -4.08741 0.273736 1.19438 -4.08714 0.287216 1.19438 -4.08714 0.300764 1.19304 -4.08741 0.314244 1.19036 -4.08794 0.327515 1.18639 -4.08873 0.340443 1.18115 -4.08977 0.352894 1.1747 -4.09106 0.36474 1.16711 -4.09257 0.375861 1.15845 -4.09429 0.386141 1.14882 -4.0962 0.395476 1.13831 -4.09829 0.403769 1.12703 -4.10054 0.410936 1.1151 -4.10291 0.416903 1.10264 -4.10539 0.421609 1.08978 -4.10795 0.425005 1.07664 -4.11056 0.427056 1.07632 -4.10927 0.160924 1.08913 -4.10538 0.162975 1.10169 -4.10158 0.166371 1.11384 -4.09789 0.171077 1.12549 -4.09436 0.177044 1.13649 -4.09102 0.184211 1.14674 -4.08791 0.192504 1.15614 -4.08506 0.201839 1.16458 -4.0825 0.212119 1.17199 -4.08025 0.22324 1.17828 -4.07834 0.235086 1.1834 -4.07679 0.247537 1.18728 -4.07561 0.260465 1.18989 -4.07482 0.273736 1.1912 -4.07442 0.287216 1.1912 -4.07442 0.300764 1.18989 -4.07482 0.314244 1.18728 -4.07561 0.327515 1.1834 -4.07679 0.340443 1.17828 -4.07834 0.352894 1.17199 -4.08025 0.36474 1.16458 -4.0825 0.375861 1.15614 -4.08506 0.386141 1.14674 -4.08791 0.395476 1.13649 -4.09102 0.403769 1.12549 -4.09436 0.410936 1.11384 -4.09789 0.416903 1.10169 -4.10158 0.421609 1.08913 -4.10538 0.425005 1.07632 -4.10927 0.427056 1.07587 -4.10802 0.160924 1.08824 -4.1029 0.162975 1.10036 -4.09788 0.166371 1.1121 -4.09301 0.171077 1.12334 -4.08836 0.177044 1.13396 -4.08396 0.184211 1.14386 -4.07986 0.192504 1.15293 -4.0761 0.201839 1.16109 -4.07272 0.212119 1.16824 -4.06976 0.22324 1.17431 -4.06725 0.235086 1.17925 -4.0652 0.247537 1.183 -4.06365 0.260465 1.18552 -4.06261 0.273736 1.18678 -4.06208 0.287216 1.18678 -4.06208 0.300764 1.18552 -4.06261 0.314244 1.183 -4.06365 0.327515 1.17925 -4.0652 0.340443 1.17431 -4.06725 0.352894 1.16824 -4.06976 0.36474 1.16109 -4.07272 0.375861 1.15293 -4.0761 0.386141 1.14386 -4.07986 0.395476 1.13396 -4.08396 0.403769 1.12334 -4.08836 0.410936 1.1121 -4.09301 0.416903 1.10036 -4.09788 0.421609 1.08824 -4.1029 0.425005 1.07587 -4.10802 0.427056 1.0753 -4.10682 0.160924 1.08712 -4.10051 0.162975 1.09868 -4.09433 0.166371 1.10989 -4.08834 0.171077 1.12062 -4.0826 0.177044 1.13076 -4.07718 0.184211 1.14021 -4.07213 0.192504 1.14887 -4.0675 0.201839 1.15665 -4.06334 0.212119 1.16348 -4.05969 0.22324 1.16927 -4.05659 0.235086 1.17399 -4.05407 0.247537 1.17756 -4.05216 0.260465 1.17997 -4.05088 0.273736 1.18118 -4.05023 0.287216 1.18118 -4.05023 0.300764 1.17997 -4.05088 0.314244 1.17756 -4.05216 0.327515 1.17399 -4.05407 0.340443 1.16927 -4.05659 0.352894 1.16348 -4.05969 0.36474 1.15665 -4.06334 0.375861 1.14887 -4.0675 0.386141 1.14021 -4.07213 0.395476 1.13076 -4.07718 0.403769 1.12062 -4.0826 0.410936 1.10989 -4.08834 0.416903 1.09868 -4.09433 0.421609 1.08712 -4.10051 0.425005 1.0753 -4.10682 0.427056 1.07462 -4.10568 0.160924 1.08576 -4.09824 0.162975 1.09666 -4.09095 0.166371 1.10723 -4.0839 0.171077 1.11734 -4.07714 0.177044 1.1269 -4.07075 0.184211 1.13581 -4.0648 0.192504 1.14398 -4.05934 0.201839 1.15131 -4.05444 0.212119 1.15775 -4.05014 0.22324 1.16322 -4.04648 0.235086 1.16766 -4.04352 0.247537 1.17103 -4.04126 0.260465 1.1733 -4.03975 0.273736 1.17444 -4.03899 0.287216 1.17444 -4.03899 0.300764 1.1733 -4.03975 0.314244 1.17103 -4.04126 0.327515 1.16766 -4.04352 0.340443 1.16322 -4.04648 0.352894 1.15775 -4.05014 0.36474 1.15131 -4.05444 0.375861 1.14398 -4.05934 0.386141 1.13581 -4.0648 0.395476 1.1269 -4.07075 0.403769 1.11734 -4.07714 0.410936 1.10723 -4.0839 0.416903 1.09666 -4.09095 0.421609 1.08576 -4.09824 0.425005 1.07462 -4.10568 0.427056 1.07383 -4.10462 0.160924 1.08418 -4.09612 0.162975 1.09432 -4.0878 0.166371 1.10414 -4.07974 0.171077 1.11355 -4.07202 0.177044 1.12243 -4.06473 0.184211 1.13072 -4.05793 0.192504 1.13831 -4.0517 0.201839 1.14513 -4.0461 0.212119 1.15111 -4.04119 0.22324 1.1562 -4.03702 0.235086 1.16033 -4.03363 0.247537 1.16346 -4.03106 0.260465 1.16557 -4.02933 0.273736 1.16663 -4.02846 0.287216 1.16663 -4.02846 0.300764 1.16557 -4.02933 0.314244 1.16346 -4.03106 0.327515 1.16033 -4.03363 0.340443 1.1562 -4.03702 0.352894 1.15111 -4.04119 0.36474 1.14513 -4.0461 0.375861 1.13831 -4.0517 0.386141 1.13072 -4.05793 0.395476 1.12243 -4.06473 0.403769 1.11355 -4.07202 0.410936 1.10414 -4.07974 0.416903 1.09432 -4.0878 0.421609 1.08418 -4.09612 0.425005 1.07383 -4.10462 0.427056 1.07294 -4.10363 0.160924 1.08241 -4.09416 0.162975 1.09168 -4.08489 0.166371 1.10067 -4.0759 0.171077 1.10927 -4.0673 0.177044 1.1174 -4.05917 0.184211 1.12498 -4.05159 0.192504 1.13192 -4.04465 0.201839 1.13816 -4.03841 0.212119 1.14363 -4.03294 0.22324 1.14828 -4.02829 0.235086 1.15206 -4.02451 0.247537 1.15493 -4.02164 0.260465 1.15686 -4.01971 0.273736 1.15783 -4.01874 0.287216 1.15783 -4.01874 0.300764 1.15686 -4.01971 0.314244 1.15493 -4.02164 0.327515 1.15206 -4.02451 0.340443 1.14828 -4.02829 0.352894 1.14363 -4.03294 0.36474 1.13816 -4.03841 0.375861 1.13192 -4.04465 0.386141 1.12498 -4.05159 0.395476 1.1174 -4.05917 0.403769 1.10927 -4.0673 0.410936 1.10067 -4.0759 0.416903 1.09168 -4.08489 0.421609 1.08241 -4.09416 0.425005 1.07294 -4.10363 0.427056 1.07195 -4.10274 0.160924 1.08045 -4.09239 0.162975 1.08877 -4.08225 0.166371 1.09683 -4.07243 0.171077 1.10455 -4.06302 0.177044 1.11184 -4.05414 0.184211 1.11864 -4.04585 0.192504 1.12487 -4.03826 0.201839 1.13047 -4.03144 0.212119 1.13538 -4.02546 0.22324 1.13955 -4.02037 0.235086 1.14294 -4.01624 0.247537 1.14551 -4.01311 0.260465 1.14724 -4.011 0.273736 1.14811 -4.00994 0.287216 1.14811 -4.00994 0.300764 1.14724 -4.011 0.314244 1.14551 -4.01311 0.327515 1.14294 -4.01624 0.340443 1.13955 -4.02037 0.352894 1.13538 -4.02546 0.36474 1.13047 -4.03144 0.375861 1.12487 -4.03826 0.386141 1.11864 -4.04585 0.395476 1.11184 -4.05414 0.403769 1.10455 -4.06302 0.410936 1.09683 -4.07243 0.416903 1.08877 -4.08225 0.421609 1.08045 -4.09239 0.425005 1.07195 -4.10274 0.427056 1.07089 -4.10195 0.160924 1.07833 -4.09081 0.162975 1.08562 -4.07991 0.166371 1.09267 -4.06934 0.171077 1.09943 -4.05923 0.177044 1.10582 -4.04967 0.184211 1.11177 -4.04076 0.192504 1.11723 -4.0326 0.201839 1.12213 -4.02526 0.212119 1.12643 -4.01882 0.22324 1.13008 -4.01335 0.235086 1.13305 -4.00891 0.247537 1.13531 -4.00554 0.260465 1.13682 -4.00327 0.273736 1.13758 -4.00213 0.287216 1.13758 -4.00213 0.300764 1.13682 -4.00327 0.314244 1.13531 -4.00554 0.327515 1.13305 -4.00891 0.340443 1.13008 -4.01335 0.352894 1.12643 -4.01882 0.36474 1.12213 -4.02526 0.375861 1.11723 -4.0326 0.386141 1.11177 -4.04076 0.395476 1.10582 -4.04967 0.403769 1.09943 -4.05923 0.410936 1.09267 -4.06934 0.416903 1.08562 -4.07991 0.421609 1.07833 -4.09081 0.425005 1.07089 -4.10195 0.427056 1.06975 -4.10127 0.160924 1.07606 -4.08946 0.162975 1.08224 -4.07789 0.166371 1.08823 -4.06668 0.171077 1.09397 -4.05595 0.177044 1.09939 -4.04581 0.184211 1.10444 -4.03636 0.192504 1.10907 -4.0277 0.201839 1.11323 -4.01992 0.212119 1.11688 -4.01309 0.22324 1.11998 -4.0073 0.235086 1.1225 -4.00258 0.247537 1.12441 -3.99901 0.260465 1.12569 -3.9966 0.273736 1.12634 -3.99539 0.287216 1.12634 -3.99539 0.300764 1.12569 -3.9966 0.314244 1.12441 -3.99901 0.327515 1.1225 -4.00258 0.340443 1.11998 -4.0073 0.352894 1.11688 -4.01309 0.36474 1.11323 -4.01992 0.375861 1.10907 -4.0277 0.386141 1.10444 -4.03636 0.395476 1.09939 -4.04581 0.403769 1.09397 -4.05595 0.410936 1.08823 -4.06668 0.416903 1.08224 -4.07789 0.421609 1.07606 -4.08946 0.425005 1.06975 -4.10127 0.427056 1.06855 -4.1007 0.160924 1.07367 -4.08833 0.162975 1.07869 -4.07621 0.166371 1.08356 -4.06447 0.171077 1.08821 -4.05323 0.177044 1.09261 -4.04261 0.184211 1.09671 -4.03271 0.192504 1.10047 -4.02364 0.201839 1.10385 -4.01548 0.212119 1.10681 -4.00833 0.22324 1.10932 -4.00226 0.235086 1.11137 -3.99732 0.247537 1.11292 -3.99357 0.260465 1.11396 -3.99105 0.273736 1.11449 -3.98979 0.287216 1.11449 -3.98979 0.300764 1.11396 -3.99105 0.314244 1.11292 -3.99357 0.327515 1.11137 -3.99732 0.340443 1.10932 -4.00226 0.352894 1.10681 -4.00833 0.36474 1.10385 -4.01548 0.375861 1.10047 -4.02364 0.386141 1.09671 -4.03271 0.395476 1.09261 -4.04261 0.403769 1.08821 -4.05323 0.410936 1.08356 -4.06447 0.416903 1.07869 -4.07621 0.421609 1.07367 -4.08833 0.425005 1.06855 -4.1007 0.427056 1.0673 -4.10025 0.160924 1.07119 -4.08744 0.162975 1.07499 -4.07488 0.166371 1.07868 -4.06273 0.171077 1.08221 -4.05108 0.177044 1.08555 -4.04008 0.184211 1.08866 -4.02983 0.192504 1.09151 -4.02043 0.201839 1.09407 -4.01199 0.212119 1.09632 -4.00458 0.22324 1.09823 -3.99829 0.235086 1.09978 -3.99317 0.247537 1.10096 -3.98929 0.260465 1.10175 -3.98668 0.273736 1.10215 -3.98537 0.287216 1.10215 -3.98537 0.300764 1.10175 -3.98668 0.314244 1.10096 -3.98929 0.327515 1.09978 -3.99317 0.340443 1.09823 -3.99829 0.352894 1.09632 -4.00458 0.36474 1.09407 -4.01199 0.375861 1.09151 -4.02043 0.386141 1.08866 -4.02983 0.395476 1.08555 -4.04008 0.403769 1.08221 -4.05108 0.410936 1.07868 -4.06273 0.416903 1.07499 -4.07488 0.421609 1.07119 -4.08744 0.425005 1.0673 -4.10025 0.427056 1.06601 -4.09993 0.160924 1.06862 -4.08679 0.162975 1.07118 -4.07393 0.166371 1.07366 -4.06147 0.171077 1.07603 -4.04954 0.177044 1.07828 -4.03826 0.184211 1.08037 -4.02775 0.192504 1.08228 -4.01812 0.201839 1.084 -4.00946 0.212119 1.08551 -4.00187 0.22324 1.0868 -3.99542 0.235086 1.08784 -3.99018 0.247537 1.08863 -3.98621 0.260465 1.08916 -3.98353 0.273736 1.08943 -3.98219 0.287216 1.08943 -3.98219 0.300764 1.08916 -3.98353 0.314244 1.08863 -3.98621 0.327515 1.08784 -3.99018 0.340443 1.0868 -3.99542 0.352894 1.08551 -4.00187 0.36474 1.084 -4.00946 0.375861 1.08228 -4.01812 0.386141 1.08037 -4.02775 0.395476 1.07828 -4.03826 0.403769 1.07603 -4.04954 0.410936 1.07366 -4.06147 0.416903 1.07118 -4.07393 0.421609 1.06862 -4.08679 0.425005 1.06601 -4.09993 0.427056 1.0647 -4.09973 0.160924 1.06601 -4.08641 0.162975 1.06729 -4.07335 0.166371 1.06854 -4.06071 0.171077 1.06973 -4.0486 0.177044 1.07086 -4.03716 0.184211 1.07191 -4.0265 0.192504 1.07287 -4.01672 0.201839 1.07374 -4.00794 0.212119 1.0745 -4.00024 0.22324 1.07514 -3.99369 0.235086 1.07566 -3.98838 0.247537 1.07606 -3.98434 0.260465 1.07633 -3.98163 0.273736 1.07646 -3.98026 0.287216 1.07646 -3.98026 0.300764 1.07633 -3.98163 0.314244 1.07606 -3.98434 0.327515 1.07566 -3.98838 0.340443 1.07514 -3.99369 0.352894 1.0745 -4.00024 0.36474 1.07374 -4.00794 0.375861 1.07287 -4.01672 0.386141 1.07191 -4.0265 0.395476 1.07086 -4.03716 0.403769 1.06973 -4.0486 0.410936 1.06854 -4.06071 0.416903 1.06729 -4.07335 0.421609 1.06601 -4.08641 0.425005 1.0647 -4.09973 0.427056 1.06337 -4.09967 0.160924 1.06337 -4.08628 0.162975 1.06337 -4.07316 0.166371 1.06337 -4.06045 0.171077 1.06337 -4.04829 0.177044 1.06337 -4.03679 0.184211 1.06337 -4.02608 0.192504 1.06337 -4.01626 0.201839 1.06337 -4.00743 0.212119 1.06337 -3.99969 0.22324 1.06337 -3.99312 0.235086 1.06337 -3.98777 0.247537 1.06337 -3.98372 0.260465 1.06337 -3.98099 0.273736 1.06337 -3.97962 0.287216 1.06337 -3.97962 0.300764 1.06337 -3.98099 0.314244 1.06337 -3.98372 0.327515 1.06337 -3.98777 0.340443 1.06337 -3.99312 0.352894 1.06337 -3.99969 0.36474 1.06337 -4.00743 0.375861 1.06337 -4.01626 0.386141 1.06337 -4.02608 0.395476 1.06337 -4.03679 0.403769 1.06337 -4.04829 0.410936 1.06337 -4.06045 0.416903 1.06337 -4.07316 0.421609 1.06337 -4.08628 0.425005 1.06337 -4.09967 0.427056 1.06204 -4.09973 0.160924 1.06073 -4.08641 0.162975 1.05945 -4.07335 0.166371 1.0582 -4.06071 0.171077 1.05701 -4.0486 0.177044 1.05588 -4.03716 0.184211 1.05483 -4.0265 0.192504 1.05387 -4.01672 0.201839 1.053 -4.00794 0.212119 1.05224 -4.00024 0.22324 1.0516 -3.99369 0.235086 1.05108 -3.98838 0.247537 1.05068 -3.98434 0.260465 1.05041 -3.98163 0.273736 1.05028 -3.98026 0.287216 1.05028 -3.98026 0.300764 1.05041 -3.98163 0.314244 1.05068 -3.98434 0.327515 1.05108 -3.98838 0.340443 1.0516 -3.99369 0.352894 1.05224 -4.00024 0.36474 1.053 -4.00794 0.375861 1.05387 -4.01672 0.386141 1.05483 -4.0265 0.395476 1.05588 -4.03716 0.403769 1.05701 -4.0486 0.410936 1.0582 -4.06071 0.416903 1.05945 -4.07335 0.421609 1.06073 -4.08641 0.425005 1.06204 -4.09973 0.427056 1.06073 -4.09993 0.160924 1.05812 -4.08679 0.162975 1.05556 -4.07393 0.166371 1.05308 -4.06147 0.171077 1.05071 -4.04954 0.177044 1.04846 -4.03826 0.184211 1.04637 -4.02775 0.192504 1.04446 -4.01812 0.201839 1.04274 -4.00946 0.212119 1.04123 -4.00187 0.22324 1.03994 -3.99542 0.235086 1.0389 -3.99018 0.247537 1.03811 -3.98621 0.260465 1.03758 -3.98353 0.273736 1.03731 -3.98219 0.287216 1.03731 -3.98219 0.300764 1.03758 -3.98353 0.314244 1.03811 -3.98621 0.327515 1.0389 -3.99018 0.340443 1.03994 -3.99542 0.352894 1.04123 -4.00187 0.36474 1.04274 -4.00946 0.375861 1.04446 -4.01812 0.386141 1.04637 -4.02775 0.395476 1.04846 -4.03826 0.403769 1.05071 -4.04954 0.410936 1.05308 -4.06147 0.416903 1.05556 -4.07393 0.421609 1.05812 -4.08679 0.425005 1.06073 -4.09993 0.427056 1.05944 -4.10025 0.160924 1.05555 -4.08744 0.162975 1.05175 -4.07488 0.166371 1.04806 -4.06273 0.171077 1.04453 -4.05108 0.177044 1.04119 -4.04008 0.184211 1.03808 -4.02983 0.192504 1.03523 -4.02043 0.201839 1.03267 -4.01199 0.212119 1.03042 -4.00458 0.22324 1.02851 -3.99829 0.235086 1.02696 -3.99317 0.247537 1.02578 -3.98929 0.260465 1.02499 -3.98668 0.273736 1.02459 -3.98537 0.287216 1.02459 -3.98537 0.300764 1.02499 -3.98668 0.314244 1.02578 -3.98929 0.327515 1.02696 -3.99317 0.340443 1.02851 -3.99829 0.352894 1.03042 -4.00458 0.36474 1.03267 -4.01199 0.375861 1.03523 -4.02043 0.386141 1.03808 -4.02983 0.395476 1.04119 -4.04008 0.403769 1.04453 -4.05108 0.410936 1.04806 -4.06273 0.416903 1.05175 -4.07488 0.421609 1.05555 -4.08744 0.425005 1.05944 -4.10025 0.427056 1.05819 -4.1007 0.160924 1.05307 -4.08833 0.162975 1.04805 -4.07621 0.166371 1.04318 -4.06447 0.171077 1.03853 -4.05323 0.177044 1.03413 -4.04261 0.184211 1.03003 -4.03271 0.192504 1.02627 -4.02364 0.201839 1.02289 -4.01548 0.212119 1.01993 -4.00833 0.22324 1.01742 -4.00226 0.235086 1.01537 -3.99732 0.247537 1.01382 -3.99357 0.260465 1.01278 -3.99105 0.273736 1.01225 -3.98979 0.287216 1.01225 -3.98979 0.300764 1.01278 -3.99105 0.314244 1.01382 -3.99357 0.327515 1.01537 -3.99732 0.340443 1.01742 -4.00226 0.352894 1.01993 -4.00833 0.36474 1.02289 -4.01548 0.375861 1.02627 -4.02364 0.386141 1.03003 -4.03271 0.395476 1.03413 -4.04261 0.403769 1.03853 -4.05323 0.410936 1.04318 -4.06447 0.416903 1.04805 -4.07621 0.421609 1.05307 -4.08833 0.425005 1.05819 -4.1007 0.427056 1.05699 -4.10127 0.160924 1.05068 -4.08946 0.162975 1.04449 -4.07789 0.166371 1.03851 -4.06668 0.171077 1.03277 -4.05595 0.177044 1.02735 -4.04581 0.184211 1.0223 -4.03636 0.192504 1.01767 -4.0277 0.201839 1.01351 -4.01992 0.212119 1.00986 -4.01309 0.22324 1.00676 -4.0073 0.235086 1.00424 -4.00258 0.247537 1.00233 -3.99901 0.260465 1.00105 -3.9966 0.273736 1.0004 -3.99539 0.287216 1.0004 -3.99539 0.300764 1.00105 -3.9966 0.314244 1.00233 -3.99901 0.327515 1.00424 -4.00258 0.340443 1.00676 -4.0073 0.352894 1.00986 -4.01309 0.36474 1.01351 -4.01992 0.375861 1.01767 -4.0277 0.386141 1.0223 -4.03636 0.395476 1.02735 -4.04581 0.403769 1.03277 -4.05595 0.410936 1.03851 -4.06668 0.416903 1.04449 -4.07789 0.421609 1.05068 -4.08946 0.425005 1.05699 -4.10127 0.427056 1.05585 -4.10195 0.160924 1.04841 -4.09081 0.162975 1.04112 -4.07991 0.166371 1.03407 -4.06934 0.171077 1.02731 -4.05923 0.177044 1.02092 -4.04967 0.184211 1.01497 -4.04076 0.192504 1.00951 -4.0326 0.201839 1.00461 -4.02526 0.212119 1.00031 -4.01882 0.22324 0.996655 -4.01335 0.235086 0.993687 -4.00891 0.247537 0.991433 -4.00554 0.260465 0.989918 -4.00327 0.273736 0.989156 -4.00213 0.287216 0.989156 -4.00213 0.300764 0.989918 -4.00327 0.314244 0.991433 -4.00554 0.327515 0.993687 -4.00891 0.340443 0.996655 -4.01335 0.352894 1.00031 -4.01882 0.36474 1.00461 -4.02526 0.375861 1.00951 -4.0326 0.386141 1.01497 -4.04076 0.395476 1.02092 -4.04967 0.403769 1.02731 -4.05923 0.410936 1.03407 -4.06934 0.416903 1.04112 -4.07991 0.421609 1.04841 -4.09081 0.425005 1.05585 -4.10195 0.427056 1.05479 -4.10274 0.160924 1.04629 -4.09239 0.162975 1.03797 -4.08225 0.166371 1.02991 -4.07243 0.171077 1.02219 -4.06302 0.177044 1.0149 -4.05414 0.184211 1.0081 -4.04585 0.192504 1.00187 -4.03826 0.201839 0.996271 -4.03144 0.212119 0.991361 -4.02546 0.22324 0.98719 -4.02037 0.235086 0.9838 -4.01624 0.247537 0.981227 -4.01311 0.260465 0.979497 -4.011 0.273736 0.978627 -4.00994 0.287216 0.978627 -4.00994 0.300764 0.979497 -4.011 0.314244 0.981227 -4.01311 0.327515 0.9838 -4.01624 0.340443 0.98719 -4.02037 0.352894 0.991361 -4.02546 0.36474 0.996271 -4.03144 0.375861 1.00187 -4.03826 0.386141 1.0081 -4.04585 0.395476 1.0149 -4.05414 0.403769 1.02219 -4.06302 0.410936 1.02991 -4.07243 0.416903 1.03797 -4.08225 0.421609 1.04629 -4.09239 0.425005 1.05479 -4.10274 0.427056 1.0538 -4.10363 0.160924 1.04433 -4.09416 0.162975 1.03506 -4.08489 0.166371 1.02607 -4.0759 0.171077 1.01747 -4.0673 0.177044 1.00934 -4.05917 0.184211 1.00176 -4.05159 0.192504 0.994821 -4.04465 0.201839 0.988581 -4.03841 0.212119 0.983108 -4.03294 0.22324 0.978458 -4.02829 0.235086 0.97468 -4.02451 0.247537 0.971812 -4.02164 0.260465 0.969883 -4.01971 0.273736 0.968914 -4.01874 0.287216 0.968914 -4.01874 0.300764 0.969883 -4.01971 0.314244 0.971812 -4.02164 0.327515 0.97468 -4.02451 0.340443 0.978458 -4.02829 0.352894 0.983108 -4.03294 0.36474 0.988581 -4.03841 0.375861 0.994821 -4.04465 0.386141 1.00176 -4.05159 0.395476 1.00934 -4.05917 0.403769 1.01747 -4.0673 0.410936 1.02607 -4.0759 0.416903 1.03506 -4.08489 0.421609 1.04433 -4.09416 0.425005 1.0538 -4.10363 0.427056 1.05291 -4.10462 0.160924 1.04256 -4.09612 0.162975 1.03242 -4.0878 0.166371 1.0226 -4.07974 0.171077 1.01319 -4.07202 0.177044 1.00431 -4.06473 0.184211 0.996023 -4.05793 0.192504 0.988432 -4.0517 0.201839 0.98161 -4.0461 0.212119 0.975627 -4.04119 0.22324 0.970544 -4.03702 0.235086 0.966414 -4.03363 0.247537 0.963278 -4.03106 0.260465 0.96117 -4.02933 0.273736 0.960111 -4.02846 0.287216 0.960111 -4.02846 0.300764 0.96117 -4.02933 0.314244 0.963278 -4.03106 0.327515 0.966414 -4.03363 0.340443 0.970544 -4.03702 0.352894 0.975627 -4.04119 0.36474 0.98161 -4.0461 0.375861 0.988432 -4.0517 0.386141 0.996023 -4.05793 0.395476 1.00431 -4.06473 0.403769 1.01319 -4.07202 0.410936 1.0226 -4.07974 0.416903 1.03242 -4.0878 0.421609 1.04256 -4.09612 0.425005 1.05291 -4.10462 0.427056 1.05212 -4.10568 0.160924 1.04098 -4.09824 0.162975 1.03008 -4.09095 0.166371 1.01951 -4.0839 0.171077 1.0094 -4.07714 0.177044 0.999839 -4.07075 0.184211 0.99093 -4.0648 0.192504 0.982765 -4.05934 0.201839 0.975427 -4.05444 0.212119 0.968991 -4.05014 0.22324 0.963524 -4.04648 0.235086 0.959081 -4.04352 0.247537 0.955709 -4.04126 0.260465 0.953441 -4.03975 0.273736 0.952302 -4.03899 0.287216 0.952302 -4.03899 0.300764 0.953441 -4.03975 0.314244 0.955709 -4.04126 0.327515 0.959081 -4.04352 0.340443 0.963524 -4.04648 0.352894 0.968991 -4.05014 0.36474 0.975427 -4.05444 0.375861 0.982765 -4.05934 0.386141 0.99093 -4.0648 0.395476 0.999839 -4.07075 0.403769 1.0094 -4.07714 0.410936 1.01951 -4.0839 0.416903 1.03008 -4.09095 0.421609 1.04098 -4.09824 0.425005 1.05212 -4.10568 0.427056 1.05144 -4.10682 0.160924 1.03962 -4.10051 0.162975 1.02806 -4.09433 0.166371 1.01685 -4.08834 0.171077 1.00612 -4.0826 0.177044 0.995984 -4.07718 0.184211 0.986535 -4.07213 0.192504 0.977874 -4.0675 0.201839 0.970091 -4.06334 0.212119 0.963265 -4.05969 0.22324 0.957466 -4.05659 0.235086 0.952753 -4.05407 0.247537 0.949176 -4.05216 0.260465 0.946771 -4.05088 0.273736 0.945562 -4.05023 0.287216 0.945562 -4.05023 0.300764 0.946771 -4.05088 0.314244 0.949176 -4.05216 0.327515 0.952753 -4.05407 0.340443 0.957466 -4.05659 0.352894 0.963265 -4.05969 0.36474 0.970091 -4.06334 0.375861 0.977874 -4.0675 0.386141 0.986535 -4.07213 0.395476 0.995984 -4.07718 0.403769 1.00612 -4.0826 0.410936 1.01685 -4.08834 0.416903 1.02806 -4.09433 0.421609 1.03962 -4.10051 0.425005 1.05144 -4.10682 0.427056 1.05087 -4.10802 0.160924 1.0385 -4.1029 0.162975 1.02638 -4.09788 0.166371 1.01464 -4.09301 0.171077 1.0034 -4.08836 0.177044 0.992778 -4.08396 0.184211 0.982879 -4.07986 0.192504 0.973806 -4.0761 0.201839 0.965653 -4.07272 0.212119 0.958502 -4.06976 0.22324 0.952427 -4.06725 0.235086 0.947491 -4.0652 0.247537 0.943744 -4.06365 0.260465 0.941224 -4.06261 0.273736 0.939957 -4.06208 0.287216 0.939957 -4.06208 0.300764 0.941224 -4.06261 0.314244 0.943744 -4.06365 0.327515 0.947491 -4.0652 0.340443 0.952427 -4.06725 0.352894 0.958502 -4.06976 0.36474 0.965653 -4.07272 0.375861 0.973806 -4.0761 0.386141 0.982879 -4.07986 0.395476 0.992778 -4.08396 0.403769 1.0034 -4.08836 0.410936 1.01464 -4.09301 0.416903 1.02638 -4.09788 0.421609 1.0385 -4.1029 0.425005 1.05087 -4.10802 0.427056 1.05042 -4.10927 0.160924 1.03761 -4.10538 0.162975 1.02505 -4.10158 0.166371 1.0129 -4.09789 0.171077 1.00125 -4.09436 0.177044 0.990252 -4.09102 0.184211 0.979999 -4.08791 0.192504 0.970601 -4.08506 0.201839 0.962156 -4.0825 0.212119 0.954749 -4.08025 0.22324 0.948457 -4.07834 0.235086 0.943344 -4.07679 0.247537 0.939463 -4.07561 0.260465 0.936853 -4.07482 0.273736 0.935541 -4.07442 0.287216 0.935541 -4.07442 0.300764 0.936853 -4.07482 0.314244 0.939463 -4.07561 0.327515 0.943344 -4.07679 0.340443 0.948457 -4.07834 0.352894 0.954749 -4.08025 0.36474 0.962156 -4.0825 0.375861 0.970601 -4.08506 0.386141 0.979999 -4.08791 0.395476 0.990252 -4.09102 0.403769 1.00125 -4.09436 0.410936 1.0129 -4.09789 0.416903 1.02505 -4.10158 0.421609 1.03761 -4.10538 0.425005 1.05042 -4.10927 0.427056 1.0501 -4.11056 0.160924 1.03696 -4.10795 0.162975 1.0241 -4.10539 0.166371 1.01164 -4.10291 0.171077 0.999707 -4.10054 0.177044 0.98843 -4.09829 0.184211 0.977921 -4.0962 0.192504 0.96829 -4.09429 0.201839 0.959634 -4.09257 0.212119 0.952043 -4.09106 0.22324 0.945594 -4.08977 0.235086 0.940353 -4.08873 0.247537 0.936375 -4.08794 0.260465 0.9337 -4.08741 0.273736 0.932356 -4.08714 0.287216 0.932356 -4.08714 0.300764 0.9337 -4.08741 0.314244 0.936375 -4.08794 0.327515 0.940353 -4.08873 0.340443 0.945594 -4.08977 0.352894 0.952043 -4.09106 0.36474 0.959634 -4.09257 0.375861 0.96829 -4.09429 0.386141 0.977921 -4.0962 0.395476 0.98843 -4.09829 0.403769 0.999707 -4.10054 0.410936 1.01164 -4.10291 0.416903 1.0241 -4.10539 0.421609 1.03696 -4.10795 0.425005 1.0501 -4.11056 0.427056 1.0499 -4.11187 0.160924 1.03658 -4.11056 0.162975 1.02352 -4.10928 0.166371 1.01088 -4.10803 0.171077 0.998772 -4.10684 0.177044 0.987329 -4.10571 0.184211 0.976667 -4.10466 0.192504 0.966894 -4.1037 0.201839 0.958111 -4.10283 0.212119 0.950408 -4.10207 0.22324 0.943865 -4.10143 0.235086 0.938547 -4.10091 0.247537 0.934511 -4.10051 0.260465 0.931796 -4.10024 0.273736 0.930432 -4.10011 0.287216 0.930432 -4.10011 0.300764 0.931796 -4.10024 0.314244 0.934511 -4.10051 0.327515 0.938547 -4.10091 0.340443 0.943865 -4.10143 0.352894 0.950408 -4.10207 0.36474 0.958111 -4.10283 0.375861 0.966894 -4.1037 0.386141 0.976667 -4.10466 0.395476 0.987329 -4.10571 0.403769 0.998772 -4.10684 0.410936 1.01088 -4.10803 0.416903 1.02352 -4.10928 0.421609 1.03658 -4.11056 0.425005 1.0499 -4.11187 0.427056 1.04984 -4.1132 0.160924 1.03645 -4.1132 0.162975 1.02333 -4.1132 0.166371 1.01062 -4.1132 0.171077 0.99846 -4.1132 0.177044 0.986961 -4.1132 0.184211 0.976247 -4.1132 0.192504 0.966427 -4.1132 0.201839 0.957602 -4.1132 0.212119 0.949862 -4.1132 0.22324 0.943286 -4.1132 0.235086 0.937943 -4.1132 0.247537 0.933887 -4.1132 0.260465 0.93116 -4.1132 0.273736 0.929789 -4.1132 0.287216 0.929789 -4.1132 0.300764 0.93116 -4.1132 0.314244 0.933887 -4.1132 0.327515 0.937943 -4.1132 0.340443 0.943286 -4.1132 0.352894 0.949862 -4.1132 0.36474 0.957602 -4.1132 0.375861 0.966427 -4.1132 0.386141 0.976247 -4.1132 0.395476 0.986961 -4.1132 0.403769 0.99846 -4.1132 0.410936 1.01062 -4.1132 0.416903 1.02333 -4.1132 0.421609 1.03645 -4.1132 0.425005 1.04984 -4.1132 0.427056 1.0499 -4.11453 0.160924 1.03658 -4.11584 0.162975 1.02352 -4.11712 0.166371 1.01088 -4.11837 0.171077 0.998772 -4.11956 0.177044 0.987329 -4.12069 0.184211 0.976667 -4.12174 0.192504 0.966894 -4.1227 0.201839 0.958111 -4.12357 0.212119 0.950408 -4.12433 0.22324 0.943865 -4.12497 0.235086 0.938547 -4.12549 0.247537 0.934511 -4.12589 0.260465 0.931796 -4.12616 0.273736 0.930432 -4.12629 0.287216 0.930432 -4.12629 0.300764 0.931796 -4.12616 0.314244 0.934511 -4.12589 0.327515 0.938547 -4.12549 0.340443 0.943865 -4.12497 0.352894 0.950408 -4.12433 0.36474 0.958111 -4.12357 0.375861 0.966894 -4.1227 0.386141 0.976667 -4.12174 0.395476 0.987329 -4.12069 0.403769 0.998772 -4.11956 0.410936 1.01088 -4.11837 0.416903 1.02352 -4.11712 0.421609 1.03658 -4.11584 0.425005 1.0499 -4.11453 0.427056 1.0501 -4.11584 0.160924 1.03696 -4.11845 0.162975 1.0241 -4.12101 0.166371 1.01164 -4.12349 0.171077 0.999707 -4.12586 0.177044 0.98843 -4.12811 0.184211 0.977921 -4.1302 0.192504 0.96829 -4.13211 0.201839 0.959634 -4.13383 0.212119 0.952043 -4.13534 0.22324 0.945594 -4.13663 0.235086 0.940353 -4.13767 0.247537 0.936375 -4.13846 0.260465 0.9337 -4.13899 0.273736 0.932356 -4.13926 0.287216 0.932356 -4.13926 0.300764 0.9337 -4.13899 0.314244 0.936375 -4.13846 0.327515 0.940353 -4.13767 0.340443 0.945594 -4.13663 0.352894 0.952043 -4.13534 0.36474 0.959634 -4.13383 0.375861 0.96829 -4.13211 0.386141 0.977921 -4.1302 0.395476 0.98843 -4.12811 0.403769 0.999707 -4.12586 0.410936 1.01164 -4.12349 0.416903 1.0241 -4.12101 0.421609 1.03696 -4.11845 0.425005 1.0501 -4.11584 0.427056 1.05042 -4.11713 0.160924 1.03761 -4.12102 0.162975 1.02505 -4.12482 0.166371 1.0129 -4.12851 0.171077 1.00125 -4.13204 0.177044 0.990252 -4.13538 0.184211 0.979999 -4.13849 0.192504 0.970601 -4.14134 0.201839 0.962156 -4.1439 0.212119 0.954749 -4.14615 0.22324 0.948457 -4.14806 0.235086 0.943344 -4.14961 0.247537 0.939463 -4.15079 0.260465 0.936853 -4.15158 0.273736 0.935541 -4.15198 0.287216 0.935541 -4.15198 0.300764 0.936853 -4.15158 0.314244 0.939463 -4.15079 0.327515 0.943344 -4.14961 0.340443 0.948457 -4.14806 0.352894 0.954749 -4.14615 0.36474 0.962156 -4.1439 0.375861 0.970601 -4.14134 0.386141 0.979999 -4.13849 0.395476 0.990252 -4.13538 0.403769 1.00125 -4.13204 0.410936 1.0129 -4.12851 0.416903 1.02505 -4.12482 0.421609 1.03761 -4.12102 0.425005 1.05042 -4.11713 0.427056 1.05087 -4.11838 0.160924 1.0385 -4.1235 0.162975 1.02638 -4.12852 0.166371 1.01464 -4.13339 0.171077 1.0034 -4.13804 0.177044 0.992778 -4.14244 0.184211 0.982879 -4.14654 0.192504 0.973806 -4.1503 0.201839 0.965653 -4.15368 0.212119 0.958502 -4.15664 0.22324 0.952427 -4.15915 0.235086 0.947491 -4.1612 0.247537 0.943744 -4.16275 0.260465 0.941224 -4.16379 0.273736 0.939957 -4.16432 0.287216 0.939957 -4.16432 0.300764 0.941224 -4.16379 0.314244 0.943744 -4.16275 0.327515 0.947491 -4.1612 0.340443 0.952427 -4.15915 0.352894 0.958502 -4.15664 0.36474 0.965653 -4.15368 0.375861 0.973806 -4.1503 0.386141 0.982879 -4.14654 0.395476 0.992778 -4.14244 0.403769 1.0034 -4.13804 0.410936 1.01464 -4.13339 0.416903 1.02638 -4.12852 0.421609 1.0385 -4.1235 0.425005 1.05087 -4.11838 0.427056 1.05144 -4.11958 0.160924 1.03962 -4.12589 0.162975 1.02806 -4.13207 0.166371 1.01685 -4.13806 0.171077 1.00612 -4.1438 0.177044 0.995984 -4.14922 0.184211 0.986535 -4.15427 0.192504 0.977874 -4.1589 0.201839 0.970091 -4.16306 0.212119 0.963265 -4.16671 0.22324 0.957466 -4.16981 0.235086 0.952753 -4.17233 0.247537 0.949176 -4.17424 0.260465 0.946771 -4.17552 0.273736 0.945562 -4.17617 0.287216 0.945562 -4.17617 0.300764 0.946771 -4.17552 0.314244 0.949176 -4.17424 0.327515 0.952753 -4.17233 0.340443 0.957466 -4.16981 0.352894 0.963265 -4.16671 0.36474 0.970091 -4.16306 0.375861 0.977874 -4.1589 0.386141 0.986535 -4.15427 0.395476 0.995984 -4.14922 0.403769 1.00612 -4.1438 0.410936 1.01685 -4.13806 0.416903 1.02806 -4.13207 0.421609 1.03962 -4.12589 0.425005 1.05144 -4.11958 0.427056 1.05212 -4.12072 0.160924 1.04098 -4.12816 0.162975 1.03008 -4.13545 0.166371 1.01951 -4.1425 0.171077 1.0094 -4.14926 0.177044 0.999839 -4.15565 0.184211 0.99093 -4.1616 0.192504 0.982765 -4.16706 0.201839 0.975427 -4.17196 0.212119 0.968991 -4.17626 0.22324 0.963524 -4.17991 0.235086 0.959081 -4.18288 0.247537 0.955709 -4.18514 0.260465 0.953441 -4.18665 0.273736 0.952302 -4.18741 0.287216 0.952302 -4.18741 0.300764 0.953441 -4.18665 0.314244 0.955709 -4.18514 0.327515 0.959081 -4.18288 0.340443 0.963524 -4.17991 0.352894 0.968991 -4.17626 0.36474 0.975427 -4.17196 0.375861 0.982765 -4.16706 0.386141 0.99093 -4.1616 0.395476 0.999839 -4.15565 0.403769 1.0094 -4.14926 0.410936 1.01951 -4.1425 0.416903 1.03008 -4.13545 0.421609 1.04098 -4.12816 0.425005 1.05212 -4.12072 0.427056 1.05291 -4.12178 0.160924 1.04256 -4.13028 0.162975 1.03242 -4.1386 0.166371 1.0226 -4.14666 0.171077 1.01319 -4.15438 0.177044 1.00431 -4.16167 0.184211 0.996023 -4.16847 0.192504 0.988432 -4.1747 0.201839 0.98161 -4.1803 0.212119 0.975627 -4.18521 0.22324 0.970544 -4.18938 0.235086 0.966414 -4.19277 0.247537 0.963278 -4.19534 0.260465 0.96117 -4.19707 0.273736 0.960111 -4.19794 0.287216 0.960111 -4.19794 0.300764 0.96117 -4.19707 0.314244 0.963278 -4.19534 0.327515 0.966414 -4.19277 0.340443 0.970544 -4.18938 0.352894 0.975627 -4.18521 0.36474 0.98161 -4.1803 0.375861 0.988432 -4.1747 0.386141 0.996023 -4.16847 0.395476 1.00431 -4.16167 0.403769 1.01319 -4.15438 0.410936 1.0226 -4.14666 0.416903 1.03242 -4.1386 0.421609 1.04256 -4.13028 0.425005 1.05291 -4.12178 0.427056 1.0538 -4.12277 0.160924 1.04433 -4.13224 0.162975 1.03506 -4.14151 0.166371 1.02607 -4.1505 0.171077 1.01747 -4.1591 0.177044 1.00934 -4.16723 0.184211 1.00176 -4.17481 0.192504 0.994821 -4.18175 0.201839 0.988581 -4.18799 0.212119 0.983108 -4.19346 0.22324 0.978458 -4.19811 0.235086 0.97468 -4.20189 0.247537 0.971812 -4.20476 0.260465 0.969883 -4.20669 0.273736 0.968914 -4.20766 0.287216 0.968914 -4.20766 0.300764 0.969883 -4.20669 0.314244 0.971812 -4.20476 0.327515 0.97468 -4.20189 0.340443 0.978458 -4.19811 0.352894 0.983108 -4.19346 0.36474 0.988581 -4.18799 0.375861 0.994821 -4.18175 0.386141 1.00176 -4.17481 0.395476 1.00934 -4.16723 0.403769 1.01747 -4.1591 0.410936 1.02607 -4.1505 0.416903 1.03506 -4.14151 0.421609 1.04433 -4.13224 0.425005 1.0538 -4.12277 0.427056 1.05479 -4.12366 0.160924 1.04629 -4.13401 0.162975 1.03797 -4.14415 0.166371 1.02991 -4.15397 0.171077 1.02219 -4.16338 0.177044 1.0149 -4.17226 0.184211 1.0081 -4.18055 0.192504 1.00187 -4.18814 0.201839 0.996271 -4.19496 0.212119 0.991361 -4.20094 0.22324 0.98719 -4.20603 0.235086 0.9838 -4.21016 0.247537 0.981227 -4.21329 0.260465 0.979497 -4.2154 0.273736 0.978627 -4.21646 0.287216 0.978627 -4.21646 0.300764 0.979497 -4.2154 0.314244 0.981227 -4.21329 0.327515 0.9838 -4.21016 0.340443 0.98719 -4.20603 0.352894 0.991361 -4.20094 0.36474 0.996271 -4.19496 0.375861 1.00187 -4.18814 0.386141 1.0081 -4.18055 0.395476 1.0149 -4.17226 0.403769 1.02219 -4.16338 0.410936 1.02991 -4.15397 0.416903 1.03797 -4.14415 0.421609 1.04629 -4.13401 0.425005 1.05479 -4.12366 0.427056 1.05585 -4.12445 0.160924 1.04841 -4.13559 0.162975 1.04112 -4.14649 0.166371 1.03407 -4.15706 0.171077 1.02731 -4.16717 0.177044 1.02092 -4.17673 0.184211 1.01497 -4.18564 0.192504 1.00951 -4.19381 0.201839 1.00461 -4.20114 0.212119 1.00031 -4.20758 0.22324 0.996655 -4.21305 0.235086 0.993687 -4.21749 0.247537 0.991433 -4.22086 0.260465 0.989918 -4.22313 0.273736 0.989156 -4.22427 0.287216 0.989156 -4.22427 0.300764 0.989918 -4.22313 0.314244 0.991433 -4.22086 0.327515 0.993687 -4.21749 0.340443 0.996655 -4.21305 0.352894 1.00031 -4.20758 0.36474 1.00461 -4.20114 0.375861 1.00951 -4.19381 0.386141 1.01497 -4.18564 0.395476 1.02092 -4.17673 0.403769 1.02731 -4.16717 0.410936 1.03407 -4.15706 0.416903 1.04112 -4.14649 0.421609 1.04841 -4.13559 0.425005 1.05585 -4.12445 0.427056 1.05699 -4.12513 0.160924 1.05068 -4.13695 0.162975 1.04449 -4.14851 0.166371 1.03851 -4.15972 0.171077 1.03277 -4.17045 0.177044 1.02735 -4.18059 0.184211 1.0223 -4.19004 0.192504 1.01767 -4.1987 0.201839 1.01351 -4.20648 0.212119 1.00986 -4.21331 0.22324 1.00676 -4.2191 0.235086 1.00424 -4.22382 0.247537 1.00233 -4.22739 0.260465 1.00105 -4.2298 0.273736 1.0004 -4.23101 0.287216 1.0004 -4.23101 0.300764 1.00105 -4.2298 0.314244 1.00233 -4.22739 0.327515 1.00424 -4.22382 0.340443 1.00676 -4.2191 0.352894 1.00986 -4.21331 0.36474 1.01351 -4.20648 0.375861 1.01767 -4.1987 0.386141 1.0223 -4.19004 0.395476 1.02735 -4.18059 0.403769 1.03277 -4.17045 0.410936 1.03851 -4.15972 0.416903 1.04449 -4.14851 0.421609 1.05068 -4.13695 0.425005 1.05699 -4.12513 0.427056 1.05819 -4.1257 0.160924 1.05307 -4.13807 0.162975 1.04805 -4.15019 0.166371 1.04318 -4.16193 0.171077 1.03853 -4.17317 0.177044 1.03413 -4.18379 0.184211 1.03003 -4.19369 0.192504 1.02627 -4.20276 0.201839 1.02289 -4.21092 0.212119 1.01993 -4.21807 0.22324 1.01742 -4.22414 0.235086 1.01537 -4.22908 0.247537 1.01382 -4.23283 0.260465 1.01278 -4.23535 0.273736 1.01225 -4.23661 0.287216 1.01225 -4.23661 0.300764 1.01278 -4.23535 0.314244 1.01382 -4.23283 0.327515 1.01537 -4.22908 0.340443 1.01742 -4.22414 0.352894 1.01993 -4.21807 0.36474 1.02289 -4.21092 0.375861 1.02627 -4.20276 0.386141 1.03003 -4.19369 0.395476 1.03413 -4.18379 0.403769 1.03853 -4.17317 0.410936 1.04318 -4.16193 0.416903 1.04805 -4.15019 0.421609 1.05307 -4.13807 0.425005 1.05819 -4.1257 0.427056 1.05944 -4.12615 0.160924 1.05555 -4.13896 0.162975 1.05175 -4.15152 0.166371 1.04806 -4.16367 0.171077 1.04453 -4.17532 0.177044 1.04119 -4.18632 0.184211 1.03808 -4.19657 0.192504 1.03523 -4.20597 0.201839 1.03267 -4.21441 0.212119 1.03042 -4.22182 0.22324 1.02851 -4.22811 0.235086 1.02696 -4.23323 0.247537 1.02578 -4.23711 0.260465 1.02499 -4.23972 0.273736 1.02459 -4.24103 0.287216 1.02459 -4.24103 0.300764 1.02499 -4.23972 0.314244 1.02578 -4.23711 0.327515 1.02696 -4.23323 0.340443 1.02851 -4.22811 0.352894 1.03042 -4.22182 0.36474 1.03267 -4.21441 0.375861 1.03523 -4.20597 0.386141 1.03808 -4.19657 0.395476 1.04119 -4.18632 0.403769 1.04453 -4.17532 0.410936 1.04806 -4.16367 0.416903 1.05175 -4.15152 0.421609 1.05555 -4.13896 0.425005 1.05944 -4.12615 0.427056 1.06073 -4.12647 0.160924 1.05812 -4.13961 0.162975 1.05556 -4.15247 0.166371 1.05308 -4.16493 0.171077 1.05071 -4.17686 0.177044 1.04846 -4.18814 0.184211 1.04637 -4.19865 0.192504 1.04446 -4.20828 0.201839 1.04274 -4.21694 0.212119 1.04123 -4.22453 0.22324 1.03994 -4.23098 0.235086 1.0389 -4.23622 0.247537 1.03811 -4.24019 0.260465 1.03758 -4.24287 0.273736 1.03731 -4.24421 0.287216 1.03731 -4.24421 0.300764 1.03758 -4.24287 0.314244 1.03811 -4.24019 0.327515 1.0389 -4.23622 0.340443 1.03994 -4.23098 0.352894 1.04123 -4.22453 0.36474 1.04274 -4.21694 0.375861 1.04446 -4.20828 0.386141 1.04637 -4.19865 0.395476 1.04846 -4.18814 0.403769 1.05071 -4.17686 0.410936 1.05308 -4.16493 0.416903 1.05556 -4.15247 0.421609 1.05812 -4.13961 0.425005 1.06073 -4.12647 0.427056 1.06204 -4.12667 0.160924 1.06073 -4.13999 0.162975 1.05945 -4.15305 0.166371 1.0582 -4.16569 0.171077 1.05701 -4.1778 0.177044 1.05588 -4.18924 0.184211 1.05483 -4.1999 0.192504 1.05387 -4.20968 0.201839 1.053 -4.21846 0.212119 1.05224 -4.22616 0.22324 1.0516 -4.23271 0.235086 1.05108 -4.23802 0.247537 1.05068 -4.24206 0.260465 1.05041 -4.24477 0.273736 1.05028 -4.24614 0.287216 1.05028 -4.24614 0.300764 1.05041 -4.24477 0.314244 1.05068 -4.24206 0.327515 1.05108 -4.23802 0.340443 1.0516 -4.23271 0.352894 1.05224 -4.22616 0.36474 1.053 -4.21846 0.375861 1.05387 -4.20968 0.386141 1.05483 -4.1999 0.395476 1.05588 -4.18924 0.403769 1.05701 -4.1778 0.410936 1.0582 -4.16569 0.416903 1.05945 -4.15305 0.421609 1.06073 -4.13999 0.425005 1.06204 -4.12667 0.427056 1.06337 -4.12673 0.160924 1.06337 -4.14012 0.162975 1.06337 -4.15324 0.166371 1.06337 -4.16595 0.171077 1.06337 -4.17811 0.177044 1.06337 -4.18961 0.184211 1.06337 -4.20032 0.192504 1.06337 -4.21014 0.201839 1.06337 -4.21897 0.212119 1.06337 -4.22671 0.22324 1.06337 -4.23328 0.235086 1.06337 -4.23863 0.247537 1.06337 -4.24268 0.260465 1.06337 -4.24541 0.273736 1.06337 -4.24678 0.287216 1.06337 -4.24678 0.300764 1.06337 -4.24541 0.314244 1.06337 -4.24268 0.327515 1.06337 -4.23863 0.340443 1.06337 -4.23328 0.352894 1.06337 -4.22671 0.36474 1.06337 -4.21897 0.375861 1.06337 -4.21014 0.386141 1.06337 -4.20032 0.395476 1.06337 -4.18961 0.403769 1.06337 -4.17811 0.410936 1.06337 -4.16595 0.416903 1.06337 -4.15324 0.421609 1.06337 -4.14012 0.425005 1.06337 -4.12673 0.427056 1.0647 -4.12667 0.160924 1.06601 -4.13999 0.162975 1.06729 -4.15305 0.166371 1.06854 -4.16569 0.171077 1.06973 -4.1778 0.177044 1.07086 -4.18924 0.184211 1.07191 -4.1999 0.192504 1.07287 -4.20968 0.201839 1.07374 -4.21846 0.212119 1.0745 -4.22616 0.22324 1.07514 -4.23271 0.235086 1.07566 -4.23802 0.247537 1.07606 -4.24206 0.260465 1.07633 -4.24477 0.273736 1.07646 -4.24614 0.287216 1.07646 -4.24614 0.300764 1.07633 -4.24477 0.314244 1.07606 -4.24206 0.327515 1.07566 -4.23802 0.340443 1.07514 -4.23271 0.352894 1.0745 -4.22616 0.36474 1.07374 -4.21846 0.375861 1.07287 -4.20968 0.386141 1.07191 -4.1999 0.395476 1.07086 -4.18924 0.403769 1.06973 -4.1778 0.410936 1.06854 -4.16569 0.416903 1.06729 -4.15305 0.421609 1.06601 -4.13999 0.425005 1.0647 -4.12667 0.427056 1.06601 -4.12647 0.160924 1.06862 -4.13961 0.162975 1.07118 -4.15247 0.166371 1.07366 -4.16493 0.171077 1.07603 -4.17686 0.177044 1.07828 -4.18814 0.184211 1.08037 -4.19865 0.192504 1.08228 -4.20828 0.201839 1.084 -4.21694 0.212119 1.08551 -4.22453 0.22324 1.0868 -4.23098 0.235086 1.08784 -4.23622 0.247537 1.08863 -4.24019 0.260465 1.08916 -4.24287 0.273736 1.08943 -4.24421 0.287216 1.08943 -4.24421 0.300764 1.08916 -4.24287 0.314244 1.08863 -4.24019 0.327515 1.08784 -4.23622 0.340443 1.0868 -4.23098 0.352894 1.08551 -4.22453 0.36474 1.084 -4.21694 0.375861 1.08228 -4.20828 0.386141 1.08037 -4.19865 0.395476 1.07828 -4.18814 0.403769 1.07603 -4.17686 0.410936 1.07366 -4.16493 0.416903 1.07118 -4.15247 0.421609 1.06862 -4.13961 0.425005 1.06601 -4.12647 0.427056 1.0673 -4.12615 0.160924 1.07119 -4.13896 0.162975 1.07499 -4.15152 0.166371 1.07868 -4.16367 0.171077 1.08221 -4.17532 0.177044 1.08555 -4.18632 0.184211 1.08866 -4.19657 0.192504 1.09151 -4.20597 0.201839 1.09407 -4.21441 0.212119 1.09632 -4.22182 0.22324 1.09823 -4.22811 0.235086 1.09978 -4.23323 0.247537 1.10096 -4.23711 0.260465 1.10175 -4.23972 0.273736 1.10215 -4.24103 0.287216 1.10215 -4.24103 0.300764 1.10175 -4.23972 0.314244 1.10096 -4.23711 0.327515 1.09978 -4.23323 0.340443 1.09823 -4.22811 0.352894 1.09632 -4.22182 0.36474 1.09407 -4.21441 0.375861 1.09151 -4.20597 0.386141 1.08866 -4.19657 0.395476 1.08555 -4.18632 0.403769 1.08221 -4.17532 0.410936 1.07868 -4.16367 0.416903 1.07499 -4.15152 0.421609 1.07119 -4.13896 0.425005 1.0673 -4.12615 0.427056 1.06855 -4.1257 0.160924 1.07367 -4.13807 0.162975 1.07869 -4.15019 0.166371 1.08356 -4.16193 0.171077 1.08821 -4.17317 0.177044 1.09261 -4.18379 0.184211 1.09671 -4.19369 0.192504 1.10047 -4.20276 0.201839 1.10385 -4.21092 0.212119 1.10681 -4.21807 0.22324 1.10932 -4.22414 0.235086 1.11137 -4.22908 0.247537 1.11292 -4.23283 0.260465 1.11396 -4.23535 0.273736 1.11449 -4.23661 0.287216 1.11449 -4.23661 0.300764 1.11396 -4.23535 0.314244 1.11292 -4.23283 0.327515 1.11137 -4.22908 0.340443 1.10932 -4.22414 0.352894 1.10681 -4.21807 0.36474 1.10385 -4.21092 0.375861 1.10047 -4.20276 0.386141 1.09671 -4.19369 0.395476 1.09261 -4.18379 0.403769 1.08821 -4.17317 0.410936 1.08356 -4.16193 0.416903 1.07869 -4.15019 0.421609 1.07367 -4.13807 0.425005 1.06855 -4.1257 0.427056 1.06975 -4.12513 0.160924 1.07606 -4.13695 0.162975 1.08224 -4.14851 0.166371 1.08823 -4.15972 0.171077 1.09397 -4.17045 0.177044 1.09939 -4.18059 0.184211 1.10444 -4.19004 0.192504 1.10907 -4.1987 0.201839 1.11323 -4.20648 0.212119 1.11688 -4.21331 0.22324 1.11998 -4.2191 0.235086 1.1225 -4.22382 0.247537 1.12441 -4.22739 0.260465 1.12569 -4.2298 0.273736 1.12634 -4.23101 0.287216 1.12634 -4.23101 0.300764 1.12569 -4.2298 0.314244 1.12441 -4.22739 0.327515 1.1225 -4.22382 0.340443 1.11998 -4.2191 0.352894 1.11688 -4.21331 0.36474 1.11323 -4.20648 0.375861 1.10907 -4.1987 0.386141 1.10444 -4.19004 0.395476 1.09939 -4.18059 0.403769 1.09397 -4.17045 0.410936 1.08823 -4.15972 0.416903 1.08224 -4.14851 0.421609 1.07606 -4.13695 0.425005 1.06975 -4.12513 0.427056 1.07089 -4.12445 0.160924 1.07833 -4.13559 0.162975 1.08562 -4.14649 0.166371 1.09267 -4.15706 0.171077 1.09943 -4.16717 0.177044 1.10582 -4.17673 0.184211 1.11177 -4.18564 0.192504 1.11723 -4.19381 0.201839 1.12213 -4.20114 0.212119 1.12643 -4.20758 0.22324 1.13008 -4.21305 0.235086 1.13305 -4.21749 0.247537 1.13531 -4.22086 0.260465 1.13682 -4.22313 0.273736 1.13758 -4.22427 0.287216 1.13758 -4.22427 0.300764 1.13682 -4.22313 0.314244 1.13531 -4.22086 0.327515 1.13305 -4.21749 0.340443 1.13008 -4.21305 0.352894 1.12643 -4.20758 0.36474 1.12213 -4.20114 0.375861 1.11723 -4.19381 0.386141 1.11177 -4.18564 0.395476 1.10582 -4.17673 0.403769 1.09943 -4.16717 0.410936 1.09267 -4.15706 0.416903 1.08562 -4.14649 0.421609 1.07833 -4.13559 0.425005 1.07089 -4.12445 0.427056 1.07195 -4.12366 0.160924 1.08045 -4.13401 0.162975 1.08877 -4.14415 0.166371 1.09683 -4.15397 0.171077 1.10455 -4.16338 0.177044 1.11184 -4.17226 0.184211 1.11864 -4.18055 0.192504 1.12487 -4.18814 0.201839 1.13047 -4.19496 0.212119 1.13538 -4.20094 0.22324 1.13955 -4.20603 0.235086 1.14294 -4.21016 0.247537 1.14551 -4.21329 0.260465 1.14724 -4.2154 0.273736 1.14811 -4.21646 0.287216 1.14811 -4.21646 0.300764 1.14724 -4.2154 0.314244 1.14551 -4.21329 0.327515 1.14294 -4.21016 0.340443 1.13955 -4.20603 0.352894 1.13538 -4.20094 0.36474 1.13047 -4.19496 0.375861 1.12487 -4.18814 0.386141 1.11864 -4.18055 0.395476 1.11184 -4.17226 0.403769 1.10455 -4.16338 0.410936 1.09683 -4.15397 0.416903 1.08877 -4.14415 0.421609 1.08045 -4.13401 0.425005 1.07195 -4.12366 0.427056 1.07294 -4.12277 0.160924 1.08241 -4.13224 0.162975 1.09168 -4.14151 0.166371 1.10067 -4.1505 0.171077 1.10927 -4.1591 0.177044 1.1174 -4.16723 0.184211 1.12498 -4.17481 0.192504 1.13192 -4.18175 0.201839 1.13816 -4.18799 0.212119 1.14363 -4.19346 0.22324 1.14828 -4.19811 0.235086 1.15206 -4.20189 0.247537 1.15493 -4.20476 0.260465 1.15686 -4.20669 0.273736 1.15783 -4.20766 0.287216 1.15783 -4.20766 0.300764 1.15686 -4.20669 0.314244 1.15493 -4.20476 0.327515 1.15206 -4.20189 0.340443 1.14828 -4.19811 0.352894 1.14363 -4.19346 0.36474 1.13816 -4.18799 0.375861 1.13192 -4.18175 0.386141 1.12498 -4.17481 0.395476 1.1174 -4.16723 0.403769 1.10927 -4.1591 0.410936 1.10067 -4.1505 0.416903 1.09168 -4.14151 0.421609 1.08241 -4.13224 0.425005 1.07294 -4.12277 0.427056 1.07383 -4.12178 0.160924 1.08418 -4.13028 0.162975 1.09432 -4.1386 0.166371 1.10414 -4.14666 0.171077 1.11355 -4.15438 0.177044 1.12243 -4.16167 0.184211 1.13072 -4.16847 0.192504 1.13831 -4.1747 0.201839 1.14513 -4.1803 0.212119 1.15111 -4.18521 0.22324 1.1562 -4.18938 0.235086 1.16033 -4.19277 0.247537 1.16346 -4.19534 0.260465 1.16557 -4.19707 0.273736 1.16663 -4.19794 0.287216 1.16663 -4.19794 0.300764 1.16557 -4.19707 0.314244 1.16346 -4.19534 0.327515 1.16033 -4.19277 0.340443 1.1562 -4.18938 0.352894 1.15111 -4.18521 0.36474 1.14513 -4.1803 0.375861 1.13831 -4.1747 0.386141 1.13072 -4.16847 0.395476 1.12243 -4.16167 0.403769 1.11355 -4.15438 0.410936 1.10414 -4.14666 0.416903 1.09432 -4.1386 0.421609 1.08418 -4.13028 0.425005 1.07383 -4.12178 0.427056 1.07462 -4.12072 0.160924 1.08576 -4.12816 0.162975 1.09666 -4.13545 0.166371 1.10723 -4.1425 0.171077 1.11734 -4.14926 0.177044 1.1269 -4.15565 0.184211 1.13581 -4.1616 0.192504 1.14398 -4.16706 0.201839 1.15131 -4.17196 0.212119 1.15775 -4.17626 0.22324 1.16322 -4.17991 0.235086 1.16766 -4.18288 0.247537 1.17103 -4.18514 0.260465 1.1733 -4.18665 0.273736 1.17444 -4.18741 0.287216 1.17444 -4.18741 0.300764 1.1733 -4.18665 0.314244 1.17103 -4.18514 0.327515 1.16766 -4.18288 0.340443 1.16322 -4.17991 0.352894 1.15775 -4.17626 0.36474 1.15131 -4.17196 0.375861 1.14398 -4.16706 0.386141 1.13581 -4.1616 0.395476 1.1269 -4.15565 0.403769 1.11734 -4.14926 0.410936 1.10723 -4.1425 0.416903 1.09666 -4.13545 0.421609 1.08576 -4.12816 0.425005 1.07462 -4.12072 0.427056 1.0753 -4.11958 0.160924 1.08712 -4.12589 0.162975 1.09868 -4.13207 0.166371 1.10989 -4.13806 0.171077 1.12062 -4.1438 0.177044 1.13076 -4.14922 0.184211 1.14021 -4.15427 0.192504 1.14887 -4.1589 0.201839 1.15665 -4.16306 0.212119 1.16348 -4.16671 0.22324 1.16927 -4.16981 0.235086 1.17399 -4.17233 0.247537 1.17756 -4.17424 0.260465 1.17997 -4.17552 0.273736 1.18118 -4.17617 0.287216 1.18118 -4.17617 0.300764 1.17997 -4.17552 0.314244 1.17756 -4.17424 0.327515 1.17399 -4.17233 0.340443 1.16927 -4.16981 0.352894 1.16348 -4.16671 0.36474 1.15665 -4.16306 0.375861 1.14887 -4.1589 0.386141 1.14021 -4.15427 0.395476 1.13076 -4.14922 0.403769 1.12062 -4.1438 0.410936 1.10989 -4.13806 0.416903 1.09868 -4.13207 0.421609 1.08712 -4.12589 0.425005 1.0753 -4.11958 0.427056 1.07587 -4.11838 0.160924 1.08824 -4.1235 0.162975 1.10036 -4.12852 0.166371 1.1121 -4.13339 0.171077 1.12334 -4.13804 0.177044 1.13396 -4.14244 0.184211 1.14386 -4.14654 0.192504 1.15293 -4.1503 0.201839 1.16109 -4.15368 0.212119 1.16824 -4.15664 0.22324 1.17431 -4.15915 0.235086 1.17925 -4.1612 0.247537 1.183 -4.16275 0.260465 1.18552 -4.16379 0.273736 1.18678 -4.16432 0.287216 1.18678 -4.16432 0.300764 1.18552 -4.16379 0.314244 1.183 -4.16275 0.327515 1.17925 -4.1612 0.340443 1.17431 -4.15915 0.352894 1.16824 -4.15664 0.36474 1.16109 -4.15368 0.375861 1.15293 -4.1503 0.386141 1.14386 -4.14654 0.395476 1.13396 -4.14244 0.403769 1.12334 -4.13804 0.410936 1.1121 -4.13339 0.416903 1.10036 -4.12852 0.421609 1.08824 -4.1235 0.425005 1.07587 -4.11838 0.427056 1.07632 -4.11713 0.160924 1.08913 -4.12102 0.162975 1.10169 -4.12482 0.166371 1.11384 -4.12851 0.171077 1.12549 -4.13204 0.177044 1.13649 -4.13538 0.184211 1.14674 -4.13849 0.192504 1.15614 -4.14134 0.201839 1.16458 -4.1439 0.212119 1.17199 -4.14615 0.22324 1.17828 -4.14806 0.235086 1.1834 -4.14961 0.247537 1.18728 -4.15079 0.260465 1.18989 -4.15158 0.273736 1.1912 -4.15198 0.287216 1.1912 -4.15198 0.300764 1.18989 -4.15158 0.314244 1.18728 -4.15079 0.327515 1.1834 -4.14961 0.340443 1.17828 -4.14806 0.352894 1.17199 -4.14615 0.36474 1.16458 -4.1439 0.375861 1.15614 -4.14134 0.386141 1.14674 -4.13849 0.395476 1.13649 -4.13538 0.403769 1.12549 -4.13204 0.410936 1.11384 -4.12851 0.416903 1.10169 -4.12482 0.421609 1.08913 -4.12102 0.425005 1.07632 -4.11713 0.427056 1.07664 -4.11584 0.160924 1.08978 -4.11845 0.162975 1.10264 -4.12101 0.166371 1.1151 -4.12349 0.171077 1.12703 -4.12586 0.177044 1.13831 -4.12811 0.184211 1.14882 -4.1302 0.192504 1.15845 -4.13211 0.201839 1.16711 -4.13383 0.212119 1.1747 -4.13534 0.22324 1.18115 -4.13663 0.235086 1.18639 -4.13767 0.247537 1.19036 -4.13846 0.260465 1.19304 -4.13899 0.273736 1.19438 -4.13926 0.287216 1.19438 -4.13926 0.300764 1.19304 -4.13899 0.314244 1.19036 -4.13846 0.327515 1.18639 -4.13767 0.340443 1.18115 -4.13663 0.352894 1.1747 -4.13534 0.36474 1.16711 -4.13383 0.375861 1.15845 -4.13211 0.386141 1.14882 -4.1302 0.395476 1.13831 -4.12811 0.403769 1.12703 -4.12586 0.410936 1.1151 -4.12349 0.416903 1.10264 -4.12101 0.421609 1.08978 -4.11845 0.425005 1.07664 -4.11584 0.427056 1.07684 -4.11453 0.160924 1.09016 -4.11584 0.162975 1.10322 -4.11712 0.166371 1.11586 -4.11837 0.171077 1.12797 -4.11956 0.177044 1.13941 -4.12069 0.184211 1.15007 -4.12174 0.192504 1.15985 -4.1227 0.201839 1.16863 -4.12357 0.212119 1.17633 -4.12433 0.22324 1.18288 -4.12497 0.235086 1.18819 -4.12549 0.247537 1.19223 -4.12589 0.260465 1.19494 -4.12616 0.273736 1.19631 -4.12629 0.287216 1.19631 -4.12629 0.300764 1.19494 -4.12616 0.314244 1.19223 -4.12589 0.327515 1.18819 -4.12549 0.340443 1.18288 -4.12497 0.352894 1.17633 -4.12433 0.36474 1.16863 -4.12357 0.375861 1.15985 -4.1227 0.386141 1.15007 -4.12174 0.395476 1.13941 -4.12069 0.403769 1.12797 -4.11956 0.410936 1.11586 -4.11837 0.416903 1.10322 -4.11712 0.421609 1.09016 -4.11584 0.425005 1.07684 -4.11453 0.427056 -4.39439 -3.62256 0.0792648 -4.38274 -3.62256 0.0798556 -4.37121 -3.62256 0.081622 -4.35992 -3.62256 0.0845458 -4.34898 -3.62256 0.0885971 -4.33851 -3.62256 0.0937342 -4.32861 -3.62256 0.0999045 -4.31938 -3.62256 0.107045 -4.31093 -3.62256 0.115081 -4.30333 -3.62256 0.123932 -4.29667 -3.62256 0.133506 -4.29101 -3.62256 0.143705 -4.28641 -3.62256 0.154425 -4.28291 -3.62256 0.165555 -4.28056 -3.62256 0.176981 -4.27938 -3.62256 0.188586 -4.27938 -3.62256 0.20025 -4.28056 -3.62256 0.211855 -4.28291 -3.62256 0.223281 -4.28641 -3.62256 0.234411 -4.29101 -3.62256 0.245131 -4.29667 -3.62256 0.25533 -4.30333 -3.62256 0.264904 -4.31093 -3.62256 0.273755 -4.31938 -3.62256 0.281791 -4.32861 -3.62256 0.288932 -4.33851 -3.62256 0.295102 -4.34898 -3.62256 0.300239 -4.35992 -3.62256 0.30429 -4.37121 -3.62256 0.307214 -4.38274 -3.62256 0.30898 -4.39439 -3.62256 0.309571 -4.3828 -3.62142 0.0798556 -4.37132 -3.62029 0.081622 -4.36008 -3.61918 0.0845458 -4.3492 -3.61811 0.0885971 -4.33878 -3.61708 0.0937342 -4.32892 -3.61611 0.0999045 -4.31974 -3.61521 0.107045 -4.31133 -3.61438 0.115081 -4.30377 -3.61363 0.123932 -4.29714 -3.61298 0.133506 -4.2915 -3.61243 0.143705 -4.28692 -3.61198 0.154425 -4.28345 -3.61163 0.165555 -4.28111 -3.6114 0.176981 -4.27994 -3.61129 0.188586 -4.27994 -3.61129 0.20025 -4.28111 -3.6114 0.211855 -4.28345 -3.61163 0.223281 -4.28692 -3.61198 0.234411 -4.2915 -3.61243 0.245131 -4.29714 -3.61298 0.25533 -4.30377 -3.61363 0.264904 -4.31133 -3.61438 0.273755 -4.31974 -3.61521 0.281791 -4.32892 -3.61611 0.288932 -4.33878 -3.61708 0.295102 -4.3492 -3.61811 0.300239 -4.36008 -3.61918 0.30429 -4.37132 -3.62029 0.307214 -4.3828 -3.62142 0.30898 -4.38296 -3.62029 0.0798556 -4.37166 -3.61804 0.081622 -4.36058 -3.61583 0.0845458 -4.34985 -3.6137 0.0885971 -4.33958 -3.61166 0.0937342 -4.32987 -3.60973 0.0999045 -4.32082 -3.60793 0.107045 -4.31253 -3.60628 0.115081 -4.30508 -3.60479 0.123932 -4.29854 -3.60349 0.133506 -4.29299 -3.60239 0.143705 -4.28848 -3.60149 0.154425 -4.28505 -3.60081 0.165555 -4.28275 -3.60035 0.176981 -4.28159 -3.60012 0.188586 -4.28159 -3.60012 0.20025 -4.28275 -3.60035 0.211855 -4.28505 -3.60081 0.223281 -4.28848 -3.60149 0.234411 -4.29299 -3.60239 0.245131 -4.29854 -3.60349 0.25533 -4.30508 -3.60479 0.264904 -4.31253 -3.60628 0.273755 -4.32082 -3.60793 0.281791 -4.32987 -3.60973 0.288932 -4.33958 -3.61166 0.295102 -4.34985 -3.6137 0.300239 -4.36058 -3.61583 0.30429 -4.37166 -3.61804 0.307214 -4.38296 -3.62029 0.30898 -4.38324 -3.61918 0.0798556 -4.37221 -3.61583 0.081622 -4.3614 -3.61255 0.0845458 -4.35093 -3.60938 0.0885971 -4.34091 -3.60634 0.0937342 -4.33144 -3.60346 0.0999045 -4.32261 -3.60079 0.107045 -4.31452 -3.59833 0.115081 -4.30725 -3.59613 0.123932 -4.30087 -3.59419 0.133506 -4.29546 -3.59255 0.143705 -4.29105 -3.59121 0.154425 -4.28771 -3.5902 0.165555 -4.28547 -3.58952 0.176981 -4.28434 -3.58918 0.188586 -4.28434 -3.58918 0.20025 -4.28547 -3.58952 0.211855 -4.28771 -3.5902 0.223281 -4.29105 -3.59121 0.234411 -4.29546 -3.59255 0.245131 -4.30087 -3.59419 0.25533 -4.30725 -3.59613 0.264904 -4.31452 -3.59833 0.273755 -4.32261 -3.60079 0.281791 -4.33144 -3.60346 0.288932 -4.34091 -3.60634 0.295102 -4.35093 -3.60938 0.300239 -4.3614 -3.61255 0.30429 -4.37221 -3.61583 0.307214 -4.38324 -3.61918 0.30898 -4.38363 -3.6181 0.0798556 -4.37297 -3.61369 0.081622 -4.36254 -3.60937 0.0845458 -4.35244 -3.60518 0.0885971 -4.34276 -3.60117 0.0937342 -4.33361 -3.59739 0.0999045 -4.32509 -3.59386 0.107045 -4.31728 -3.59062 0.115081 -4.31026 -3.58771 0.123932 -4.3041 -3.58516 0.133506 -4.29887 -3.583 0.143705 -4.29462 -3.58124 0.154425 -4.2914 -3.5799 0.165555 -4.28923 -3.579 0.176981 -4.28814 -3.57855 0.188586 -4.28814 -3.57855 0.20025 -4.28923 -3.579 0.211855 -4.2914 -3.5799 0.223281 -4.29462 -3.58124 0.234411 -4.29887 -3.583 0.245131 -4.3041 -3.58516 0.25533 -4.31026 -3.58771 0.264904 -4.31728 -3.59062 0.273755 -4.32509 -3.59386 0.281791 -4.33361 -3.59739 0.288932 -4.34276 -3.60117 0.295102 -4.35244 -3.60518 0.300239 -4.36254 -3.60937 0.30429 -4.37297 -3.61369 0.307214 -4.38363 -3.6181 0.30898 -4.38412 -3.61707 0.0798556 -4.37395 -3.61163 0.081622 -4.36399 -3.60631 0.0845458 -4.35434 -3.60115 0.0885971 -4.3451 -3.59622 0.0937342 -4.33637 -3.59155 0.0999045 -4.32824 -3.5872 0.107045 -4.32078 -3.58322 0.115081 -4.31408 -3.57963 0.123932 -4.30821 -3.57649 0.133506 -4.30321 -3.57382 0.143705 -4.29916 -3.57166 0.154425 -4.29608 -3.57001 0.165555 -4.294 -3.5689 0.176981 -4.29296 -3.56835 0.188586 -4.29296 -3.56835 0.20025 -4.294 -3.5689 0.211855 -4.29608 -3.57001 0.223281 -4.29916 -3.57166 0.234411 -4.30321 -3.57382 0.245131 -4.30821 -3.57649 0.25533 -4.31408 -3.57963 0.264904 -4.32078 -3.58322 0.273755 -4.32824 -3.5872 0.281791 -4.33637 -3.59155 0.288932 -4.3451 -3.59622 0.295102 -4.35434 -3.60115 0.300239 -4.36399 -3.60631 0.30429 -4.37395 -3.61163 0.307214 -4.38412 -3.61707 0.30898 -4.3847 -3.61609 0.0798556 -4.37512 -3.60968 0.081622 -4.36573 -3.60341 0.0845458 -4.35663 -3.59733 0.0885971 -4.34792 -3.59151 0.0937342 -4.33969 -3.58601 0.0999045 -4.33202 -3.58089 0.107045 -4.32499 -3.57619 0.115081 -4.31868 -3.57197 0.123932 -4.31314 -3.56827 0.133506 -4.30843 -3.56512 0.143705 -4.3046 -3.56257 0.154425 -4.3017 -3.56063 0.165555 -4.29975 -3.55932 0.176981 -4.29877 -3.55867 0.188586 -4.29877 -3.55867 0.20025 -4.29975 -3.55932 0.211855 -4.3017 -3.56063 0.223281 -4.3046 -3.56257 0.234411 -4.30843 -3.56512 0.245131 -4.31314 -3.56827 0.25533 -4.31868 -3.57197 0.264904 -4.32499 -3.57619 0.273755 -4.33202 -3.58089 0.281791 -4.33969 -3.58601 0.288932 -4.34792 -3.59151 0.295102 -4.35663 -3.59733 0.300239 -4.36573 -3.60341 0.30429 -4.37512 -3.60968 0.307214 -4.3847 -3.61609 0.30898 -4.38538 -3.61517 0.0798556 -4.37647 -3.60785 0.081622 -4.36774 -3.60069 0.0845458 -4.35929 -3.59375 0.0885971 -4.35119 -3.58711 0.0937342 -4.34354 -3.58083 0.0999045 -4.33641 -3.57498 0.107045 -4.32987 -3.56961 0.115081 -4.324 -3.56479 0.123932 -4.31885 -3.56056 0.133506 -4.31447 -3.55697 0.143705 -4.31092 -3.55405 0.154425 -4.30822 -3.55184 0.165555 -4.3064 -3.55035 0.176981 -4.30549 -3.5496 0.188586 -4.30549 -3.5496 0.20025 -4.3064 -3.55035 0.211855 -4.30822 -3.55184 0.223281 -4.31092 -3.55405 0.234411 -4.31447 -3.55697 0.245131 -4.31885 -3.56056 0.25533 -4.324 -3.56479 0.264904 -4.32987 -3.56961 0.273755 -4.33641 -3.57498 0.281791 -4.34354 -3.58083 0.288932 -4.35119 -3.58711 0.295102 -4.35929 -3.59375 0.300239 -4.36774 -3.60069 0.30429 -4.37647 -3.60785 0.307214 -4.38538 -3.61517 0.30898 -4.38615 -3.61432 0.0798556 -4.378 -3.60617 0.081622 -4.37001 -3.59818 0.0845458 -4.36228 -3.59045 0.0885971 -4.35487 -3.58304 0.0937342 -4.34787 -3.57604 0.0999045 -4.34135 -3.56952 0.107045 -4.33537 -3.56354 0.115081 -4.33 -3.55817 0.123932 -4.32529 -3.55346 0.133506 -4.32129 -3.54946 0.143705 -4.31803 -3.5462 0.154425 -4.31556 -3.54373 0.165555 -4.3139 -3.54207 0.176981 -4.31307 -3.54124 0.188586 -4.31307 -3.54124 0.20025 -4.3139 -3.54207 0.211855 -4.31556 -3.54373 0.223281 -4.31803 -3.5462 0.234411 -4.32129 -3.54946 0.245131 -4.32529 -3.55346 0.25533 -4.33 -3.55817 0.264904 -4.33537 -3.56354 0.273755 -4.34135 -3.56952 0.281791 -4.34787 -3.57604 0.288932 -4.35487 -3.58304 0.295102 -4.36228 -3.59045 0.300239 -4.37001 -3.59818 0.30429 -4.378 -3.60617 0.307214 -4.38615 -3.61432 0.30898 -4.387 -3.61355 0.0798556 -4.37968 -3.60464 0.081622 -4.37252 -3.59591 0.0845458 -4.36558 -3.58746 0.0885971 -4.35894 -3.57936 0.0937342 -4.35266 -3.57171 0.0999045 -4.34681 -3.56458 0.107045 -4.34144 -3.55804 0.115081 -4.33662 -3.55217 0.123932 -4.33239 -3.54702 0.133506 -4.3288 -3.54264 0.143705 -4.32588 -3.53909 0.154425 -4.32367 -3.53639 0.165555 -4.32218 -3.53457 0.176981 -4.32143 -3.53366 0.188586 -4.32143 -3.53366 0.20025 -4.32218 -3.53457 0.211855 -4.32367 -3.53639 0.223281 -4.32588 -3.53909 0.234411 -4.3288 -3.54264 0.245131 -4.33239 -3.54702 0.25533 -4.33662 -3.55217 0.264904 -4.34144 -3.55804 0.273755 -4.34681 -3.56458 0.281791 -4.35266 -3.57171 0.288932 -4.35894 -3.57936 0.295102 -4.36558 -3.58746 0.300239 -4.37252 -3.59591 0.30429 -4.37968 -3.60464 0.307214 -4.387 -3.61355 0.30898 -4.38792 -3.61287 0.0798556 -4.38151 -3.60329 0.081622 -4.37524 -3.5939 0.0845458 -4.36916 -3.5848 0.0885971 -4.36334 -3.57609 0.0937342 -4.35784 -3.56786 0.0999045 -4.35272 -3.56019 0.107045 -4.34802 -3.55316 0.115081 -4.3438 -3.54685 0.123932 -4.3401 -3.54131 0.133506 -4.33695 -3.5366 0.143705 -4.3344 -3.53277 0.154425 -4.33246 -3.52987 0.165555 -4.33115 -3.52792 0.176981 -4.3305 -3.52694 0.188586 -4.3305 -3.52694 0.20025 -4.33115 -3.52792 0.211855 -4.33246 -3.52987 0.223281 -4.3344 -3.53277 0.234411 -4.33695 -3.5366 0.245131 -4.3401 -3.54131 0.25533 -4.3438 -3.54685 0.264904 -4.34802 -3.55316 0.273755 -4.35272 -3.56019 0.281791 -4.35784 -3.56786 0.288932 -4.36334 -3.57609 0.295102 -4.36916 -3.5848 0.300239 -4.37524 -3.5939 0.30429 -4.38151 -3.60329 0.307214 -4.38792 -3.61287 0.30898 -4.3889 -3.61229 0.0798556 -4.38346 -3.60212 0.081622 -4.37814 -3.59216 0.0845458 -4.37298 -3.58251 0.0885971 -4.36805 -3.57327 0.0937342 -4.36338 -3.56454 0.0999045 -4.35903 -3.55641 0.107045 -4.35505 -3.54895 0.115081 -4.35146 -3.54225 0.123932 -4.34832 -3.53638 0.133506 -4.34565 -3.53138 0.143705 -4.34349 -3.52733 0.154425 -4.34184 -3.52425 0.165555 -4.34073 -3.52218 0.176981 -4.34018 -3.52113 0.188586 -4.34018 -3.52113 0.20025 -4.34073 -3.52218 0.211855 -4.34184 -3.52425 0.223281 -4.34349 -3.52733 0.234411 -4.34565 -3.53138 0.245131 -4.34832 -3.53638 0.25533 -4.35146 -3.54225 0.264904 -4.35505 -3.54895 0.273755 -4.35903 -3.55641 0.281791 -4.36338 -3.56454 0.288932 -4.36805 -3.57327 0.295102 -4.37298 -3.58251 0.300239 -4.37814 -3.59216 0.30429 -4.38346 -3.60212 0.307214 -4.3889 -3.61229 0.30898 -4.38993 -3.6118 0.0798556 -4.38552 -3.60114 0.081622 -4.3812 -3.59071 0.0845458 -4.37701 -3.58061 0.0885971 -4.373 -3.57093 0.0937342 -4.36922 -3.56178 0.0999045 -4.36569 -3.55326 0.107045 -4.36245 -3.54545 0.115081 -4.35954 -3.53843 0.123932 -4.35699 -3.53227 0.133506 -4.35483 -3.52704 0.143705 -4.35307 -3.52279 0.154425 -4.35173 -3.51957 0.165555 -4.35083 -3.5174 0.176981 -4.35038 -3.51631 0.188586 -4.35038 -3.51631 0.20025 -4.35083 -3.5174 0.211855 -4.35173 -3.51957 0.223281 -4.35307 -3.52279 0.234411 -4.35483 -3.52704 0.245131 -4.35699 -3.53227 0.25533 -4.35954 -3.53843 0.264904 -4.36245 -3.54545 0.273755 -4.36569 -3.55326 0.281791 -4.36922 -3.56178 0.288932 -4.373 -3.57093 0.295102 -4.37701 -3.58061 0.300239 -4.3812 -3.59071 0.30429 -4.38552 -3.60114 0.307214 -4.38993 -3.6118 0.30898 -4.39101 -3.61141 0.0798556 -4.38766 -3.60038 0.081622 -4.38438 -3.58957 0.0845458 -4.38121 -3.5791 0.0885971 -4.37817 -3.56908 0.0937342 -4.37529 -3.55961 0.0999045 -4.37262 -3.55078 0.107045 -4.37016 -3.54269 0.115081 -4.36796 -3.53542 0.123932 -4.36602 -3.52904 0.133506 -4.36438 -3.52363 0.143705 -4.36304 -3.51922 0.154425 -4.36203 -3.51588 0.165555 -4.36135 -3.51364 0.176981 -4.36101 -3.51251 0.188586 -4.36101 -3.51251 0.20025 -4.36135 -3.51364 0.211855 -4.36203 -3.51588 0.223281 -4.36304 -3.51922 0.234411 -4.36438 -3.52363 0.245131 -4.36602 -3.52904 0.25533 -4.36796 -3.53542 0.264904 -4.37016 -3.54269 0.273755 -4.37262 -3.55078 0.281791 -4.37529 -3.55961 0.288932 -4.37817 -3.56908 0.295102 -4.38121 -3.5791 0.300239 -4.38438 -3.58957 0.30429 -4.38766 -3.60038 0.307214 -4.39101 -3.61141 0.30898 -4.39212 -3.61113 0.0798556 -4.38987 -3.59983 0.081622 -4.38766 -3.58875 0.0845458 -4.38553 -3.57802 0.0885971 -4.38349 -3.56775 0.0937342 -4.38156 -3.55804 0.0999045 -4.37976 -3.54899 0.107045 -4.37811 -3.5407 0.115081 -4.37663 -3.53325 0.123932 -4.37533 -3.52671 0.133506 -4.37422 -3.52116 0.143705 -4.37332 -3.51665 0.154425 -4.37264 -3.51322 0.165555 -4.37218 -3.51092 0.176981 -4.37195 -3.50976 0.188586 -4.37195 -3.50976 0.20025 -4.37218 -3.51092 0.211855 -4.37264 -3.51322 0.223281 -4.37332 -3.51665 0.234411 -4.37422 -3.52116 0.245131 -4.37533 -3.52671 0.25533 -4.37663 -3.53325 0.264904 -4.37811 -3.5407 0.273755 -4.37976 -3.54899 0.281791 -4.38156 -3.55804 0.288932 -4.38349 -3.56775 0.295102 -4.38553 -3.57802 0.300239 -4.38766 -3.58875 0.30429 -4.38987 -3.59983 0.307214 -4.39212 -3.61113 0.30898 -4.39325 -3.61097 0.0798556 -4.39212 -3.59949 0.081622 -4.39101 -3.58825 0.0845458 -4.38994 -3.57737 0.0885971 -4.38891 -3.56695 0.0937342 -4.38794 -3.55709 0.0999045 -4.38704 -3.54791 0.107045 -4.38621 -3.5395 0.115081 -4.38546 -3.53194 0.123932 -4.38481 -3.52531 0.133506 -4.38426 -3.51967 0.143705 -4.38381 -3.51509 0.154425 -4.38346 -3.51162 0.165555 -4.38323 -3.50928 0.176981 -4.38312 -3.50811 0.188586 -4.38312 -3.50811 0.20025 -4.38323 -3.50928 0.211855 -4.38346 -3.51162 0.223281 -4.38381 -3.51509 0.234411 -4.38426 -3.51967 0.245131 -4.38481 -3.52531 0.25533 -4.38546 -3.53194 0.264904 -4.38621 -3.5395 0.273755 -4.38704 -3.54791 0.281791 -4.38794 -3.55709 0.288932 -4.38891 -3.56695 0.295102 -4.38994 -3.57737 0.300239 -4.39101 -3.58825 0.30429 -4.39212 -3.59949 0.307214 -4.39325 -3.61097 0.30898 -4.39439 -3.61091 0.0798556 -4.39439 -3.59938 0.081622 -4.39439 -3.58809 0.0845458 -4.39439 -3.57715 0.0885971 -4.39439 -3.56668 0.0937342 -4.39439 -3.55678 0.0999045 -4.39439 -3.54755 0.107045 -4.39439 -3.5391 0.115081 -4.39439 -3.5315 0.123932 -4.39439 -3.52484 0.133506 -4.39439 -3.51918 0.143705 -4.39439 -3.51457 0.154425 -4.39439 -3.51108 0.165555 -4.39439 -3.50873 0.176981 -4.39439 -3.50755 0.188586 -4.39439 -3.50755 0.20025 -4.39439 -3.50873 0.211855 -4.39439 -3.51108 0.223281 -4.39439 -3.51457 0.234411 -4.39439 -3.51918 0.245131 -4.39439 -3.52484 0.25533 -4.39439 -3.5315 0.264904 -4.39439 -3.5391 0.273755 -4.39439 -3.54755 0.281791 -4.39439 -3.55678 0.288932 -4.39439 -3.56668 0.295102 -4.39439 -3.57715 0.300239 -4.39439 -3.58809 0.30429 -4.39439 -3.59938 0.307214 -4.39439 -3.61091 0.30898 -4.39553 -3.61097 0.0798556 -4.39666 -3.59949 0.081622 -4.39777 -3.58825 0.0845458 -4.39884 -3.57737 0.0885971 -4.39987 -3.56695 0.0937342 -4.40084 -3.55709 0.0999045 -4.40174 -3.54791 0.107045 -4.40257 -3.5395 0.115081 -4.40332 -3.53194 0.123932 -4.40397 -3.52531 0.133506 -4.40452 -3.51967 0.143705 -4.40497 -3.51509 0.154425 -4.40532 -3.51162 0.165555 -4.40555 -3.50928 0.176981 -4.40566 -3.50811 0.188586 -4.40566 -3.50811 0.20025 -4.40555 -3.50928 0.211855 -4.40532 -3.51162 0.223281 -4.40497 -3.51509 0.234411 -4.40452 -3.51967 0.245131 -4.40397 -3.52531 0.25533 -4.40332 -3.53194 0.264904 -4.40257 -3.5395 0.273755 -4.40174 -3.54791 0.281791 -4.40084 -3.55709 0.288932 -4.39987 -3.56695 0.295102 -4.39884 -3.57737 0.300239 -4.39777 -3.58825 0.30429 -4.39666 -3.59949 0.307214 -4.39553 -3.61097 0.30898 -4.39666 -3.61113 0.0798556 -4.39891 -3.59983 0.081622 -4.40112 -3.58875 0.0845458 -4.40325 -3.57802 0.0885971 -4.40529 -3.56775 0.0937342 -4.40722 -3.55804 0.0999045 -4.40902 -3.54899 0.107045 -4.41067 -3.5407 0.115081 -4.41216 -3.53325 0.123932 -4.41346 -3.52671 0.133506 -4.41456 -3.52116 0.143705 -4.41546 -3.51665 0.154425 -4.41614 -3.51322 0.165555 -4.4166 -3.51092 0.176981 -4.41683 -3.50976 0.188586 -4.41683 -3.50976 0.20025 -4.4166 -3.51092 0.211855 -4.41614 -3.51322 0.223281 -4.41546 -3.51665 0.234411 -4.41456 -3.52116 0.245131 -4.41346 -3.52671 0.25533 -4.41216 -3.53325 0.264904 -4.41067 -3.5407 0.273755 -4.40902 -3.54899 0.281791 -4.40722 -3.55804 0.288932 -4.40529 -3.56775 0.295102 -4.40325 -3.57802 0.300239 -4.40112 -3.58875 0.30429 -4.39891 -3.59983 0.307214 -4.39666 -3.61113 0.30898 -4.39777 -3.61141 0.0798556 -4.40112 -3.60038 0.081622 -4.4044 -3.58957 0.0845458 -4.40757 -3.5791 0.0885971 -4.41061 -3.56908 0.0937342 -4.41349 -3.55961 0.0999045 -4.41616 -3.55078 0.107045 -4.41862 -3.54269 0.115081 -4.42082 -3.53542 0.123932 -4.42276 -3.52904 0.133506 -4.4244 -3.52363 0.143705 -4.42574 -3.51922 0.154425 -4.42675 -3.51588 0.165555 -4.42743 -3.51364 0.176981 -4.42777 -3.51251 0.188586 -4.42777 -3.51251 0.20025 -4.42743 -3.51364 0.211855 -4.42675 -3.51588 0.223281 -4.42574 -3.51922 0.234411 -4.4244 -3.52363 0.245131 -4.42276 -3.52904 0.25533 -4.42082 -3.53542 0.264904 -4.41862 -3.54269 0.273755 -4.41616 -3.55078 0.281791 -4.41349 -3.55961 0.288932 -4.41061 -3.56908 0.295102 -4.40757 -3.5791 0.300239 -4.4044 -3.58957 0.30429 -4.40112 -3.60038 0.307214 -4.39777 -3.61141 0.30898 -4.39885 -3.6118 0.0798556 -4.40326 -3.60114 0.081622 -4.40758 -3.59071 0.0845458 -4.41177 -3.58061 0.0885971 -4.41578 -3.57093 0.0937342 -4.41956 -3.56178 0.0999045 -4.42309 -3.55326 0.107045 -4.42633 -3.54545 0.115081 -4.42924 -3.53843 0.123932 -4.43179 -3.53227 0.133506 -4.43395 -3.52704 0.143705 -4.43571 -3.52279 0.154425 -4.43705 -3.51957 0.165555 -4.43795 -3.5174 0.176981 -4.4384 -3.51631 0.188586 -4.4384 -3.51631 0.20025 -4.43795 -3.5174 0.211855 -4.43705 -3.51957 0.223281 -4.43571 -3.52279 0.234411 -4.43395 -3.52704 0.245131 -4.43179 -3.53227 0.25533 -4.42924 -3.53843 0.264904 -4.42633 -3.54545 0.273755 -4.42309 -3.55326 0.281791 -4.41956 -3.56178 0.288932 -4.41578 -3.57093 0.295102 -4.41177 -3.58061 0.300239 -4.40758 -3.59071 0.30429 -4.40326 -3.60114 0.307214 -4.39885 -3.6118 0.30898 -4.39988 -3.61229 0.0798556 -4.40532 -3.60212 0.081622 -4.41064 -3.59216 0.0845458 -4.4158 -3.58251 0.0885971 -4.42073 -3.57327 0.0937342 -4.4254 -3.56454 0.0999045 -4.42975 -3.55641 0.107045 -4.43373 -3.54895 0.115081 -4.43732 -3.54225 0.123932 -4.44046 -3.53638 0.133506 -4.44313 -3.53138 0.143705 -4.44529 -3.52733 0.154425 -4.44694 -3.52425 0.165555 -4.44805 -3.52218 0.176981 -4.4486 -3.52113 0.188586 -4.4486 -3.52113 0.20025 -4.44805 -3.52218 0.211855 -4.44694 -3.52425 0.223281 -4.44529 -3.52733 0.234411 -4.44313 -3.53138 0.245131 -4.44046 -3.53638 0.25533 -4.43732 -3.54225 0.264904 -4.43373 -3.54895 0.273755 -4.42975 -3.55641 0.281791 -4.4254 -3.56454 0.288932 -4.42073 -3.57327 0.295102 -4.4158 -3.58251 0.300239 -4.41064 -3.59216 0.30429 -4.40532 -3.60212 0.307214 -4.39988 -3.61229 0.30898 -4.40086 -3.61287 0.0798556 -4.40727 -3.60329 0.081622 -4.41354 -3.5939 0.0845458 -4.41962 -3.5848 0.0885971 -4.42544 -3.57609 0.0937342 -4.43094 -3.56786 0.0999045 -4.43606 -3.56019 0.107045 -4.44076 -3.55316 0.115081 -4.44498 -3.54685 0.123932 -4.44868 -3.54131 0.133506 -4.45183 -3.5366 0.143705 -4.45438 -3.53277 0.154425 -4.45632 -3.52987 0.165555 -4.45763 -3.52792 0.176981 -4.45828 -3.52694 0.188586 -4.45828 -3.52694 0.20025 -4.45763 -3.52792 0.211855 -4.45632 -3.52987 0.223281 -4.45438 -3.53277 0.234411 -4.45183 -3.5366 0.245131 -4.44868 -3.54131 0.25533 -4.44498 -3.54685 0.264904 -4.44076 -3.55316 0.273755 -4.43606 -3.56019 0.281791 -4.43094 -3.56786 0.288932 -4.42544 -3.57609 0.295102 -4.41962 -3.5848 0.300239 -4.41354 -3.5939 0.30429 -4.40727 -3.60329 0.307214 -4.40086 -3.61287 0.30898 -4.40178 -3.61355 0.0798556 -4.4091 -3.60464 0.081622 -4.41626 -3.59591 0.0845458 -4.4232 -3.58746 0.0885971 -4.42984 -3.57936 0.0937342 -4.43612 -3.57171 0.0999045 -4.44197 -3.56458 0.107045 -4.44734 -3.55804 0.115081 -4.45216 -3.55217 0.123932 -4.45639 -3.54702 0.133506 -4.45998 -3.54264 0.143705 -4.46289 -3.53909 0.154425 -4.46511 -3.53639 0.165555 -4.4666 -3.53457 0.176981 -4.46735 -3.53366 0.188586 -4.46735 -3.53366 0.20025 -4.4666 -3.53457 0.211855 -4.46511 -3.53639 0.223281 -4.46289 -3.53909 0.234411 -4.45998 -3.54264 0.245131 -4.45639 -3.54702 0.25533 -4.45216 -3.55217 0.264904 -4.44734 -3.55804 0.273755 -4.44197 -3.56458 0.281791 -4.43612 -3.57171 0.288932 -4.42984 -3.57936 0.295102 -4.4232 -3.58746 0.300239 -4.41626 -3.59591 0.30429 -4.4091 -3.60464 0.307214 -4.40178 -3.61355 0.30898 -4.40263 -3.61432 0.0798556 -4.41078 -3.60617 0.081622 -4.41877 -3.59818 0.0845458 -4.4265 -3.59045 0.0885971 -4.43391 -3.58304 0.0937342 -4.44091 -3.57604 0.0999045 -4.44743 -3.56952 0.107045 -4.45341 -3.56354 0.115081 -4.45878 -3.55817 0.123932 -4.46349 -3.55346 0.133506 -4.46749 -3.54946 0.143705 -4.47075 -3.5462 0.154425 -4.47322 -3.54373 0.165555 -4.47488 -3.54207 0.176981 -4.47571 -3.54124 0.188586 -4.47571 -3.54124 0.20025 -4.47488 -3.54207 0.211855 -4.47322 -3.54373 0.223281 -4.47075 -3.5462 0.234411 -4.46749 -3.54946 0.245131 -4.46349 -3.55346 0.25533 -4.45878 -3.55817 0.264904 -4.45341 -3.56354 0.273755 -4.44743 -3.56952 0.281791 -4.44091 -3.57604 0.288932 -4.43391 -3.58304 0.295102 -4.4265 -3.59045 0.300239 -4.41877 -3.59818 0.30429 -4.41078 -3.60617 0.307214 -4.40263 -3.61432 0.30898 -4.4034 -3.61517 0.0798556 -4.41231 -3.60785 0.081622 -4.42104 -3.60069 0.0845458 -4.42949 -3.59375 0.0885971 -4.43759 -3.58711 0.0937342 -4.44524 -3.58083 0.0999045 -4.45237 -3.57498 0.107045 -4.45891 -3.56961 0.115081 -4.46478 -3.56479 0.123932 -4.46993 -3.56056 0.133506 -4.47431 -3.55697 0.143705 -4.47786 -3.55405 0.154425 -4.48056 -3.55184 0.165555 -4.48238 -3.55035 0.176981 -4.48329 -3.5496 0.188586 -4.48329 -3.5496 0.20025 -4.48238 -3.55035 0.211855 -4.48056 -3.55184 0.223281 -4.47786 -3.55405 0.234411 -4.47431 -3.55697 0.245131 -4.46993 -3.56056 0.25533 -4.46478 -3.56479 0.264904 -4.45891 -3.56961 0.273755 -4.45237 -3.57498 0.281791 -4.44524 -3.58083 0.288932 -4.43759 -3.58711 0.295102 -4.42949 -3.59375 0.300239 -4.42104 -3.60069 0.30429 -4.41231 -3.60785 0.307214 -4.4034 -3.61517 0.30898 -4.40408 -3.61609 0.0798556 -4.41366 -3.60968 0.081622 -4.42305 -3.60341 0.0845458 -4.43215 -3.59733 0.0885971 -4.44086 -3.59151 0.0937342 -4.44909 -3.58601 0.0999045 -4.45676 -3.58089 0.107045 -4.46379 -3.57619 0.115081 -4.4701 -3.57197 0.123932 -4.47564 -3.56827 0.133506 -4.48035 -3.56512 0.143705 -4.48418 -3.56257 0.154425 -4.48708 -3.56063 0.165555 -4.48903 -3.55932 0.176981 -4.49001 -3.55867 0.188586 -4.49001 -3.55867 0.20025 -4.48903 -3.55932 0.211855 -4.48708 -3.56063 0.223281 -4.48418 -3.56257 0.234411 -4.48035 -3.56512 0.245131 -4.47564 -3.56827 0.25533 -4.4701 -3.57197 0.264904 -4.46379 -3.57619 0.273755 -4.45676 -3.58089 0.281791 -4.44909 -3.58601 0.288932 -4.44086 -3.59151 0.295102 -4.43215 -3.59733 0.300239 -4.42305 -3.60341 0.30429 -4.41366 -3.60968 0.307214 -4.40408 -3.61609 0.30898 -4.40466 -3.61707 0.0798556 -4.41483 -3.61163 0.081622 -4.42479 -3.60631 0.0845458 -4.43444 -3.60115 0.0885971 -4.44368 -3.59622 0.0937342 -4.45241 -3.59155 0.0999045 -4.46054 -3.5872 0.107045 -4.468 -3.58322 0.115081 -4.4747 -3.57963 0.123932 -4.48058 -3.57649 0.133506 -4.48557 -3.57382 0.143705 -4.48962 -3.57166 0.154425 -4.4927 -3.57001 0.165555 -4.49477 -3.5689 0.176981 -4.49582 -3.56835 0.188586 -4.49582 -3.56835 0.20025 -4.49477 -3.5689 0.211855 -4.4927 -3.57001 0.223281 -4.48962 -3.57166 0.234411 -4.48557 -3.57382 0.245131 -4.48058 -3.57649 0.25533 -4.4747 -3.57963 0.264904 -4.468 -3.58322 0.273755 -4.46054 -3.5872 0.281791 -4.45241 -3.59155 0.288932 -4.44368 -3.59622 0.295102 -4.43444 -3.60115 0.300239 -4.42479 -3.60631 0.30429 -4.41483 -3.61163 0.307214 -4.40466 -3.61707 0.30898 -4.40515 -3.6181 0.0798556 -4.41581 -3.61369 0.081622 -4.42624 -3.60937 0.0845458 -4.43634 -3.60518 0.0885971 -4.44602 -3.60117 0.0937342 -4.45517 -3.59739 0.0999045 -4.46369 -3.59386 0.107045 -4.4715 -3.59062 0.115081 -4.47852 -3.58771 0.123932 -4.48468 -3.58516 0.133506 -4.48991 -3.583 0.143705 -4.49416 -3.58124 0.154425 -4.49738 -3.5799 0.165555 -4.49955 -3.579 0.176981 -4.50064 -3.57855 0.188586 -4.50064 -3.57855 0.20025 -4.49955 -3.579 0.211855 -4.49738 -3.5799 0.223281 -4.49416 -3.58124 0.234411 -4.48991 -3.583 0.245131 -4.48468 -3.58516 0.25533 -4.47852 -3.58771 0.264904 -4.4715 -3.59062 0.273755 -4.46369 -3.59386 0.281791 -4.45517 -3.59739 0.288932 -4.44602 -3.60117 0.295102 -4.43634 -3.60518 0.300239 -4.42624 -3.60937 0.30429 -4.41581 -3.61369 0.307214 -4.40515 -3.6181 0.30898 -4.40554 -3.61918 0.0798556 -4.41657 -3.61583 0.081622 -4.42738 -3.61255 0.0845458 -4.43785 -3.60938 0.0885971 -4.44787 -3.60634 0.0937342 -4.45734 -3.60346 0.0999045 -4.46617 -3.60079 0.107045 -4.47426 -3.59833 0.115081 -4.48153 -3.59613 0.123932 -4.48791 -3.59419 0.133506 -4.49332 -3.59255 0.143705 -4.49773 -3.59121 0.154425 -4.50107 -3.5902 0.165555 -4.50331 -3.58952 0.176981 -4.50444 -3.58918 0.188586 -4.50444 -3.58918 0.20025 -4.50331 -3.58952 0.211855 -4.50107 -3.5902 0.223281 -4.49773 -3.59121 0.234411 -4.49332 -3.59255 0.245131 -4.48791 -3.59419 0.25533 -4.48153 -3.59613 0.264904 -4.47426 -3.59833 0.273755 -4.46617 -3.60079 0.281791 -4.45734 -3.60346 0.288932 -4.44787 -3.60634 0.295102 -4.43785 -3.60938 0.300239 -4.42738 -3.61255 0.30429 -4.41657 -3.61583 0.307214 -4.40554 -3.61918 0.30898 -4.40582 -3.62029 0.0798556 -4.41712 -3.61804 0.081622 -4.4282 -3.61583 0.0845458 -4.43893 -3.6137 0.0885971 -4.4492 -3.61166 0.0937342 -4.45891 -3.60973 0.0999045 -4.46796 -3.60793 0.107045 -4.47625 -3.60628 0.115081 -4.4837 -3.60479 0.123932 -4.49024 -3.60349 0.133506 -4.49579 -3.60239 0.143705 -4.5003 -3.60149 0.154425 -4.50373 -3.60081 0.165555 -4.50603 -3.60035 0.176981 -4.50719 -3.60012 0.188586 -4.50719 -3.60012 0.20025 -4.50603 -3.60035 0.211855 -4.50373 -3.60081 0.223281 -4.5003 -3.60149 0.234411 -4.49579 -3.60239 0.245131 -4.49024 -3.60349 0.25533 -4.4837 -3.60479 0.264904 -4.47625 -3.60628 0.273755 -4.46796 -3.60793 0.281791 -4.45891 -3.60973 0.288932 -4.4492 -3.61166 0.295102 -4.43893 -3.6137 0.300239 -4.4282 -3.61583 0.30429 -4.41712 -3.61804 0.307214 -4.40582 -3.62029 0.30898 -4.40598 -3.62142 0.0798556 -4.41746 -3.62029 0.081622 -4.4287 -3.61918 0.0845458 -4.43958 -3.61811 0.0885971 -4.45001 -3.61708 0.0937342 -4.45986 -3.61611 0.0999045 -4.46904 -3.61521 0.107045 -4.47745 -3.61438 0.115081 -4.48501 -3.61363 0.123932 -4.49164 -3.61298 0.133506 -4.49728 -3.61243 0.143705 -4.50186 -3.61198 0.154425 -4.50533 -3.61163 0.165555 -4.50767 -3.6114 0.176981 -4.50884 -3.61129 0.188586 -4.50884 -3.61129 0.20025 -4.50767 -3.6114 0.211855 -4.50533 -3.61163 0.223281 -4.50186 -3.61198 0.234411 -4.49728 -3.61243 0.245131 -4.49164 -3.61298 0.25533 -4.48501 -3.61363 0.264904 -4.47745 -3.61438 0.273755 -4.46904 -3.61521 0.281791 -4.45986 -3.61611 0.288932 -4.45001 -3.61708 0.295102 -4.43958 -3.61811 0.300239 -4.4287 -3.61918 0.30429 -4.41746 -3.62029 0.307214 -4.40598 -3.62142 0.30898 -4.40604 -3.62256 0.0798556 -4.41757 -3.62256 0.081622 -4.42886 -3.62256 0.0845458 -4.4398 -3.62256 0.0885971 -4.45027 -3.62256 0.0937342 -4.46017 -3.62256 0.0999045 -4.4694 -3.62256 0.107045 -4.47785 -3.62256 0.115081 -4.48545 -3.62256 0.123932 -4.49211 -3.62256 0.133506 -4.49778 -3.62256 0.143705 -4.50238 -3.62256 0.154425 -4.50587 -3.62256 0.165555 -4.50822 -3.62256 0.176981 -4.5094 -3.62256 0.188586 -4.5094 -3.62256 0.20025 -4.50822 -3.62256 0.211855 -4.50587 -3.62256 0.223281 -4.50238 -3.62256 0.234411 -4.49778 -3.62256 0.245131 -4.49211 -3.62256 0.25533 -4.48545 -3.62256 0.264904 -4.47785 -3.62256 0.273755 -4.4694 -3.62256 0.281791 -4.46017 -3.62256 0.288932 -4.45027 -3.62256 0.295102 -4.4398 -3.62256 0.300239 -4.42886 -3.62256 0.30429 -4.41757 -3.62256 0.307214 -4.40604 -3.62256 0.30898 -4.40598 -3.6237 0.0798556 -4.41746 -3.62483 0.081622 -4.4287 -3.62594 0.0845458 -4.43958 -3.62701 0.0885971 -4.45001 -3.62804 0.0937342 -4.45986 -3.62901 0.0999045 -4.46904 -3.62991 0.107045 -4.47745 -3.63074 0.115081 -4.48501 -3.63149 0.123932 -4.49164 -3.63214 0.133506 -4.49728 -3.63269 0.143705 -4.50186 -3.63314 0.154425 -4.50533 -3.63349 0.165555 -4.50767 -3.63372 0.176981 -4.50884 -3.63383 0.188586 -4.50884 -3.63383 0.20025 -4.50767 -3.63372 0.211855 -4.50533 -3.63349 0.223281 -4.50186 -3.63314 0.234411 -4.49728 -3.63269 0.245131 -4.49164 -3.63214 0.25533 -4.48501 -3.63149 0.264904 -4.47745 -3.63074 0.273755 -4.46904 -3.62991 0.281791 -4.45986 -3.62901 0.288932 -4.45001 -3.62804 0.295102 -4.43958 -3.62701 0.300239 -4.4287 -3.62594 0.30429 -4.41746 -3.62483 0.307214 -4.40598 -3.6237 0.30898 -4.40582 -3.62483 0.0798556 -4.41712 -3.62708 0.081622 -4.4282 -3.62929 0.0845458 -4.43893 -3.63142 0.0885971 -4.4492 -3.63346 0.0937342 -4.45891 -3.63539 0.0999045 -4.46796 -3.63719 0.107045 -4.47625 -3.63884 0.115081 -4.4837 -3.64033 0.123932 -4.49024 -3.64162 0.133506 -4.49579 -3.64273 0.143705 -4.5003 -3.64363 0.154425 -4.50373 -3.64431 0.165555 -4.50603 -3.64477 0.176981 -4.50719 -3.645 0.188586 -4.50719 -3.645 0.20025 -4.50603 -3.64477 0.211855 -4.50373 -3.64431 0.223281 -4.5003 -3.64363 0.234411 -4.49579 -3.64273 0.245131 -4.49024 -3.64162 0.25533 -4.4837 -3.64033 0.264904 -4.47625 -3.63884 0.273755 -4.46796 -3.63719 0.281791 -4.45891 -3.63539 0.288932 -4.4492 -3.63346 0.295102 -4.43893 -3.63142 0.300239 -4.4282 -3.62929 0.30429 -4.41712 -3.62708 0.307214 -4.40582 -3.62483 0.30898 -4.40554 -3.62594 0.0798556 -4.41657 -3.62929 0.081622 -4.42738 -3.63257 0.0845458 -4.43785 -3.63574 0.0885971 -4.44787 -3.63878 0.0937342 -4.45734 -3.64166 0.0999045 -4.46617 -3.64433 0.107045 -4.47426 -3.64679 0.115081 -4.48153 -3.64899 0.123932 -4.48791 -3.65093 0.133506 -4.49332 -3.65257 0.143705 -4.49773 -3.65391 0.154425 -4.50107 -3.65492 0.165555 -4.50331 -3.6556 0.176981 -4.50444 -3.65594 0.188586 -4.50444 -3.65594 0.20025 -4.50331 -3.6556 0.211855 -4.50107 -3.65492 0.223281 -4.49773 -3.65391 0.234411 -4.49332 -3.65257 0.245131 -4.48791 -3.65093 0.25533 -4.48153 -3.64899 0.264904 -4.47426 -3.64679 0.273755 -4.46617 -3.64433 0.281791 -4.45734 -3.64166 0.288932 -4.44787 -3.63878 0.295102 -4.43785 -3.63574 0.300239 -4.42738 -3.63257 0.30429 -4.41657 -3.62929 0.307214 -4.40554 -3.62594 0.30898 -4.40515 -3.62702 0.0798556 -4.41581 -3.63143 0.081622 -4.42624 -3.63575 0.0845458 -4.43634 -3.63994 0.0885971 -4.44602 -3.64395 0.0937342 -4.45517 -3.64773 0.0999045 -4.46369 -3.65126 0.107045 -4.4715 -3.6545 0.115081 -4.47852 -3.65741 0.123932 -4.48468 -3.65996 0.133506 -4.48991 -3.66212 0.143705 -4.49416 -3.66388 0.154425 -4.49738 -3.66522 0.165555 -4.49955 -3.66612 0.176981 -4.50064 -3.66657 0.188586 -4.50064 -3.66657 0.20025 -4.49955 -3.66612 0.211855 -4.49738 -3.66522 0.223281 -4.49416 -3.66388 0.234411 -4.48991 -3.66212 0.245131 -4.48468 -3.65996 0.25533 -4.47852 -3.65741 0.264904 -4.4715 -3.6545 0.273755 -4.46369 -3.65126 0.281791 -4.45517 -3.64773 0.288932 -4.44602 -3.64395 0.295102 -4.43634 -3.63994 0.300239 -4.42624 -3.63575 0.30429 -4.41581 -3.63143 0.307214 -4.40515 -3.62702 0.30898 -4.40466 -3.62805 0.0798556 -4.41483 -3.63349 0.081622 -4.42479 -3.63881 0.0845458 -4.43444 -3.64397 0.0885971 -4.44368 -3.6489 0.0937342 -4.45241 -3.65357 0.0999045 -4.46054 -3.65792 0.107045 -4.468 -3.6619 0.115081 -4.4747 -3.66549 0.123932 -4.48058 -3.66863 0.133506 -4.48557 -3.6713 0.143705 -4.48962 -3.67346 0.154425 -4.4927 -3.67511 0.165555 -4.49477 -3.67622 0.176981 -4.49582 -3.67677 0.188586 -4.49582 -3.67677 0.20025 -4.49477 -3.67622 0.211855 -4.4927 -3.67511 0.223281 -4.48962 -3.67346 0.234411 -4.48557 -3.6713 0.245131 -4.48058 -3.66863 0.25533 -4.4747 -3.66549 0.264904 -4.468 -3.6619 0.273755 -4.46054 -3.65792 0.281791 -4.45241 -3.65357 0.288932 -4.44368 -3.6489 0.295102 -4.43444 -3.64397 0.300239 -4.42479 -3.63881 0.30429 -4.41483 -3.63349 0.307214 -4.40466 -3.62805 0.30898 -4.40408 -3.62903 0.0798556 -4.41366 -3.63544 0.081622 -4.42305 -3.64171 0.0845458 -4.43215 -3.64779 0.0885971 -4.44086 -3.65361 0.0937342 -4.44909 -3.65911 0.0999045 -4.45676 -3.66423 0.107045 -4.46379 -3.66893 0.115081 -4.4701 -3.67315 0.123932 -4.47564 -3.67685 0.133506 -4.48035 -3.68 0.143705 -4.48418 -3.68255 0.154425 -4.48708 -3.68449 0.165555 -4.48903 -3.6858 0.176981 -4.49001 -3.68645 0.188586 -4.49001 -3.68645 0.20025 -4.48903 -3.6858 0.211855 -4.48708 -3.68449 0.223281 -4.48418 -3.68255 0.234411 -4.48035 -3.68 0.245131 -4.47564 -3.67685 0.25533 -4.4701 -3.67315 0.264904 -4.46379 -3.66893 0.273755 -4.45676 -3.66423 0.281791 -4.44909 -3.65911 0.288932 -4.44086 -3.65361 0.295102 -4.43215 -3.64779 0.300239 -4.42305 -3.64171 0.30429 -4.41366 -3.63544 0.307214 -4.40408 -3.62903 0.30898 -4.4034 -3.62995 0.0798556 -4.41231 -3.63727 0.081622 -4.42104 -3.64443 0.0845458 -4.42949 -3.65137 0.0885971 -4.43759 -3.65801 0.0937342 -4.44524 -3.66429 0.0999045 -4.45237 -3.67014 0.107045 -4.45891 -3.67551 0.115081 -4.46478 -3.68033 0.123932 -4.46993 -3.68456 0.133506 -4.47431 -3.68815 0.143705 -4.47786 -3.69107 0.154425 -4.48056 -3.69328 0.165555 -4.48238 -3.69477 0.176981 -4.48329 -3.69552 0.188586 -4.48329 -3.69552 0.20025 -4.48238 -3.69477 0.211855 -4.48056 -3.69328 0.223281 -4.47786 -3.69107 0.234411 -4.47431 -3.68815 0.245131 -4.46993 -3.68456 0.25533 -4.46478 -3.68033 0.264904 -4.45891 -3.67551 0.273755 -4.45237 -3.67014 0.281791 -4.44524 -3.66429 0.288932 -4.43759 -3.65801 0.295102 -4.42949 -3.65137 0.300239 -4.42104 -3.64443 0.30429 -4.41231 -3.63727 0.307214 -4.4034 -3.62995 0.30898 -4.40263 -3.6308 0.0798556 -4.41078 -3.63895 0.081622 -4.41877 -3.64694 0.0845458 -4.4265 -3.65467 0.0885971 -4.43391 -3.66208 0.0937342 -4.44091 -3.66908 0.0999045 -4.44743 -3.6756 0.107045 -4.45341 -3.68158 0.115081 -4.45878 -3.68695 0.123932 -4.46349 -3.69166 0.133506 -4.46749 -3.69566 0.143705 -4.47075 -3.69892 0.154425 -4.47322 -3.70139 0.165555 -4.47488 -3.70305 0.176981 -4.47571 -3.70388 0.188586 -4.47571 -3.70388 0.20025 -4.47488 -3.70305 0.211855 -4.47322 -3.70139 0.223281 -4.47075 -3.69892 0.234411 -4.46749 -3.69566 0.245131 -4.46349 -3.69166 0.25533 -4.45878 -3.68695 0.264904 -4.45341 -3.68158 0.273755 -4.44743 -3.6756 0.281791 -4.44091 -3.66908 0.288932 -4.43391 -3.66208 0.295102 -4.4265 -3.65467 0.300239 -4.41877 -3.64694 0.30429 -4.41078 -3.63895 0.307214 -4.40263 -3.6308 0.30898 -4.40178 -3.63157 0.0798556 -4.4091 -3.64048 0.081622 -4.41626 -3.64921 0.0845458 -4.4232 -3.65766 0.0885971 -4.42984 -3.66576 0.0937342 -4.43612 -3.67341 0.0999045 -4.44197 -3.68054 0.107045 -4.44734 -3.68708 0.115081 -4.45216 -3.69295 0.123932 -4.45639 -3.6981 0.133506 -4.45998 -3.70248 0.143705 -4.46289 -3.70603 0.154425 -4.46511 -3.70873 0.165555 -4.4666 -3.71055 0.176981 -4.46735 -3.71146 0.188586 -4.46735 -3.71146 0.20025 -4.4666 -3.71055 0.211855 -4.46511 -3.70873 0.223281 -4.46289 -3.70603 0.234411 -4.45998 -3.70248 0.245131 -4.45639 -3.6981 0.25533 -4.45216 -3.69295 0.264904 -4.44734 -3.68708 0.273755 -4.44197 -3.68054 0.281791 -4.43612 -3.67341 0.288932 -4.42984 -3.66576 0.295102 -4.4232 -3.65766 0.300239 -4.41626 -3.64921 0.30429 -4.4091 -3.64048 0.307214 -4.40178 -3.63157 0.30898 -4.40086 -3.63225 0.0798556 -4.40727 -3.64183 0.081622 -4.41354 -3.65122 0.0845458 -4.41962 -3.66032 0.0885971 -4.42544 -3.66903 0.0937342 -4.43094 -3.67726 0.0999045 -4.43606 -3.68493 0.107045 -4.44076 -3.69196 0.115081 -4.44498 -3.69827 0.123932 -4.44868 -3.70381 0.133506 -4.45183 -3.70852 0.143705 -4.45438 -3.71235 0.154425 -4.45632 -3.71525 0.165555 -4.45763 -3.7172 0.176981 -4.45828 -3.71818 0.188586 -4.45828 -3.71818 0.20025 -4.45763 -3.7172 0.211855 -4.45632 -3.71525 0.223281 -4.45438 -3.71235 0.234411 -4.45183 -3.70852 0.245131 -4.44868 -3.70381 0.25533 -4.44498 -3.69827 0.264904 -4.44076 -3.69196 0.273755 -4.43606 -3.68493 0.281791 -4.43094 -3.67726 0.288932 -4.42544 -3.66903 0.295102 -4.41962 -3.66032 0.300239 -4.41354 -3.65122 0.30429 -4.40727 -3.64183 0.307214 -4.40086 -3.63225 0.30898 -4.39988 -3.63283 0.0798556 -4.40532 -3.643 0.081622 -4.41064 -3.65296 0.0845458 -4.4158 -3.66261 0.0885971 -4.42073 -3.67185 0.0937342 -4.4254 -3.68058 0.0999045 -4.42975 -3.68871 0.107045 -4.43373 -3.69617 0.115081 -4.43732 -3.70287 0.123932 -4.44046 -3.70875 0.133506 -4.44313 -3.71374 0.143705 -4.44529 -3.71779 0.154425 -4.44694 -3.72087 0.165555 -4.44805 -3.72294 0.176981 -4.4486 -3.72399 0.188586 -4.4486 -3.72399 0.20025 -4.44805 -3.72294 0.211855 -4.44694 -3.72087 0.223281 -4.44529 -3.71779 0.234411 -4.44313 -3.71374 0.245131 -4.44046 -3.70875 0.25533 -4.43732 -3.70287 0.264904 -4.43373 -3.69617 0.273755 -4.42975 -3.68871 0.281791 -4.4254 -3.68058 0.288932 -4.42073 -3.67185 0.295102 -4.4158 -3.66261 0.300239 -4.41064 -3.65296 0.30429 -4.40532 -3.643 0.307214 -4.39988 -3.63283 0.30898 -4.39885 -3.63332 0.0798556 -4.40326 -3.64398 0.081622 -4.40758 -3.65441 0.0845458 -4.41177 -3.66451 0.0885971 -4.41578 -3.67419 0.0937342 -4.41956 -3.68334 0.0999045 -4.42309 -3.69186 0.107045 -4.42633 -3.69967 0.115081 -4.42924 -3.70669 0.123932 -4.43179 -3.71285 0.133506 -4.43395 -3.71808 0.143705 -4.43571 -3.72233 0.154425 -4.43705 -3.72555 0.165555 -4.43795 -3.72772 0.176981 -4.4384 -3.72881 0.188586 -4.4384 -3.72881 0.20025 -4.43795 -3.72772 0.211855 -4.43705 -3.72555 0.223281 -4.43571 -3.72233 0.234411 -4.43395 -3.71808 0.245131 -4.43179 -3.71285 0.25533 -4.42924 -3.70669 0.264904 -4.42633 -3.69967 0.273755 -4.42309 -3.69186 0.281791 -4.41956 -3.68334 0.288932 -4.41578 -3.67419 0.295102 -4.41177 -3.66451 0.300239 -4.40758 -3.65441 0.30429 -4.40326 -3.64398 0.307214 -4.39885 -3.63332 0.30898 -4.39777 -3.63371 0.0798556 -4.40112 -3.64474 0.081622 -4.4044 -3.65555 0.0845458 -4.40757 -3.66602 0.0885971 -4.41061 -3.67604 0.0937342 -4.41349 -3.68551 0.0999045 -4.41616 -3.69434 0.107045 -4.41862 -3.70243 0.115081 -4.42082 -3.7097 0.123932 -4.42276 -3.71608 0.133506 -4.4244 -3.72149 0.143705 -4.42574 -3.7259 0.154425 -4.42675 -3.72924 0.165555 -4.42743 -3.73148 0.176981 -4.42777 -3.73261 0.188586 -4.42777 -3.73261 0.20025 -4.42743 -3.73148 0.211855 -4.42675 -3.72924 0.223281 -4.42574 -3.7259 0.234411 -4.4244 -3.72149 0.245131 -4.42276 -3.71608 0.25533 -4.42082 -3.7097 0.264904 -4.41862 -3.70243 0.273755 -4.41616 -3.69434 0.281791 -4.41349 -3.68551 0.288932 -4.41061 -3.67604 0.295102 -4.40757 -3.66602 0.300239 -4.4044 -3.65555 0.30429 -4.40112 -3.64474 0.307214 -4.39777 -3.63371 0.30898 -4.39666 -3.63399 0.0798556 -4.39891 -3.64529 0.081622 -4.40112 -3.65637 0.0845458 -4.40325 -3.6671 0.0885971 -4.40529 -3.67737 0.0937342 -4.40722 -3.68708 0.0999045 -4.40902 -3.69613 0.107045 -4.41067 -3.70442 0.115081 -4.41216 -3.71187 0.123932 -4.41346 -3.71841 0.133506 -4.41456 -3.72396 0.143705 -4.41546 -3.72847 0.154425 -4.41614 -3.7319 0.165555 -4.4166 -3.7342 0.176981 -4.41683 -3.73536 0.188586 -4.41683 -3.73536 0.20025 -4.4166 -3.7342 0.211855 -4.41614 -3.7319 0.223281 -4.41546 -3.72847 0.234411 -4.41456 -3.72396 0.245131 -4.41346 -3.71841 0.25533 -4.41216 -3.71187 0.264904 -4.41067 -3.70442 0.273755 -4.40902 -3.69613 0.281791 -4.40722 -3.68708 0.288932 -4.40529 -3.67737 0.295102 -4.40325 -3.6671 0.300239 -4.40112 -3.65637 0.30429 -4.39891 -3.64529 0.307214 -4.39666 -3.63399 0.30898 -4.39553 -3.63415 0.0798556 -4.39666 -3.64563 0.081622 -4.39777 -3.65687 0.0845458 -4.39884 -3.66775 0.0885971 -4.39987 -3.67817 0.0937342 -4.40084 -3.68803 0.0999045 -4.40174 -3.69721 0.107045 -4.40257 -3.70562 0.115081 -4.40332 -3.71318 0.123932 -4.40397 -3.71981 0.133506 -4.40452 -3.72545 0.143705 -4.40497 -3.73003 0.154425 -4.40532 -3.7335 0.165555 -4.40555 -3.73584 0.176981 -4.40566 -3.73701 0.188586 -4.40566 -3.73701 0.20025 -4.40555 -3.73584 0.211855 -4.40532 -3.7335 0.223281 -4.40497 -3.73003 0.234411 -4.40452 -3.72545 0.245131 -4.40397 -3.71981 0.25533 -4.40332 -3.71318 0.264904 -4.40257 -3.70562 0.273755 -4.40174 -3.69721 0.281791 -4.40084 -3.68803 0.288932 -4.39987 -3.67817 0.295102 -4.39884 -3.66775 0.300239 -4.39777 -3.65687 0.30429 -4.39666 -3.64563 0.307214 -4.39553 -3.63415 0.30898 -4.39439 -3.63421 0.0798556 -4.39439 -3.64574 0.081622 -4.39439 -3.65703 0.0845458 -4.39439 -3.66797 0.0885971 -4.39439 -3.67844 0.0937342 -4.39439 -3.68834 0.0999045 -4.39439 -3.69757 0.107045 -4.39439 -3.70602 0.115081 -4.39439 -3.71362 0.123932 -4.39439 -3.72028 0.133506 -4.39439 -3.72594 0.143705 -4.39439 -3.73055 0.154425 -4.39439 -3.73404 0.165555 -4.39439 -3.73639 0.176981 -4.39439 -3.73757 0.188586 -4.39439 -3.73757 0.20025 -4.39439 -3.73639 0.211855 -4.39439 -3.73404 0.223281 -4.39439 -3.73055 0.234411 -4.39439 -3.72594 0.245131 -4.39439 -3.72028 0.25533 -4.39439 -3.71362 0.264904 -4.39439 -3.70602 0.273755 -4.39439 -3.69757 0.281791 -4.39439 -3.68834 0.288932 -4.39439 -3.67844 0.295102 -4.39439 -3.66797 0.300239 -4.39439 -3.65703 0.30429 -4.39439 -3.64574 0.307214 -4.39439 -3.63421 0.30898 -4.39325 -3.63415 0.0798556 -4.39212 -3.64563 0.081622 -4.39101 -3.65687 0.0845458 -4.38994 -3.66775 0.0885971 -4.38891 -3.67817 0.0937342 -4.38794 -3.68803 0.0999045 -4.38704 -3.69721 0.107045 -4.38621 -3.70562 0.115081 -4.38546 -3.71318 0.123932 -4.38481 -3.71981 0.133506 -4.38426 -3.72545 0.143705 -4.38381 -3.73003 0.154425 -4.38346 -3.7335 0.165555 -4.38323 -3.73584 0.176981 -4.38312 -3.73701 0.188586 -4.38312 -3.73701 0.20025 -4.38323 -3.73584 0.211855 -4.38346 -3.7335 0.223281 -4.38381 -3.73003 0.234411 -4.38426 -3.72545 0.245131 -4.38481 -3.71981 0.25533 -4.38546 -3.71318 0.264904 -4.38621 -3.70562 0.273755 -4.38704 -3.69721 0.281791 -4.38794 -3.68803 0.288932 -4.38891 -3.67817 0.295102 -4.38994 -3.66775 0.300239 -4.39101 -3.65687 0.30429 -4.39212 -3.64563 0.307214 -4.39325 -3.63415 0.30898 -4.39212 -3.63399 0.0798556 -4.38987 -3.64529 0.081622 -4.38766 -3.65637 0.0845458 -4.38553 -3.6671 0.0885971 -4.38349 -3.67737 0.0937342 -4.38156 -3.68708 0.0999045 -4.37976 -3.69613 0.107045 -4.37811 -3.70442 0.115081 -4.37663 -3.71187 0.123932 -4.37533 -3.71841 0.133506 -4.37422 -3.72396 0.143705 -4.37332 -3.72847 0.154425 -4.37264 -3.7319 0.165555 -4.37218 -3.7342 0.176981 -4.37195 -3.73536 0.188586 -4.37195 -3.73536 0.20025 -4.37218 -3.7342 0.211855 -4.37264 -3.7319 0.223281 -4.37332 -3.72847 0.234411 -4.37422 -3.72396 0.245131 -4.37533 -3.71841 0.25533 -4.37663 -3.71187 0.264904 -4.37811 -3.70442 0.273755 -4.37976 -3.69613 0.281791 -4.38156 -3.68708 0.288932 -4.38349 -3.67737 0.295102 -4.38553 -3.6671 0.300239 -4.38766 -3.65637 0.30429 -4.38987 -3.64529 0.307214 -4.39212 -3.63399 0.30898 -4.39101 -3.63371 0.0798556 -4.38766 -3.64474 0.081622 -4.38438 -3.65555 0.0845458 -4.38121 -3.66602 0.0885971 -4.37817 -3.67604 0.0937342 -4.37529 -3.68551 0.0999045 -4.37262 -3.69434 0.107045 -4.37016 -3.70243 0.115081 -4.36796 -3.7097 0.123932 -4.36602 -3.71608 0.133506 -4.36438 -3.72149 0.143705 -4.36304 -3.7259 0.154425 -4.36203 -3.72924 0.165555 -4.36135 -3.73148 0.176981 -4.36101 -3.73261 0.188586 -4.36101 -3.73261 0.20025 -4.36135 -3.73148 0.211855 -4.36203 -3.72924 0.223281 -4.36304 -3.7259 0.234411 -4.36438 -3.72149 0.245131 -4.36602 -3.71608 0.25533 -4.36796 -3.7097 0.264904 -4.37016 -3.70243 0.273755 -4.37262 -3.69434 0.281791 -4.37529 -3.68551 0.288932 -4.37817 -3.67604 0.295102 -4.38121 -3.66602 0.300239 -4.38438 -3.65555 0.30429 -4.38766 -3.64474 0.307214 -4.39101 -3.63371 0.30898 -4.38993 -3.63332 0.0798556 -4.38552 -3.64398 0.081622 -4.3812 -3.65441 0.0845458 -4.37701 -3.66451 0.0885971 -4.373 -3.67419 0.0937342 -4.36922 -3.68334 0.0999045 -4.36569 -3.69186 0.107045 -4.36245 -3.69967 0.115081 -4.35954 -3.70669 0.123932 -4.35699 -3.71285 0.133506 -4.35483 -3.71808 0.143705 -4.35307 -3.72233 0.154425 -4.35173 -3.72555 0.165555 -4.35083 -3.72772 0.176981 -4.35038 -3.72881 0.188586 -4.35038 -3.72881 0.20025 -4.35083 -3.72772 0.211855 -4.35173 -3.72555 0.223281 -4.35307 -3.72233 0.234411 -4.35483 -3.71808 0.245131 -4.35699 -3.71285 0.25533 -4.35954 -3.70669 0.264904 -4.36245 -3.69967 0.273755 -4.36569 -3.69186 0.281791 -4.36922 -3.68334 0.288932 -4.373 -3.67419 0.295102 -4.37701 -3.66451 0.300239 -4.3812 -3.65441 0.30429 -4.38552 -3.64398 0.307214 -4.38993 -3.63332 0.30898 -4.3889 -3.63283 0.0798556 -4.38346 -3.643 0.081622 -4.37814 -3.65296 0.0845458 -4.37298 -3.66261 0.0885971 -4.36805 -3.67185 0.0937342 -4.36338 -3.68058 0.0999045 -4.35903 -3.68871 0.107045 -4.35505 -3.69617 0.115081 -4.35146 -3.70287 0.123932 -4.34832 -3.70875 0.133506 -4.34565 -3.71374 0.143705 -4.34349 -3.71779 0.154425 -4.34184 -3.72087 0.165555 -4.34073 -3.72294 0.176981 -4.34018 -3.72399 0.188586 -4.34018 -3.72399 0.20025 -4.34073 -3.72294 0.211855 -4.34184 -3.72087 0.223281 -4.34349 -3.71779 0.234411 -4.34565 -3.71374 0.245131 -4.34832 -3.70875 0.25533 -4.35146 -3.70287 0.264904 -4.35505 -3.69617 0.273755 -4.35903 -3.68871 0.281791 -4.36338 -3.68058 0.288932 -4.36805 -3.67185 0.295102 -4.37298 -3.66261 0.300239 -4.37814 -3.65296 0.30429 -4.38346 -3.643 0.307214 -4.3889 -3.63283 0.30898 -4.38792 -3.63225 0.0798556 -4.38151 -3.64183 0.081622 -4.37524 -3.65122 0.0845458 -4.36916 -3.66032 0.0885971 -4.36334 -3.66903 0.0937342 -4.35784 -3.67726 0.0999045 -4.35272 -3.68493 0.107045 -4.34802 -3.69196 0.115081 -4.3438 -3.69827 0.123932 -4.3401 -3.70381 0.133506 -4.33695 -3.70852 0.143705 -4.3344 -3.71235 0.154425 -4.33246 -3.71525 0.165555 -4.33115 -3.7172 0.176981 -4.3305 -3.71818 0.188586 -4.3305 -3.71818 0.20025 -4.33115 -3.7172 0.211855 -4.33246 -3.71525 0.223281 -4.3344 -3.71235 0.234411 -4.33695 -3.70852 0.245131 -4.3401 -3.70381 0.25533 -4.3438 -3.69827 0.264904 -4.34802 -3.69196 0.273755 -4.35272 -3.68493 0.281791 -4.35784 -3.67726 0.288932 -4.36334 -3.66903 0.295102 -4.36916 -3.66032 0.300239 -4.37524 -3.65122 0.30429 -4.38151 -3.64183 0.307214 -4.38792 -3.63225 0.30898 -4.387 -3.63157 0.0798556 -4.37968 -3.64048 0.081622 -4.37252 -3.64921 0.0845458 -4.36558 -3.65766 0.0885971 -4.35894 -3.66576 0.0937342 -4.35266 -3.67341 0.0999045 -4.34681 -3.68054 0.107045 -4.34144 -3.68708 0.115081 -4.33662 -3.69295 0.123932 -4.33239 -3.6981 0.133506 -4.3288 -3.70248 0.143705 -4.32588 -3.70603 0.154425 -4.32367 -3.70873 0.165555 -4.32218 -3.71055 0.176981 -4.32143 -3.71146 0.188586 -4.32143 -3.71146 0.20025 -4.32218 -3.71055 0.211855 -4.32367 -3.70873 0.223281 -4.32588 -3.70603 0.234411 -4.3288 -3.70248 0.245131 -4.33239 -3.6981 0.25533 -4.33662 -3.69295 0.264904 -4.34144 -3.68708 0.273755 -4.34681 -3.68054 0.281791 -4.35266 -3.67341 0.288932 -4.35894 -3.66576 0.295102 -4.36558 -3.65766 0.300239 -4.37252 -3.64921 0.30429 -4.37968 -3.64048 0.307214 -4.387 -3.63157 0.30898 -4.38615 -3.6308 0.0798556 -4.378 -3.63895 0.081622 -4.37001 -3.64694 0.0845458 -4.36228 -3.65467 0.0885971 -4.35487 -3.66208 0.0937342 -4.34787 -3.66908 0.0999045 -4.34135 -3.6756 0.107045 -4.33537 -3.68158 0.115081 -4.33 -3.68695 0.123932 -4.32529 -3.69166 0.133506 -4.32129 -3.69566 0.143705 -4.31803 -3.69892 0.154425 -4.31556 -3.70139 0.165555 -4.3139 -3.70305 0.176981 -4.31307 -3.70388 0.188586 -4.31307 -3.70388 0.20025 -4.3139 -3.70305 0.211855 -4.31556 -3.70139 0.223281 -4.31803 -3.69892 0.234411 -4.32129 -3.69566 0.245131 -4.32529 -3.69166 0.25533 -4.33 -3.68695 0.264904 -4.33537 -3.68158 0.273755 -4.34135 -3.6756 0.281791 -4.34787 -3.66908 0.288932 -4.35487 -3.66208 0.295102 -4.36228 -3.65467 0.300239 -4.37001 -3.64694 0.30429 -4.378 -3.63895 0.307214 -4.38615 -3.6308 0.30898 -4.38538 -3.62995 0.0798556 -4.37647 -3.63727 0.081622 -4.36774 -3.64443 0.0845458 -4.35929 -3.65137 0.0885971 -4.35119 -3.65801 0.0937342 -4.34354 -3.66429 0.0999045 -4.33641 -3.67014 0.107045 -4.32987 -3.67551 0.115081 -4.324 -3.68033 0.123932 -4.31885 -3.68456 0.133506 -4.31447 -3.68815 0.143705 -4.31092 -3.69107 0.154425 -4.30822 -3.69328 0.165555 -4.3064 -3.69477 0.176981 -4.30549 -3.69552 0.188586 -4.30549 -3.69552 0.20025 -4.3064 -3.69477 0.211855 -4.30822 -3.69328 0.223281 -4.31092 -3.69107 0.234411 -4.31447 -3.68815 0.245131 -4.31885 -3.68456 0.25533 -4.324 -3.68033 0.264904 -4.32987 -3.67551 0.273755 -4.33641 -3.67014 0.281791 -4.34354 -3.66429 0.288932 -4.35119 -3.65801 0.295102 -4.35929 -3.65137 0.300239 -4.36774 -3.64443 0.30429 -4.37647 -3.63727 0.307214 -4.38538 -3.62995 0.30898 -4.3847 -3.62903 0.0798556 -4.37512 -3.63544 0.081622 -4.36573 -3.64171 0.0845458 -4.35663 -3.64779 0.0885971 -4.34792 -3.65361 0.0937342 -4.33969 -3.65911 0.0999045 -4.33202 -3.66423 0.107045 -4.32499 -3.66893 0.115081 -4.31868 -3.67315 0.123932 -4.31314 -3.67685 0.133506 -4.30843 -3.68 0.143705 -4.3046 -3.68255 0.154425 -4.3017 -3.68449 0.165555 -4.29975 -3.6858 0.176981 -4.29877 -3.68645 0.188586 -4.29877 -3.68645 0.20025 -4.29975 -3.6858 0.211855 -4.3017 -3.68449 0.223281 -4.3046 -3.68255 0.234411 -4.30843 -3.68 0.245131 -4.31314 -3.67685 0.25533 -4.31868 -3.67315 0.264904 -4.32499 -3.66893 0.273755 -4.33202 -3.66423 0.281791 -4.33969 -3.65911 0.288932 -4.34792 -3.65361 0.295102 -4.35663 -3.64779 0.300239 -4.36573 -3.64171 0.30429 -4.37512 -3.63544 0.307214 -4.3847 -3.62903 0.30898 -4.38412 -3.62805 0.0798556 -4.37395 -3.63349 0.081622 -4.36399 -3.63881 0.0845458 -4.35434 -3.64397 0.0885971 -4.3451 -3.6489 0.0937342 -4.33637 -3.65357 0.0999045 -4.32824 -3.65792 0.107045 -4.32078 -3.6619 0.115081 -4.31408 -3.66549 0.123932 -4.30821 -3.66863 0.133506 -4.30321 -3.6713 0.143705 -4.29916 -3.67346 0.154425 -4.29608 -3.67511 0.165555 -4.294 -3.67622 0.176981 -4.29296 -3.67677 0.188586 -4.29296 -3.67677 0.20025 -4.294 -3.67622 0.211855 -4.29608 -3.67511 0.223281 -4.29916 -3.67346 0.234411 -4.30321 -3.6713 0.245131 -4.30821 -3.66863 0.25533 -4.31408 -3.66549 0.264904 -4.32078 -3.6619 0.273755 -4.32824 -3.65792 0.281791 -4.33637 -3.65357 0.288932 -4.3451 -3.6489 0.295102 -4.35434 -3.64397 0.300239 -4.36399 -3.63881 0.30429 -4.37395 -3.63349 0.307214 -4.38412 -3.62805 0.30898 -4.38363 -3.62702 0.0798556 -4.37297 -3.63143 0.081622 -4.36254 -3.63575 0.0845458 -4.35244 -3.63994 0.0885971 -4.34276 -3.64395 0.0937342 -4.33361 -3.64773 0.0999045 -4.32509 -3.65126 0.107045 -4.31728 -3.6545 0.115081 -4.31026 -3.65741 0.123932 -4.3041 -3.65996 0.133506 -4.29887 -3.66212 0.143705 -4.29462 -3.66388 0.154425 -4.2914 -3.66522 0.165555 -4.28923 -3.66612 0.176981 -4.28814 -3.66657 0.188586 -4.28814 -3.66657 0.20025 -4.28923 -3.66612 0.211855 -4.2914 -3.66522 0.223281 -4.29462 -3.66388 0.234411 -4.29887 -3.66212 0.245131 -4.3041 -3.65996 0.25533 -4.31026 -3.65741 0.264904 -4.31728 -3.6545 0.273755 -4.32509 -3.65126 0.281791 -4.33361 -3.64773 0.288932 -4.34276 -3.64395 0.295102 -4.35244 -3.63994 0.300239 -4.36254 -3.63575 0.30429 -4.37297 -3.63143 0.307214 -4.38363 -3.62702 0.30898 -4.38324 -3.62594 0.0798556 -4.37221 -3.62929 0.081622 -4.3614 -3.63257 0.0845458 -4.35093 -3.63574 0.0885971 -4.34091 -3.63878 0.0937342 -4.33144 -3.64166 0.0999045 -4.32261 -3.64433 0.107045 -4.31452 -3.64679 0.115081 -4.30725 -3.64899 0.123932 -4.30087 -3.65093 0.133506 -4.29546 -3.65257 0.143705 -4.29105 -3.65391 0.154425 -4.28771 -3.65492 0.165555 -4.28547 -3.6556 0.176981 -4.28434 -3.65594 0.188586 -4.28434 -3.65594 0.20025 -4.28547 -3.6556 0.211855 -4.28771 -3.65492 0.223281 -4.29105 -3.65391 0.234411 -4.29546 -3.65257 0.245131 -4.30087 -3.65093 0.25533 -4.30725 -3.64899 0.264904 -4.31452 -3.64679 0.273755 -4.32261 -3.64433 0.281791 -4.33144 -3.64166 0.288932 -4.34091 -3.63878 0.295102 -4.35093 -3.63574 0.300239 -4.3614 -3.63257 0.30429 -4.37221 -3.62929 0.307214 -4.38324 -3.62594 0.30898 -4.38296 -3.62483 0.0798556 -4.37166 -3.62708 0.081622 -4.36058 -3.62929 0.0845458 -4.34985 -3.63142 0.0885971 -4.33958 -3.63346 0.0937342 -4.32987 -3.63539 0.0999045 -4.32082 -3.63719 0.107045 -4.31253 -3.63884 0.115081 -4.30508 -3.64033 0.123932 -4.29854 -3.64162 0.133506 -4.29299 -3.64273 0.143705 -4.28848 -3.64363 0.154425 -4.28505 -3.64431 0.165555 -4.28275 -3.64477 0.176981 -4.28159 -3.645 0.188586 -4.28159 -3.645 0.20025 -4.28275 -3.64477 0.211855 -4.28505 -3.64431 0.223281 -4.28848 -3.64363 0.234411 -4.29299 -3.64273 0.245131 -4.29854 -3.64162 0.25533 -4.30508 -3.64033 0.264904 -4.31253 -3.63884 0.273755 -4.32082 -3.63719 0.281791 -4.32987 -3.63539 0.288932 -4.33958 -3.63346 0.295102 -4.34985 -3.63142 0.300239 -4.36058 -3.62929 0.30429 -4.37166 -3.62708 0.307214 -4.38296 -3.62483 0.30898 -4.3828 -3.6237 0.0798556 -4.37132 -3.62483 0.081622 -4.36008 -3.62594 0.0845458 -4.3492 -3.62701 0.0885971 -4.33878 -3.62804 0.0937342 -4.32892 -3.62901 0.0999045 -4.31974 -3.62991 0.107045 -4.31133 -3.63074 0.115081 -4.30377 -3.63149 0.123932 -4.29714 -3.63214 0.133506 -4.2915 -3.63269 0.143705 -4.28692 -3.63314 0.154425 -4.28345 -3.63349 0.165555 -4.28111 -3.63372 0.176981 -4.27994 -3.63383 0.188586 -4.27994 -3.63383 0.20025 -4.28111 -3.63372 0.211855 -4.28345 -3.63349 0.223281 -4.28692 -3.63314 0.234411 -4.2915 -3.63269 0.245131 -4.29714 -3.63214 0.25533 -4.30377 -3.63149 0.264904 -4.31133 -3.63074 0.273755 -4.31974 -3.62991 0.281791 -4.32892 -3.62901 0.288932 -4.33878 -3.62804 0.295102 -4.3492 -3.62701 0.300239 -4.36008 -3.62594 0.30429 -4.37132 -3.62483 0.307214 -4.3828 -3.6237 0.30898 -1.77187 -3.87141 -4.69282e-07 -1.6041 -3.87141 -4.69282e-07 -1.6041 -3.87141 0.381256 -1.77187 -3.87141 0.381256 -1.60732 -3.83868 -4.69282e-07 -1.60732 -3.83868 0.381256 -1.61687 -3.80721 -4.69282e-07 -1.61687 -3.80721 0.381256 -1.63237 -3.7782 -4.69282e-07 -1.63237 -3.7782 0.381256 -1.65324 -3.75278 -4.69282e-07 -1.65324 -3.75278 0.381256 -1.67866 -3.73191 -4.69282e-07 -1.67866 -3.73191 0.381256 -1.70767 -3.71641 -4.69282e-07 -1.70767 -3.71641 0.381256 -1.73914 -3.70686 -4.69282e-07 -1.73914 -3.70686 0.381256 -1.77187 -3.70364 -4.69282e-07 -1.77187 -3.70364 0.381256 -1.8046 -3.70686 -4.69282e-07 -1.8046 -3.70686 0.381256 -1.83607 -3.71641 -4.69282e-07 -1.83607 -3.71641 0.381256 -1.86508 -3.73191 -4.69282e-07 -1.86508 -3.73191 0.381256 -1.8905 -3.75278 -4.69282e-07 -1.8905 -3.75278 0.381256 -1.91137 -3.7782 -4.69282e-07 -1.91137 -3.7782 0.381256 -1.92687 -3.80721 -4.69282e-07 -1.92687 -3.80721 0.381256 -1.93642 -3.83868 -4.69282e-07 -1.93642 -3.83868 0.381256 -1.93964 -3.87141 -4.69282e-07 -1.93964 -3.87141 0.381256 -1.93642 -3.90414 -4.69282e-07 -1.93642 -3.90414 0.381256 -1.92687 -3.93561 -4.69282e-07 -1.92687 -3.93561 0.381256 -1.91137 -3.96462 -4.69282e-07 -1.91137 -3.96462 0.381256 -1.8905 -3.99004 -4.69282e-07 -1.8905 -3.99004 0.381256 -1.86508 -4.01091 -4.69282e-07 -1.86508 -4.01091 0.381256 -1.83607 -4.02641 -4.69282e-07 -1.83607 -4.02641 0.381256 -1.8046 -4.03596 -4.69282e-07 -1.8046 -4.03596 0.381256 -1.77187 -4.03918 -4.69282e-07 -1.77187 -4.03918 0.381256 -1.73914 -4.03596 -4.69282e-07 -1.73914 -4.03596 0.381256 -1.70767 -4.02641 -4.69282e-07 -1.70767 -4.02641 0.381256 -1.67866 -4.01091 -4.69282e-07 -1.67866 -4.01091 0.381256 -1.65324 -3.99004 -4.69282e-07 -1.65324 -3.99004 0.381256 -1.63237 -3.96462 -4.69282e-07 -1.63237 -3.96462 0.381256 -1.61687 -3.93561 -4.69282e-07 -1.61687 -3.93561 0.381256 -1.60732 -3.90414 -4.69282e-07 -1.60732 -3.90414 0.381256 2.5833 3.72189 0 2.5833 3.72189 0.954868 2.5833 4.06131 0 2.5833 4.06131 0.954868 3.0075 3.72189 0 3.0075 3.72189 0.954868 3.0075 4.06131 0 3.0075 4.06131 0.954868 -2.34555 4.36331 0.160256 -2.31854 4.36331 0.161625 -2.2918 4.36331 0.165721 -2.26562 4.36331 0.172501 -2.24025 4.36331 0.181895 -2.21597 4.36331 0.193807 -2.19301 4.36331 0.208115 -2.17162 4.36331 0.224671 -2.15202 4.36331 0.243306 -2.1344 4.36331 0.26383 -2.11895 4.36331 0.28603 -2.10582 4.36331 0.30968 -2.09515 4.36331 0.334536 -2.08706 4.36331 0.360344 -2.08161 4.36331 0.386838 -2.07888 4.36331 0.413748 -2.07888 4.36331 0.440796 -2.08161 4.36331 0.467706 -2.08706 4.36331 0.4942 -2.09515 4.36331 0.520008 -2.10582 4.36331 0.544864 -2.11895 4.36331 0.568514 -2.1344 4.36331 0.590714 -2.15202 4.36331 0.611238 -2.17162 4.36331 0.629873 -2.19301 4.36331 0.646429 -2.21597 4.36331 0.660737 -2.24025 4.36331 0.672649 -2.26562 4.36331 0.682043 -2.2918 4.36331 0.688823 -2.31854 4.36331 0.692918 -2.34555 4.36331 0.694288 -2.31867 4.36596 0.161625 -2.29206 4.36858 0.165721 -2.266 4.37114 0.172501 -2.24076 4.37363 0.181895 -2.21659 4.37601 0.193807 -2.19375 4.37826 0.208115 -2.17246 4.38036 0.224671 -2.15295 4.38228 0.243306 -2.13542 4.38401 0.26383 -2.12004 4.38552 0.28603 -2.10698 4.38681 0.30968 -2.09636 4.38785 0.334536 -2.0883 4.38865 0.360344 -2.08288 4.38918 0.386838 -2.08016 4.38945 0.413748 -2.08016 4.38945 0.440796 -2.08288 4.38918 0.467706 -2.0883 4.38865 0.4942 -2.09636 4.38785 0.520008 -2.10698 4.38681 0.544864 -2.12004 4.38552 0.568514 -2.13542 4.38401 0.590714 -2.15295 4.38228 0.611238 -2.17246 4.38036 0.629873 -2.19375 4.37826 0.646429 -2.21659 4.37601 0.660737 -2.24076 4.37363 0.672649 -2.266 4.37114 0.682043 -2.29206 4.36858 0.688823 -2.31867 4.36596 0.692918 -2.31906 4.36858 0.161625 -2.29283 4.3738 0.165721 -2.26715 4.3789 0.172501 -2.24227 4.38385 0.181895 -2.21846 4.38859 0.193807 -2.19594 4.39307 0.208115 -2.17496 4.39724 0.224671 -2.15574 4.40107 0.243306 -2.13846 4.4045 0.26383 -2.1233 4.40752 0.28603 -2.11043 4.41008 0.30968 -2.09997 4.41216 0.334536 -2.09202 4.41374 0.360344 -2.08668 4.4148 0.386838 -2.084 4.41534 0.413748 -2.084 4.41534 0.440796 -2.08668 4.4148 0.467706 -2.09202 4.41374 0.4942 -2.09997 4.41216 0.520008 -2.11043 4.41008 0.544864 -2.1233 4.40752 0.568514 -2.13846 4.4045 0.590714 -2.15574 4.40107 0.611238 -2.17496 4.39724 0.629873 -2.19594 4.39307 0.646429 -2.21846 4.38859 0.660737 -2.24227 4.38385 0.672649 -2.26715 4.3789 0.682043 -2.29283 4.3738 0.688823 -2.31906 4.36858 0.692918 -2.3197 4.37115 0.161625 -2.29411 4.37891 0.165721 -2.26906 4.38651 0.172501 -2.24478 4.39388 0.181895 -2.22155 4.40093 0.193807 -2.19958 4.40759 0.208115 -2.17911 4.4138 0.224671 -2.16035 4.41949 0.243306 -2.14349 4.4246 0.26383 -2.12871 4.42909 0.28603 -2.11614 4.4329 0.30968 -2.10594 4.436 0.334536 -2.09819 4.43835 0.360344 -2.09298 4.43993 0.386838 -2.09036 4.44072 0.413748 -2.09036 4.44072 0.440796 -2.09298 4.43993 0.467706 -2.09819 4.43835 0.4942 -2.10594 4.436 0.520008 -2.11614 4.4329 0.544864 -2.12871 4.42909 0.568514 -2.14349 4.4246 0.590714 -2.16035 4.41949 0.611238 -2.17911 4.4138 0.629873 -2.19958 4.40759 0.646429 -2.22155 4.40093 0.660737 -2.24478 4.39388 0.672649 -2.26906 4.38651 0.682043 -2.29411 4.37891 0.688823 -2.3197 4.37115 0.692918 -2.32059 4.37365 0.161625 -2.29589 4.38388 0.165721 -2.2717 4.3939 0.172501 -2.24827 4.40361 0.181895 -2.22583 4.4129 0.193807 -2.20462 4.42168 0.208115 -2.18486 4.42987 0.224671 -2.16675 4.43737 0.243306 -2.15047 4.44411 0.26383 -2.1362 4.45003 0.28603 -2.12407 4.45505 0.30968 -2.11421 4.45913 0.334536 -2.10673 4.46223 0.360344 -2.1017 4.46431 0.386838 -2.09918 4.46536 0.413748 -2.09918 4.46536 0.440796 -2.1017 4.46431 0.467706 -2.10673 4.46223 0.4942 -2.11421 4.45913 0.520008 -2.12407 4.45505 0.544864 -2.1362 4.45003 0.568514 -2.15047 4.44411 0.590714 -2.16675 4.43737 0.611238 -2.18486 4.42987 0.629873 -2.20462 4.42168 0.646429 -2.22583 4.4129 0.660737 -2.24827 4.40361 0.672649 -2.2717 4.3939 0.682043 -2.29589 4.38388 0.688823 -2.32059 4.37365 0.692918 -2.32173 4.37604 0.161625 -2.29815 4.38865 0.165721 -2.27505 4.40099 0.172501 -2.25268 4.41295 0.181895 -2.23127 4.4244 0.193807 -2.21102 4.43522 0.208115 -2.19216 4.4453 0.224671 -2.17487 4.45454 0.243306 -2.15933 4.46285 0.26383 -2.1457 4.47013 0.28603 -2.13413 4.47632 0.30968 -2.12472 4.48135 0.334536 -2.11758 4.48516 0.360344 -2.11278 4.48773 0.386838 -2.11036 4.48902 0.413748 -2.11036 4.48902 0.440796 -2.11278 4.48773 0.467706 -2.11758 4.48516 0.4942 -2.12472 4.48135 0.520008 -2.13413 4.47632 0.544864 -2.1457 4.47013 0.568514 -2.15933 4.46285 0.590714 -2.17487 4.45454 0.611238 -2.19216 4.4453 0.629873 -2.21102 4.43522 0.646429 -2.23127 4.4244 0.660737 -2.25268 4.41295 0.672649 -2.27505 4.40099 0.682043 -2.29815 4.38865 0.688823 -2.32173 4.37604 0.692918 -2.32309 4.37832 0.161625 -2.30086 4.39317 0.165721 -2.27909 4.40772 0.172501 -2.258 4.42181 0.181895 -2.23781 4.4353 0.193807 -2.21872 4.44806 0.208115 -2.20093 4.45994 0.224671 -2.18463 4.47083 0.243306 -2.16999 4.48062 0.26383 -2.15714 4.4892 0.28603 -2.14622 4.4965 0.30968 -2.13735 4.50242 0.334536 -2.13062 4.50692 0.360344 -2.12609 4.50995 0.386838 -2.12382 4.51147 0.413748 -2.12382 4.51147 0.440796 -2.12609 4.50995 0.467706 -2.13062 4.50692 0.4942 -2.13735 4.50242 0.520008 -2.14622 4.4965 0.544864 -2.15714 4.4892 0.568514 -2.16999 4.48062 0.590714 -2.18463 4.47083 0.611238 -2.20093 4.45994 0.629873 -2.21872 4.44806 0.646429 -2.23781 4.4353 0.660737 -2.258 4.42181 0.672649 -2.27909 4.40772 0.682043 -2.30086 4.39317 0.688823 -2.32309 4.37832 0.692918 -2.32467 4.38045 0.161625 -2.304 4.39741 0.165721 -2.28376 4.41402 0.172501 -2.26415 4.43011 0.181895 -2.24538 4.44552 0.193807 -2.22764 4.46008 0.208115 -2.2111 4.47365 0.224671 -2.19595 4.48608 0.243306 -2.18233 4.49726 0.26383 -2.17038 4.50706 0.28603 -2.16024 4.51539 0.30968 -2.15199 4.52216 0.334536 -2.14573 4.5273 0.360344 -2.14152 4.53075 0.386838 -2.13941 4.53249 0.413748 -2.13941 4.53249 0.440796 -2.14152 4.53075 0.467706 -2.14573 4.5273 0.4942 -2.15199 4.52216 0.520008 -2.16024 4.51539 0.544864 -2.17038 4.50706 0.568514 -2.18233 4.49726 0.590714 -2.19595 4.48608 0.611238 -2.2111 4.47365 0.629873 -2.22764 4.46008 0.646429 -2.24538 4.44552 0.660737 -2.26415 4.43011 0.672649 -2.28376 4.41402 0.682043 -2.304 4.39741 0.688823 -2.32467 4.38045 0.692918 -2.32645 4.38241 0.161625 -2.30754 4.40132 0.165721 -2.28903 4.41983 0.172501 -2.27109 4.43777 0.181895 -2.25392 4.45494 0.193807 -2.23769 4.47117 0.208115 -2.22256 4.4863 0.224671 -2.2087 4.50016 0.243306 -2.19624 4.51262 0.26383 -2.18532 4.52354 0.28603 -2.17604 4.53282 0.30968 -2.16849 4.54037 0.334536 -2.16277 4.54609 0.360344 -2.15892 4.54994 0.386838 -2.15698 4.55188 0.413748 -2.15698 4.55188 0.440796 -2.15892 4.54994 0.467706 -2.16277 4.54609 0.4942 -2.16849 4.54037 0.520008 -2.17604 4.53282 0.544864 -2.18532 4.52354 0.568514 -2.19624 4.51262 0.590714 -2.2087 4.50016 0.611238 -2.22256 4.4863 0.629873 -2.23769 4.47117 0.646429 -2.25392 4.45494 0.660737 -2.27109 4.43777 0.672649 -2.28903 4.41983 0.682043 -2.30754 4.40132 0.688823 -2.32645 4.38241 0.692918 -2.32841 4.38419 0.161625 -2.31145 4.40486 0.165721 -2.29484 4.4251 0.172501 -2.27875 4.44471 0.181895 -2.26334 4.46348 0.193807 -2.24878 4.48122 0.208115 -2.23521 4.49776 0.224671 -2.22277 4.51291 0.243306 -2.2116 4.52653 0.26383 -2.2018 4.53848 0.28603 -2.19347 4.54862 0.30968 -2.1867 4.55687 0.334536 -2.18156 4.56313 0.360344 -2.17811 4.56734 0.386838 -2.17637 4.56945 0.413748 -2.17637 4.56945 0.440796 -2.17811 4.56734 0.467706 -2.18156 4.56313 0.4942 -2.1867 4.55687 0.520008 -2.19347 4.54862 0.544864 -2.2018 4.53848 0.568514 -2.2116 4.52653 0.590714 -2.22277 4.51291 0.611238 -2.23521 4.49776 0.629873 -2.24878 4.48122 0.646429 -2.26334 4.46348 0.660737 -2.27875 4.44471 0.672649 -2.29484 4.4251 0.682043 -2.31145 4.40486 0.688823 -2.32841 4.38419 0.692918 -2.33054 4.38577 0.161625 -2.31569 4.408 0.165721 -2.30114 4.42977 0.172501 -2.28705 4.45086 0.181895 -2.27356 4.47106 0.193807 -2.2608 4.49014 0.208115 -2.24892 4.50793 0.224671 -2.23803 4.52423 0.243306 -2.22824 4.53888 0.26383 -2.21966 4.55172 0.28603 -2.21236 4.56264 0.30968 -2.20644 4.57151 0.334536 -2.20194 4.57824 0.360344 -2.19891 4.58277 0.386838 -2.19739 4.58504 0.413748 -2.19739 4.58504 0.440796 -2.19891 4.58277 0.467706 -2.20194 4.57824 0.4942 -2.20644 4.57151 0.520008 -2.21236 4.56264 0.544864 -2.21966 4.55172 0.568514 -2.22824 4.53888 0.590714 -2.23803 4.52423 0.611238 -2.24892 4.50793 0.629873 -2.2608 4.49014 0.646429 -2.27356 4.47106 0.660737 -2.28705 4.45086 0.672649 -2.30114 4.42977 0.682043 -2.31569 4.408 0.688823 -2.33054 4.38577 0.692918 -2.33282 4.38713 0.161625 -2.32021 4.41071 0.165721 -2.30787 4.43381 0.172501 -2.29591 4.45618 0.181895 -2.28446 4.47759 0.193807 -2.27364 4.49784 0.208115 -2.26356 4.5167 0.224671 -2.25432 4.53399 0.243306 -2.24601 4.54953 0.26383 -2.23873 4.56316 0.28603 -2.23254 4.57473 0.30968 -2.22751 4.58414 0.334536 -2.2237 4.59128 0.360344 -2.22113 4.59608 0.386838 -2.21984 4.5985 0.413748 -2.21984 4.5985 0.440796 -2.22113 4.59608 0.467706 -2.2237 4.59128 0.4942 -2.22751 4.58414 0.520008 -2.23254 4.57473 0.544864 -2.23873 4.56316 0.568514 -2.24601 4.54953 0.590714 -2.25432 4.53399 0.611238 -2.26356 4.5167 0.629873 -2.27364 4.49784 0.646429 -2.28446 4.47759 0.660737 -2.29591 4.45618 0.672649 -2.30787 4.43381 0.682043 -2.32021 4.41071 0.688823 -2.33282 4.38713 0.692918 -2.33521 4.38827 0.161625 -2.32498 4.41297 0.165721 -2.31496 4.43716 0.172501 -2.30525 4.46059 0.181895 -2.29596 4.48303 0.193807 -2.28718 4.50424 0.208115 -2.27899 4.524 0.224671 -2.27149 4.54211 0.243306 -2.26475 4.55839 0.26383 -2.25883 4.57266 0.28603 -2.25381 4.58479 0.30968 -2.24973 4.59465 0.334536 -2.24663 4.60213 0.360344 -2.24455 4.60716 0.386838 -2.2435 4.60968 0.413748 -2.2435 4.60968 0.440796 -2.24455 4.60716 0.467706 -2.24663 4.60213 0.4942 -2.24973 4.59465 0.520008 -2.25381 4.58479 0.544864 -2.25883 4.57266 0.568514 -2.26475 4.55839 0.590714 -2.27149 4.54211 0.611238 -2.27899 4.524 0.629873 -2.28718 4.50424 0.646429 -2.29596 4.48303 0.660737 -2.30525 4.46059 0.672649 -2.31496 4.43716 0.682043 -2.32498 4.41297 0.688823 -2.33521 4.38827 0.692918 -2.33771 4.38916 0.161625 -2.32995 4.41475 0.165721 -2.32235 4.4398 0.172501 -2.31498 4.46408 0.181895 -2.30793 4.48731 0.193807 -2.30127 4.50928 0.208115 -2.29506 4.52975 0.224671 -2.28937 4.54851 0.243306 -2.28426 4.56537 0.26383 -2.27977 4.58015 0.28603 -2.27596 4.59272 0.30968 -2.27286 4.60292 0.334536 -2.27051 4.61067 0.360344 -2.26893 4.61588 0.386838 -2.26814 4.6185 0.413748 -2.26814 4.6185 0.440796 -2.26893 4.61588 0.467706 -2.27051 4.61067 0.4942 -2.27286 4.60292 0.520008 -2.27596 4.59272 0.544864 -2.27977 4.58015 0.568514 -2.28426 4.56537 0.590714 -2.28937 4.54851 0.611238 -2.29506 4.52975 0.629873 -2.30127 4.50928 0.646429 -2.30793 4.48731 0.660737 -2.31498 4.46408 0.672649 -2.32235 4.4398 0.682043 -2.32995 4.41475 0.688823 -2.33771 4.38916 0.692918 -2.34028 4.3898 0.161625 -2.33506 4.41603 0.165721 -2.32996 4.44171 0.172501 -2.32501 4.46659 0.181895 -2.32027 4.4904 0.193807 -2.31579 4.51292 0.208115 -2.31162 4.5339 0.224671 -2.30779 4.55312 0.243306 -2.30436 4.5704 0.26383 -2.30134 4.58556 0.28603 -2.29878 4.59843 0.30968 -2.2967 4.60889 0.334536 -2.29512 4.61684 0.360344 -2.29406 4.62218 0.386838 -2.29352 4.62486 0.413748 -2.29352 4.62486 0.440796 -2.29406 4.62218 0.467706 -2.29512 4.61684 0.4942 -2.2967 4.60889 0.520008 -2.29878 4.59843 0.544864 -2.30134 4.58556 0.568514 -2.30436 4.5704 0.590714 -2.30779 4.55312 0.611238 -2.31162 4.5339 0.629873 -2.31579 4.51292 0.646429 -2.32027 4.4904 0.660737 -2.32501 4.46659 0.672649 -2.32996 4.44171 0.682043 -2.33506 4.41603 0.688823 -2.34028 4.3898 0.692918 -2.3429 4.39019 0.161625 -2.34028 4.4168 0.165721 -2.33771 4.44286 0.172501 -2.33523 4.4681 0.181895 -2.33285 4.49227 0.193807 -2.3306 4.51511 0.208115 -2.3285 4.5364 0.224671 -2.32658 4.55591 0.243306 -2.32485 4.57344 0.26383 -2.32334 4.58882 0.28603 -2.32205 4.60188 0.30968 -2.32101 4.6125 0.334536 -2.32021 4.62056 0.360344 -2.31968 4.62598 0.386838 -2.31941 4.6287 0.413748 -2.31941 4.6287 0.440796 -2.31968 4.62598 0.467706 -2.32021 4.62056 0.4942 -2.32101 4.6125 0.520008 -2.32205 4.60188 0.544864 -2.32334 4.58882 0.568514 -2.32485 4.57344 0.590714 -2.32658 4.55591 0.611238 -2.3285 4.5364 0.629873 -2.3306 4.51511 0.646429 -2.33285 4.49227 0.660737 -2.33523 4.4681 0.672649 -2.33771 4.44286 0.682043 -2.34028 4.4168 0.688823 -2.3429 4.39019 0.692918 -2.34555 4.39032 0.161625 -2.34555 4.41706 0.165721 -2.34555 4.44324 0.172501 -2.34555 4.46861 0.181895 -2.34555 4.49289 0.193807 -2.34555 4.51585 0.208115 -2.34555 4.53724 0.224671 -2.34555 4.55684 0.243306 -2.34555 4.57446 0.26383 -2.34555 4.58991 0.28603 -2.34555 4.60304 0.30968 -2.34555 4.61371 0.334536 -2.34555 4.6218 0.360344 -2.34555 4.62725 0.386838 -2.34555 4.62998 0.413748 -2.34555 4.62998 0.440796 -2.34555 4.62725 0.467706 -2.34555 4.6218 0.4942 -2.34555 4.61371 0.520008 -2.34555 4.60304 0.544864 -2.34555 4.58991 0.568514 -2.34555 4.57446 0.590714 -2.34555 4.55684 0.611238 -2.34555 4.53724 0.629873 -2.34555 4.51585 0.646429 -2.34555 4.49289 0.660737 -2.34555 4.46861 0.672649 -2.34555 4.44324 0.682043 -2.34555 4.41706 0.688823 -2.34555 4.39032 0.692918 -2.3482 4.39019 0.161625 -2.35082 4.4168 0.165721 -2.35338 4.44286 0.172501 -2.35587 4.4681 0.181895 -2.35825 4.49227 0.193807 -2.3605 4.51511 0.208115 -2.3626 4.5364 0.224671 -2.36452 4.55591 0.243306 -2.36625 4.57344 0.26383 -2.36776 4.58882 0.28603 -2.36905 4.60188 0.30968 -2.37009 4.6125 0.334536 -2.37089 4.62056 0.360344 -2.37142 4.62598 0.386838 -2.37169 4.6287 0.413748 -2.37169 4.6287 0.440796 -2.37142 4.62598 0.467706 -2.37089 4.62056 0.4942 -2.37009 4.6125 0.520008 -2.36905 4.60188 0.544864 -2.36776 4.58882 0.568514 -2.36625 4.57344 0.590714 -2.36452 4.55591 0.611238 -2.3626 4.5364 0.629873 -2.3605 4.51511 0.646429 -2.35825 4.49227 0.660737 -2.35587 4.4681 0.672649 -2.35338 4.44286 0.682043 -2.35082 4.4168 0.688823 -2.3482 4.39019 0.692918 -2.35082 4.3898 0.161625 -2.35604 4.41603 0.165721 -2.36114 4.44171 0.172501 -2.36609 4.46659 0.181895 -2.37083 4.4904 0.193807 -2.37531 4.51292 0.208115 -2.37948 4.5339 0.224671 -2.38331 4.55312 0.243306 -2.38674 4.5704 0.26383 -2.38976 4.58556 0.28603 -2.39232 4.59843 0.30968 -2.3944 4.60889 0.334536 -2.39598 4.61684 0.360344 -2.39704 4.62218 0.386838 -2.39758 4.62486 0.413748 -2.39758 4.62486 0.440796 -2.39704 4.62218 0.467706 -2.39598 4.61684 0.4942 -2.3944 4.60889 0.520008 -2.39232 4.59843 0.544864 -2.38976 4.58556 0.568514 -2.38674 4.5704 0.590714 -2.38331 4.55312 0.611238 -2.37948 4.5339 0.629873 -2.37531 4.51292 0.646429 -2.37083 4.4904 0.660737 -2.36609 4.46659 0.672649 -2.36114 4.44171 0.682043 -2.35604 4.41603 0.688823 -2.35082 4.3898 0.692918 -2.35339 4.38916 0.161625 -2.36115 4.41475 0.165721 -2.36875 4.4398 0.172501 -2.37612 4.46408 0.181895 -2.38317 4.48731 0.193807 -2.38983 4.50928 0.208115 -2.39604 4.52975 0.224671 -2.40173 4.54851 0.243306 -2.40684 4.56537 0.26383 -2.41133 4.58015 0.28603 -2.41514 4.59272 0.30968 -2.41824 4.60292 0.334536 -2.42059 4.61067 0.360344 -2.42217 4.61588 0.386838 -2.42296 4.6185 0.413748 -2.42296 4.6185 0.440796 -2.42217 4.61588 0.467706 -2.42059 4.61067 0.4942 -2.41824 4.60292 0.520008 -2.41514 4.59272 0.544864 -2.41133 4.58015 0.568514 -2.40684 4.56537 0.590714 -2.40173 4.54851 0.611238 -2.39604 4.52975 0.629873 -2.38983 4.50928 0.646429 -2.38317 4.48731 0.660737 -2.37612 4.46408 0.672649 -2.36875 4.4398 0.682043 -2.36115 4.41475 0.688823 -2.35339 4.38916 0.692918 -2.35589 4.38827 0.161625 -2.36612 4.41297 0.165721 -2.37614 4.43716 0.172501 -2.38585 4.46059 0.181895 -2.39514 4.48303 0.193807 -2.40392 4.50424 0.208115 -2.41211 4.524 0.224671 -2.41961 4.54211 0.243306 -2.42635 4.55839 0.26383 -2.43227 4.57266 0.28603 -2.43729 4.58479 0.30968 -2.44137 4.59465 0.334536 -2.44447 4.60213 0.360344 -2.44655 4.60716 0.386838 -2.4476 4.60968 0.413748 -2.4476 4.60968 0.440796 -2.44655 4.60716 0.467706 -2.44447 4.60213 0.4942 -2.44137 4.59465 0.520008 -2.43729 4.58479 0.544864 -2.43227 4.57266 0.568514 -2.42635 4.55839 0.590714 -2.41961 4.54211 0.611238 -2.41211 4.524 0.629873 -2.40392 4.50424 0.646429 -2.39514 4.48303 0.660737 -2.38585 4.46059 0.672649 -2.37614 4.43716 0.682043 -2.36612 4.41297 0.688823 -2.35589 4.38827 0.692918 -2.35828 4.38713 0.161625 -2.37089 4.41071 0.165721 -2.38323 4.43381 0.172501 -2.39519 4.45618 0.181895 -2.40664 4.47759 0.193807 -2.41746 4.49784 0.208115 -2.42754 4.5167 0.224671 -2.43678 4.53399 0.243306 -2.44509 4.54953 0.26383 -2.45237 4.56316 0.28603 -2.45856 4.57473 0.30968 -2.46359 4.58414 0.334536 -2.4674 4.59128 0.360344 -2.46997 4.59608 0.386838 -2.47126 4.5985 0.413748 -2.47126 4.5985 0.440796 -2.46997 4.59608 0.467706 -2.4674 4.59128 0.4942 -2.46359 4.58414 0.520008 -2.45856 4.57473 0.544864 -2.45237 4.56316 0.568514 -2.44509 4.54953 0.590714 -2.43678 4.53399 0.611238 -2.42754 4.5167 0.629873 -2.41746 4.49784 0.646429 -2.40664 4.47759 0.660737 -2.39519 4.45618 0.672649 -2.38323 4.43381 0.682043 -2.37089 4.41071 0.688823 -2.35828 4.38713 0.692918 -2.36056 4.38577 0.161625 -2.37541 4.408 0.165721 -2.38996 4.42977 0.172501 -2.40405 4.45086 0.181895 -2.41754 4.47106 0.193807 -2.4303 4.49014 0.208115 -2.44218 4.50793 0.224671 -2.45307 4.52423 0.243306 -2.46286 4.53888 0.26383 -2.47144 4.55172 0.28603 -2.47874 4.56264 0.30968 -2.48466 4.57151 0.334536 -2.48916 4.57824 0.360344 -2.49219 4.58277 0.386838 -2.49371 4.58504 0.413748 -2.49371 4.58504 0.440796 -2.49219 4.58277 0.467706 -2.48916 4.57824 0.4942 -2.48466 4.57151 0.520008 -2.47874 4.56264 0.544864 -2.47144 4.55172 0.568514 -2.46286 4.53888 0.590714 -2.45307 4.52423 0.611238 -2.44218 4.50793 0.629873 -2.4303 4.49014 0.646429 -2.41754 4.47106 0.660737 -2.40405 4.45086 0.672649 -2.38996 4.42977 0.682043 -2.37541 4.408 0.688823 -2.36056 4.38577 0.692918 -2.36269 4.38419 0.161625 -2.37965 4.40486 0.165721 -2.39626 4.4251 0.172501 -2.41235 4.44471 0.181895 -2.42776 4.46348 0.193807 -2.44232 4.48122 0.208115 -2.45589 4.49776 0.224671 -2.46833 4.51291 0.243306 -2.4795 4.52653 0.26383 -2.4893 4.53848 0.28603 -2.49763 4.54862 0.30968 -2.5044 4.55687 0.334536 -2.50954 4.56313 0.360344 -2.51299 4.56734 0.386838 -2.51473 4.56945 0.413748 -2.51473 4.56945 0.440796 -2.51299 4.56734 0.467706 -2.50954 4.56313 0.4942 -2.5044 4.55687 0.520008 -2.49763 4.54862 0.544864 -2.4893 4.53848 0.568514 -2.4795 4.52653 0.590714 -2.46833 4.51291 0.611238 -2.45589 4.49776 0.629873 -2.44232 4.48122 0.646429 -2.42776 4.46348 0.660737 -2.41235 4.44471 0.672649 -2.39626 4.4251 0.682043 -2.37965 4.40486 0.688823 -2.36269 4.38419 0.692918 -2.36465 4.38241 0.161625 -2.38356 4.40132 0.165721 -2.40207 4.41983 0.172501 -2.42001 4.43777 0.181895 -2.43718 4.45494 0.193807 -2.45341 4.47117 0.208115 -2.46854 4.4863 0.224671 -2.4824 4.50016 0.243306 -2.49486 4.51262 0.26383 -2.50578 4.52354 0.28603 -2.51506 4.53282 0.30968 -2.52261 4.54037 0.334536 -2.52833 4.54609 0.360344 -2.53218 4.54994 0.386838 -2.53412 4.55188 0.413748 -2.53412 4.55188 0.440796 -2.53218 4.54994 0.467706 -2.52833 4.54609 0.4942 -2.52261 4.54037 0.520008 -2.51506 4.53282 0.544864 -2.50578 4.52354 0.568514 -2.49486 4.51262 0.590714 -2.4824 4.50016 0.611238 -2.46854 4.4863 0.629873 -2.45341 4.47117 0.646429 -2.43718 4.45494 0.660737 -2.42001 4.43777 0.672649 -2.40207 4.41983 0.682043 -2.38356 4.40132 0.688823 -2.36465 4.38241 0.692918 -2.36643 4.38045 0.161625 -2.3871 4.39741 0.165721 -2.40734 4.41402 0.172501 -2.42695 4.43011 0.181895 -2.44572 4.44552 0.193807 -2.46346 4.46008 0.208115 -2.48 4.47365 0.224671 -2.49515 4.48608 0.243306 -2.50877 4.49726 0.26383 -2.52072 4.50706 0.28603 -2.53086 4.51539 0.30968 -2.53911 4.52216 0.334536 -2.54537 4.5273 0.360344 -2.54958 4.53075 0.386838 -2.55169 4.53249 0.413748 -2.55169 4.53249 0.440796 -2.54958 4.53075 0.467706 -2.54537 4.5273 0.4942 -2.53911 4.52216 0.520008 -2.53086 4.51539 0.544864 -2.52072 4.50706 0.568514 -2.50877 4.49726 0.590714 -2.49515 4.48608 0.611238 -2.48 4.47365 0.629873 -2.46346 4.46008 0.646429 -2.44572 4.44552 0.660737 -2.42695 4.43011 0.672649 -2.40734 4.41402 0.682043 -2.3871 4.39741 0.688823 -2.36643 4.38045 0.692918 -2.36801 4.37832 0.161625 -2.39024 4.39317 0.165721 -2.41201 4.40772 0.172501 -2.4331 4.42181 0.181895 -2.45329 4.4353 0.193807 -2.47238 4.44806 0.208115 -2.49017 4.45994 0.224671 -2.50647 4.47083 0.243306 -2.52111 4.48062 0.26383 -2.53396 4.4892 0.28603 -2.54488 4.4965 0.30968 -2.55375 4.50242 0.334536 -2.56048 4.50692 0.360344 -2.56501 4.50995 0.386838 -2.56728 4.51147 0.413748 -2.56728 4.51147 0.440796 -2.56501 4.50995 0.467706 -2.56048 4.50692 0.4942 -2.55375 4.50242 0.520008 -2.54488 4.4965 0.544864 -2.53396 4.4892 0.568514 -2.52111 4.48062 0.590714 -2.50647 4.47083 0.611238 -2.49017 4.45994 0.629873 -2.47238 4.44806 0.646429 -2.45329 4.4353 0.660737 -2.4331 4.42181 0.672649 -2.41201 4.40772 0.682043 -2.39024 4.39317 0.688823 -2.36801 4.37832 0.692918 -2.36937 4.37604 0.161625 -2.39295 4.38865 0.165721 -2.41605 4.40099 0.172501 -2.43842 4.41295 0.181895 -2.45983 4.4244 0.193807 -2.48008 4.43522 0.208115 -2.49894 4.4453 0.224671 -2.51623 4.45454 0.243306 -2.53177 4.46285 0.26383 -2.5454 4.47013 0.28603 -2.55697 4.47632 0.30968 -2.56638 4.48135 0.334536 -2.57352 4.48516 0.360344 -2.57832 4.48773 0.386838 -2.58074 4.48902 0.413748 -2.58074 4.48902 0.440796 -2.57832 4.48773 0.467706 -2.57352 4.48516 0.4942 -2.56638 4.48135 0.520008 -2.55697 4.47632 0.544864 -2.5454 4.47013 0.568514 -2.53177 4.46285 0.590714 -2.51623 4.45454 0.611238 -2.49894 4.4453 0.629873 -2.48008 4.43522 0.646429 -2.45983 4.4244 0.660737 -2.43842 4.41295 0.672649 -2.41605 4.40099 0.682043 -2.39295 4.38865 0.688823 -2.36937 4.37604 0.692918 -2.37051 4.37365 0.161625 -2.39521 4.38388 0.165721 -2.4194 4.3939 0.172501 -2.44283 4.40361 0.181895 -2.46527 4.4129 0.193807 -2.48648 4.42168 0.208115 -2.50624 4.42987 0.224671 -2.52435 4.43737 0.243306 -2.54063 4.44411 0.26383 -2.5549 4.45003 0.28603 -2.56703 4.45505 0.30968 -2.57688 4.45913 0.334536 -2.58437 4.46223 0.360344 -2.5894 4.46431 0.386838 -2.59192 4.46536 0.413748 -2.59192 4.46536 0.440796 -2.5894 4.46431 0.467706 -2.58437 4.46223 0.4942 -2.57688 4.45913 0.520008 -2.56703 4.45505 0.544864 -2.5549 4.45003 0.568514 -2.54063 4.44411 0.590714 -2.52435 4.43737 0.611238 -2.50624 4.42987 0.629873 -2.48648 4.42168 0.646429 -2.46527 4.4129 0.660737 -2.44283 4.40361 0.672649 -2.4194 4.3939 0.682043 -2.39521 4.38388 0.688823 -2.37051 4.37365 0.692918 -2.3714 4.37115 0.161625 -2.39699 4.37891 0.165721 -2.42204 4.38651 0.172501 -2.44632 4.39388 0.181895 -2.46955 4.40093 0.193807 -2.49152 4.40759 0.208115 -2.51199 4.4138 0.224671 -2.53075 4.41949 0.243306 -2.54761 4.4246 0.26383 -2.56239 4.42909 0.28603 -2.57496 4.4329 0.30968 -2.58516 4.436 0.334536 -2.59291 4.43835 0.360344 -2.59812 4.43993 0.386838 -2.60074 4.44072 0.413748 -2.60074 4.44072 0.440796 -2.59812 4.43993 0.467706 -2.59291 4.43835 0.4942 -2.58516 4.436 0.520008 -2.57496 4.4329 0.544864 -2.56239 4.42909 0.568514 -2.54761 4.4246 0.590714 -2.53075 4.41949 0.611238 -2.51199 4.4138 0.629873 -2.49152 4.40759 0.646429 -2.46955 4.40093 0.660737 -2.44632 4.39388 0.672649 -2.42204 4.38651 0.682043 -2.39699 4.37891 0.688823 -2.3714 4.37115 0.692918 -2.37204 4.36858 0.161625 -2.39827 4.3738 0.165721 -2.42395 4.3789 0.172501 -2.44883 4.38385 0.181895 -2.47264 4.38859 0.193807 -2.49516 4.39307 0.208115 -2.51614 4.39724 0.224671 -2.53536 4.40107 0.243306 -2.55264 4.4045 0.26383 -2.5678 4.40752 0.28603 -2.58067 4.41008 0.30968 -2.59113 4.41216 0.334536 -2.59908 4.41374 0.360344 -2.60442 4.4148 0.386838 -2.6071 4.41534 0.413748 -2.6071 4.41534 0.440796 -2.60442 4.4148 0.467706 -2.59908 4.41374 0.4942 -2.59113 4.41216 0.520008 -2.58067 4.41008 0.544864 -2.5678 4.40752 0.568514 -2.55264 4.4045 0.590714 -2.53536 4.40107 0.611238 -2.51614 4.39724 0.629873 -2.49516 4.39307 0.646429 -2.47264 4.38859 0.660737 -2.44883 4.38385 0.672649 -2.42395 4.3789 0.682043 -2.39827 4.3738 0.688823 -2.37204 4.36858 0.692918 -2.37243 4.36596 0.161625 -2.39904 4.36858 0.165721 -2.4251 4.37114 0.172501 -2.45034 4.37363 0.181895 -2.47451 4.37601 0.193807 -2.49735 4.37826 0.208115 -2.51864 4.38036 0.224671 -2.53815 4.38228 0.243306 -2.55568 4.38401 0.26383 -2.57106 4.38552 0.28603 -2.58412 4.38681 0.30968 -2.59474 4.38785 0.334536 -2.6028 4.38865 0.360344 -2.60822 4.38918 0.386838 -2.61094 4.38945 0.413748 -2.61094 4.38945 0.440796 -2.60822 4.38918 0.467706 -2.6028 4.38865 0.4942 -2.59474 4.38785 0.520008 -2.58412 4.38681 0.544864 -2.57106 4.38552 0.568514 -2.55568 4.38401 0.590714 -2.53815 4.38228 0.611238 -2.51864 4.38036 0.629873 -2.49735 4.37826 0.646429 -2.47451 4.37601 0.660737 -2.45034 4.37363 0.672649 -2.4251 4.37114 0.682043 -2.39904 4.36858 0.688823 -2.37243 4.36596 0.692918 -2.37256 4.36331 0.161625 -2.3993 4.36331 0.165721 -2.42548 4.36331 0.172501 -2.45085 4.36331 0.181895 -2.47513 4.36331 0.193807 -2.49809 4.36331 0.208115 -2.51948 4.36331 0.224671 -2.53908 4.36331 0.243306 -2.5567 4.36331 0.26383 -2.57215 4.36331 0.28603 -2.58528 4.36331 0.30968 -2.59595 4.36331 0.334536 -2.60404 4.36331 0.360344 -2.60949 4.36331 0.386838 -2.61222 4.36331 0.413748 -2.61222 4.36331 0.440796 -2.60949 4.36331 0.467706 -2.60404 4.36331 0.4942 -2.59595 4.36331 0.520008 -2.58528 4.36331 0.544864 -2.57215 4.36331 0.568514 -2.5567 4.36331 0.590714 -2.53908 4.36331 0.611238 -2.51948 4.36331 0.629873 -2.49809 4.36331 0.646429 -2.47513 4.36331 0.660737 -2.45085 4.36331 0.672649 -2.42548 4.36331 0.682043 -2.3993 4.36331 0.688823 -2.37256 4.36331 0.692918 -2.37243 4.36066 0.161625 -2.39904 4.35804 0.165721 -2.4251 4.35547 0.172501 -2.45034 4.35299 0.181895 -2.47451 4.35061 0.193807 -2.49735 4.34836 0.208115 -2.51864 4.34626 0.224671 -2.53815 4.34434 0.243306 -2.55568 4.34261 0.26383 -2.57106 4.3411 0.28603 -2.58412 4.33981 0.30968 -2.59474 4.33877 0.334536 -2.6028 4.33797 0.360344 -2.60822 4.33744 0.386838 -2.61094 4.33717 0.413748 -2.61094 4.33717 0.440796 -2.60822 4.33744 0.467706 -2.6028 4.33797 0.4942 -2.59474 4.33877 0.520008 -2.58412 4.33981 0.544864 -2.57106 4.3411 0.568514 -2.55568 4.34261 0.590714 -2.53815 4.34434 0.611238 -2.51864 4.34626 0.629873 -2.49735 4.34836 0.646429 -2.47451 4.35061 0.660737 -2.45034 4.35299 0.672649 -2.4251 4.35547 0.682043 -2.39904 4.35804 0.688823 -2.37243 4.36066 0.692918 -2.37204 4.35804 0.161625 -2.39827 4.35282 0.165721 -2.42395 4.34772 0.172501 -2.44883 4.34277 0.181895 -2.47264 4.33803 0.193807 -2.49516 4.33355 0.208115 -2.51614 4.32938 0.224671 -2.53536 4.32555 0.243306 -2.55264 4.32212 0.26383 -2.5678 4.3191 0.28603 -2.58067 4.31654 0.30968 -2.59113 4.31446 0.334536 -2.59908 4.31288 0.360344 -2.60442 4.31182 0.386838 -2.6071 4.31128 0.413748 -2.6071 4.31128 0.440796 -2.60442 4.31182 0.467706 -2.59908 4.31288 0.4942 -2.59113 4.31446 0.520008 -2.58067 4.31654 0.544864 -2.5678 4.3191 0.568514 -2.55264 4.32212 0.590714 -2.53536 4.32555 0.611238 -2.51614 4.32938 0.629873 -2.49516 4.33355 0.646429 -2.47264 4.33803 0.660737 -2.44883 4.34277 0.672649 -2.42395 4.34772 0.682043 -2.39827 4.35282 0.688823 -2.37204 4.35804 0.692918 -2.3714 4.35547 0.161625 -2.39699 4.34771 0.165721 -2.42204 4.34011 0.172501 -2.44632 4.33274 0.181895 -2.46955 4.32569 0.193807 -2.49152 4.31903 0.208115 -2.51199 4.31282 0.224671 -2.53075 4.30713 0.243306 -2.54761 4.30202 0.26383 -2.56239 4.29753 0.28603 -2.57496 4.29372 0.30968 -2.58516 4.29062 0.334536 -2.59291 4.28827 0.360344 -2.59812 4.28669 0.386838 -2.60074 4.2859 0.413748 -2.60074 4.2859 0.440796 -2.59812 4.28669 0.467706 -2.59291 4.28827 0.4942 -2.58516 4.29062 0.520008 -2.57496 4.29372 0.544864 -2.56239 4.29753 0.568514 -2.54761 4.30202 0.590714 -2.53075 4.30713 0.611238 -2.51199 4.31282 0.629873 -2.49152 4.31903 0.646429 -2.46955 4.32569 0.660737 -2.44632 4.33274 0.672649 -2.42204 4.34011 0.682043 -2.39699 4.34771 0.688823 -2.3714 4.35547 0.692918 -2.37051 4.35297 0.161625 -2.39521 4.34274 0.165721 -2.4194 4.33272 0.172501 -2.44283 4.32301 0.181895 -2.46527 4.31372 0.193807 -2.48648 4.30494 0.208115 -2.50624 4.29675 0.224671 -2.52435 4.28925 0.243306 -2.54063 4.28251 0.26383 -2.5549 4.27659 0.28603 -2.56703 4.27157 0.30968 -2.57688 4.26749 0.334536 -2.58437 4.26439 0.360344 -2.5894 4.26231 0.386838 -2.59192 4.26126 0.413748 -2.59192 4.26126 0.440796 -2.5894 4.26231 0.467706 -2.58437 4.26439 0.4942 -2.57688 4.26749 0.520008 -2.56703 4.27157 0.544864 -2.5549 4.27659 0.568514 -2.54063 4.28251 0.590714 -2.52435 4.28925 0.611238 -2.50624 4.29675 0.629873 -2.48648 4.30494 0.646429 -2.46527 4.31372 0.660737 -2.44283 4.32301 0.672649 -2.4194 4.33272 0.682043 -2.39521 4.34274 0.688823 -2.37051 4.35297 0.692918 -2.36937 4.35058 0.161625 -2.39295 4.33797 0.165721 -2.41605 4.32563 0.172501 -2.43842 4.31367 0.181895 -2.45983 4.30222 0.193807 -2.48008 4.2914 0.208115 -2.49894 4.28132 0.224671 -2.51623 4.27208 0.243306 -2.53177 4.26377 0.26383 -2.5454 4.25649 0.28603 -2.55697 4.2503 0.30968 -2.56638 4.24527 0.334536 -2.57352 4.24146 0.360344 -2.57832 4.23889 0.386838 -2.58074 4.2376 0.413748 -2.58074 4.2376 0.440796 -2.57832 4.23889 0.467706 -2.57352 4.24146 0.4942 -2.56638 4.24527 0.520008 -2.55697 4.2503 0.544864 -2.5454 4.25649 0.568514 -2.53177 4.26377 0.590714 -2.51623 4.27208 0.611238 -2.49894 4.28132 0.629873 -2.48008 4.2914 0.646429 -2.45983 4.30222 0.660737 -2.43842 4.31367 0.672649 -2.41605 4.32563 0.682043 -2.39295 4.33797 0.688823 -2.36937 4.35058 0.692918 -2.36801 4.3483 0.161625 -2.39024 4.33345 0.165721 -2.41201 4.3189 0.172501 -2.4331 4.30481 0.181895 -2.45329 4.29132 0.193807 -2.47238 4.27856 0.208115 -2.49017 4.26668 0.224671 -2.50647 4.25579 0.243306 -2.52111 4.246 0.26383 -2.53396 4.23742 0.28603 -2.54488 4.23012 0.30968 -2.55375 4.2242 0.334536 -2.56048 4.2197 0.360344 -2.56501 4.21667 0.386838 -2.56728 4.21515 0.413748 -2.56728 4.21515 0.440796 -2.56501 4.21667 0.467706 -2.56048 4.2197 0.4942 -2.55375 4.2242 0.520008 -2.54488 4.23012 0.544864 -2.53396 4.23742 0.568514 -2.52111 4.246 0.590714 -2.50647 4.25579 0.611238 -2.49017 4.26668 0.629873 -2.47238 4.27856 0.646429 -2.45329 4.29132 0.660737 -2.4331 4.30481 0.672649 -2.41201 4.3189 0.682043 -2.39024 4.33345 0.688823 -2.36801 4.3483 0.692918 -2.36643 4.34617 0.161625 -2.3871 4.32921 0.165721 -2.40734 4.3126 0.172501 -2.42695 4.29651 0.181895 -2.44572 4.2811 0.193807 -2.46346 4.26654 0.208115 -2.48 4.25297 0.224671 -2.49515 4.24053 0.243306 -2.50877 4.22936 0.26383 -2.52072 4.21956 0.28603 -2.53086 4.21123 0.30968 -2.53911 4.20446 0.334536 -2.54537 4.19932 0.360344 -2.54958 4.19587 0.386838 -2.55169 4.19413 0.413748 -2.55169 4.19413 0.440796 -2.54958 4.19587 0.467706 -2.54537 4.19932 0.4942 -2.53911 4.20446 0.520008 -2.53086 4.21123 0.544864 -2.52072 4.21956 0.568514 -2.50877 4.22936 0.590714 -2.49515 4.24053 0.611238 -2.48 4.25297 0.629873 -2.46346 4.26654 0.646429 -2.44572 4.2811 0.660737 -2.42695 4.29651 0.672649 -2.40734 4.3126 0.682043 -2.3871 4.32921 0.688823 -2.36643 4.34617 0.692918 -2.36465 4.34421 0.161625 -2.38356 4.3253 0.165721 -2.40207 4.30679 0.172501 -2.42001 4.28885 0.181895 -2.43718 4.27168 0.193807 -2.45341 4.25545 0.208115 -2.46854 4.24032 0.224671 -2.4824 4.22646 0.243306 -2.49486 4.214 0.26383 -2.50578 4.20308 0.28603 -2.51506 4.1938 0.30968 -2.52261 4.18625 0.334536 -2.52833 4.18053 0.360344 -2.53218 4.17668 0.386838 -2.53412 4.17474 0.413748 -2.53412 4.17474 0.440796 -2.53218 4.17668 0.467706 -2.52833 4.18053 0.4942 -2.52261 4.18625 0.520008 -2.51506 4.1938 0.544864 -2.50578 4.20308 0.568514 -2.49486 4.214 0.590714 -2.4824 4.22646 0.611238 -2.46854 4.24032 0.629873 -2.45341 4.25545 0.646429 -2.43718 4.27168 0.660737 -2.42001 4.28885 0.672649 -2.40207 4.30679 0.682043 -2.38356 4.3253 0.688823 -2.36465 4.34421 0.692918 -2.36269 4.34243 0.161625 -2.37965 4.32176 0.165721 -2.39626 4.30152 0.172501 -2.41235 4.28191 0.181895 -2.42776 4.26314 0.193807 -2.44232 4.2454 0.208115 -2.45589 4.22886 0.224671 -2.46833 4.21371 0.243306 -2.4795 4.20009 0.26383 -2.4893 4.18814 0.28603 -2.49763 4.178 0.30968 -2.5044 4.16975 0.334536 -2.50954 4.16349 0.360344 -2.51299 4.15928 0.386838 -2.51473 4.15717 0.413748 -2.51473 4.15717 0.440796 -2.51299 4.15928 0.467706 -2.50954 4.16349 0.4942 -2.5044 4.16975 0.520008 -2.49763 4.178 0.544864 -2.4893 4.18814 0.568514 -2.4795 4.20009 0.590714 -2.46833 4.21371 0.611238 -2.45589 4.22886 0.629873 -2.44232 4.2454 0.646429 -2.42776 4.26314 0.660737 -2.41235 4.28191 0.672649 -2.39626 4.30152 0.682043 -2.37965 4.32176 0.688823 -2.36269 4.34243 0.692918 -2.36056 4.34085 0.161625 -2.37541 4.31862 0.165721 -2.38996 4.29685 0.172501 -2.40405 4.27576 0.181895 -2.41754 4.25557 0.193807 -2.4303 4.23648 0.208115 -2.44218 4.21869 0.224671 -2.45307 4.20239 0.243306 -2.46286 4.18775 0.26383 -2.47144 4.1749 0.28603 -2.47874 4.16398 0.30968 -2.48466 4.15511 0.334536 -2.48916 4.14838 0.360344 -2.49219 4.14385 0.386838 -2.49371 4.14158 0.413748 -2.49371 4.14158 0.440796 -2.49219 4.14385 0.467706 -2.48916 4.14838 0.4942 -2.48466 4.15511 0.520008 -2.47874 4.16398 0.544864 -2.47144 4.1749 0.568514 -2.46286 4.18775 0.590714 -2.45307 4.20239 0.611238 -2.44218 4.21869 0.629873 -2.4303 4.23648 0.646429 -2.41754 4.25557 0.660737 -2.40405 4.27576 0.672649 -2.38996 4.29685 0.682043 -2.37541 4.31862 0.688823 -2.36056 4.34085 0.692918 -2.35828 4.33949 0.161625 -2.37089 4.31591 0.165721 -2.38323 4.29281 0.172501 -2.39519 4.27044 0.181895 -2.40664 4.24903 0.193807 -2.41746 4.22878 0.208115 -2.42754 4.20992 0.224671 -2.43678 4.19263 0.243306 -2.44509 4.17709 0.26383 -2.45237 4.16347 0.28603 -2.45856 4.15189 0.30968 -2.46359 4.14248 0.334536 -2.4674 4.13534 0.360344 -2.46997 4.13054 0.386838 -2.47126 4.12812 0.413748 -2.47126 4.12812 0.440796 -2.46997 4.13054 0.467706 -2.4674 4.13534 0.4942 -2.46359 4.14248 0.520008 -2.45856 4.15189 0.544864 -2.45237 4.16347 0.568514 -2.44509 4.17709 0.590714 -2.43678 4.19263 0.611238 -2.42754 4.20992 0.629873 -2.41746 4.22878 0.646429 -2.40664 4.24903 0.660737 -2.39519 4.27044 0.672649 -2.38323 4.29281 0.682043 -2.37089 4.31591 0.688823 -2.35828 4.33949 0.692918 -2.35589 4.33835 0.161625 -2.36612 4.31365 0.165721 -2.37614 4.28946 0.172501 -2.38585 4.26603 0.181895 -2.39514 4.24359 0.193807 -2.40392 4.22238 0.208115 -2.41211 4.20262 0.224671 -2.41961 4.18451 0.243306 -2.42635 4.16823 0.26383 -2.43227 4.15396 0.28603 -2.43729 4.14183 0.30968 -2.44137 4.13197 0.334536 -2.44447 4.12449 0.360344 -2.44655 4.11946 0.386838 -2.4476 4.11694 0.413748 -2.4476 4.11694 0.440796 -2.44655 4.11946 0.467706 -2.44447 4.12449 0.4942 -2.44137 4.13197 0.520008 -2.43729 4.14183 0.544864 -2.43227 4.15396 0.568514 -2.42635 4.16823 0.590714 -2.41961 4.18451 0.611238 -2.41211 4.20262 0.629873 -2.40392 4.22238 0.646429 -2.39514 4.24359 0.660737 -2.38585 4.26603 0.672649 -2.37614 4.28946 0.682043 -2.36612 4.31365 0.688823 -2.35589 4.33835 0.692918 -2.35339 4.33746 0.161625 -2.36115 4.31187 0.165721 -2.36875 4.28682 0.172501 -2.37612 4.26254 0.181895 -2.38317 4.23931 0.193807 -2.38983 4.21734 0.208115 -2.39604 4.19687 0.224671 -2.40173 4.17811 0.243306 -2.40684 4.16125 0.26383 -2.41133 4.14647 0.28603 -2.41514 4.1339 0.30968 -2.41824 4.1237 0.334536 -2.42059 4.11595 0.360344 -2.42217 4.11074 0.386838 -2.42296 4.10812 0.413748 -2.42296 4.10812 0.440796 -2.42217 4.11074 0.467706 -2.42059 4.11595 0.4942 -2.41824 4.1237 0.520008 -2.41514 4.1339 0.544864 -2.41133 4.14647 0.568514 -2.40684 4.16125 0.590714 -2.40173 4.17811 0.611238 -2.39604 4.19687 0.629873 -2.38983 4.21734 0.646429 -2.38317 4.23931 0.660737 -2.37612 4.26254 0.672649 -2.36875 4.28682 0.682043 -2.36115 4.31187 0.688823 -2.35339 4.33746 0.692918 -2.35082 4.33682 0.161625 -2.35604 4.31059 0.165721 -2.36114 4.28491 0.172501 -2.36609 4.26003 0.181895 -2.37083 4.23622 0.193807 -2.37531 4.2137 0.208115 -2.37948 4.19272 0.224671 -2.38331 4.1735 0.243306 -2.38674 4.15622 0.26383 -2.38976 4.14106 0.28603 -2.39232 4.12819 0.30968 -2.3944 4.11773 0.334536 -2.39598 4.10978 0.360344 -2.39704 4.10444 0.386838 -2.39758 4.10176 0.413748 -2.39758 4.10176 0.440796 -2.39704 4.10444 0.467706 -2.39598 4.10978 0.4942 -2.3944 4.11773 0.520008 -2.39232 4.12819 0.544864 -2.38976 4.14106 0.568514 -2.38674 4.15622 0.590714 -2.38331 4.1735 0.611238 -2.37948 4.19272 0.629873 -2.37531 4.2137 0.646429 -2.37083 4.23622 0.660737 -2.36609 4.26003 0.672649 -2.36114 4.28491 0.682043 -2.35604 4.31059 0.688823 -2.35082 4.33682 0.692918 -2.3482 4.33643 0.161625 -2.35082 4.30982 0.165721 -2.35338 4.28376 0.172501 -2.35587 4.25852 0.181895 -2.35825 4.23435 0.193807 -2.3605 4.21151 0.208115 -2.3626 4.19022 0.224671 -2.36452 4.17071 0.243306 -2.36625 4.15318 0.26383 -2.36776 4.1378 0.28603 -2.36905 4.12474 0.30968 -2.37009 4.11412 0.334536 -2.37089 4.10606 0.360344 -2.37142 4.10064 0.386838 -2.37169 4.09792 0.413748 -2.37169 4.09792 0.440796 -2.37142 4.10064 0.467706 -2.37089 4.10606 0.4942 -2.37009 4.11412 0.520008 -2.36905 4.12474 0.544864 -2.36776 4.1378 0.568514 -2.36625 4.15318 0.590714 -2.36452 4.17071 0.611238 -2.3626 4.19022 0.629873 -2.3605 4.21151 0.646429 -2.35825 4.23435 0.660737 -2.35587 4.25852 0.672649 -2.35338 4.28376 0.682043 -2.35082 4.30982 0.688823 -2.3482 4.33643 0.692918 -2.34555 4.3363 0.161625 -2.34555 4.30956 0.165721 -2.34555 4.28338 0.172501 -2.34555 4.25801 0.181895 -2.34555 4.23373 0.193807 -2.34555 4.21077 0.208115 -2.34555 4.18938 0.224671 -2.34555 4.16978 0.243306 -2.34555 4.15216 0.26383 -2.34555 4.13671 0.28603 -2.34555 4.12358 0.30968 -2.34555 4.11291 0.334536 -2.34555 4.10482 0.360344 -2.34555 4.09937 0.386838 -2.34555 4.09664 0.413748 -2.34555 4.09664 0.440796 -2.34555 4.09937 0.467706 -2.34555 4.10482 0.4942 -2.34555 4.11291 0.520008 -2.34555 4.12358 0.544864 -2.34555 4.13671 0.568514 -2.34555 4.15216 0.590714 -2.34555 4.16978 0.611238 -2.34555 4.18938 0.629873 -2.34555 4.21077 0.646429 -2.34555 4.23373 0.660737 -2.34555 4.25801 0.672649 -2.34555 4.28338 0.682043 -2.34555 4.30956 0.688823 -2.34555 4.3363 0.692918 -2.3429 4.33643 0.161625 -2.34028 4.30982 0.165721 -2.33771 4.28376 0.172501 -2.33523 4.25852 0.181895 -2.33285 4.23435 0.193807 -2.3306 4.21151 0.208115 -2.3285 4.19022 0.224671 -2.32658 4.17071 0.243306 -2.32485 4.15318 0.26383 -2.32334 4.1378 0.28603 -2.32205 4.12474 0.30968 -2.32101 4.11412 0.334536 -2.32021 4.10606 0.360344 -2.31968 4.10064 0.386838 -2.31941 4.09792 0.413748 -2.31941 4.09792 0.440796 -2.31968 4.10064 0.467706 -2.32021 4.10606 0.4942 -2.32101 4.11412 0.520008 -2.32205 4.12474 0.544864 -2.32334 4.1378 0.568514 -2.32485 4.15318 0.590714 -2.32658 4.17071 0.611238 -2.3285 4.19022 0.629873 -2.3306 4.21151 0.646429 -2.33285 4.23435 0.660737 -2.33523 4.25852 0.672649 -2.33771 4.28376 0.682043 -2.34028 4.30982 0.688823 -2.3429 4.33643 0.692918 -2.34028 4.33682 0.161625 -2.33506 4.31059 0.165721 -2.32996 4.28491 0.172501 -2.32501 4.26003 0.181895 -2.32027 4.23622 0.193807 -2.31579 4.2137 0.208115 -2.31162 4.19272 0.224671 -2.30779 4.1735 0.243306 -2.30436 4.15622 0.26383 -2.30134 4.14106 0.28603 -2.29878 4.12819 0.30968 -2.2967 4.11773 0.334536 -2.29512 4.10978 0.360344 -2.29406 4.10444 0.386838 -2.29352 4.10176 0.413748 -2.29352 4.10176 0.440796 -2.29406 4.10444 0.467706 -2.29512 4.10978 0.4942 -2.2967 4.11773 0.520008 -2.29878 4.12819 0.544864 -2.30134 4.14106 0.568514 -2.30436 4.15622 0.590714 -2.30779 4.1735 0.611238 -2.31162 4.19272 0.629873 -2.31579 4.2137 0.646429 -2.32027 4.23622 0.660737 -2.32501 4.26003 0.672649 -2.32996 4.28491 0.682043 -2.33506 4.31059 0.688823 -2.34028 4.33682 0.692918 -2.33771 4.33746 0.161625 -2.32995 4.31187 0.165721 -2.32235 4.28682 0.172501 -2.31498 4.26254 0.181895 -2.30793 4.23931 0.193807 -2.30127 4.21734 0.208115 -2.29506 4.19687 0.224671 -2.28937 4.17811 0.243306 -2.28426 4.16125 0.26383 -2.27977 4.14647 0.28603 -2.27596 4.1339 0.30968 -2.27286 4.1237 0.334536 -2.27051 4.11595 0.360344 -2.26893 4.11074 0.386838 -2.26814 4.10812 0.413748 -2.26814 4.10812 0.440796 -2.26893 4.11074 0.467706 -2.27051 4.11595 0.4942 -2.27286 4.1237 0.520008 -2.27596 4.1339 0.544864 -2.27977 4.14647 0.568514 -2.28426 4.16125 0.590714 -2.28937 4.17811 0.611238 -2.29506 4.19687 0.629873 -2.30127 4.21734 0.646429 -2.30793 4.23931 0.660737 -2.31498 4.26254 0.672649 -2.32235 4.28682 0.682043 -2.32995 4.31187 0.688823 -2.33771 4.33746 0.692918 -2.33521 4.33835 0.161625 -2.32498 4.31365 0.165721 -2.31496 4.28946 0.172501 -2.30525 4.26603 0.181895 -2.29596 4.24359 0.193807 -2.28718 4.22238 0.208115 -2.27899 4.20262 0.224671 -2.27149 4.18451 0.243306 -2.26475 4.16823 0.26383 -2.25883 4.15396 0.28603 -2.25381 4.14183 0.30968 -2.24973 4.13197 0.334536 -2.24663 4.12449 0.360344 -2.24455 4.11946 0.386838 -2.2435 4.11694 0.413748 -2.2435 4.11694 0.440796 -2.24455 4.11946 0.467706 -2.24663 4.12449 0.4942 -2.24973 4.13197 0.520008 -2.25381 4.14183 0.544864 -2.25883 4.15396 0.568514 -2.26475 4.16823 0.590714 -2.27149 4.18451 0.611238 -2.27899 4.20262 0.629873 -2.28718 4.22238 0.646429 -2.29596 4.24359 0.660737 -2.30525 4.26603 0.672649 -2.31496 4.28946 0.682043 -2.32498 4.31365 0.688823 -2.33521 4.33835 0.692918 -2.33282 4.33949 0.161625 -2.32021 4.31591 0.165721 -2.30787 4.29281 0.172501 -2.29591 4.27044 0.181895 -2.28446 4.24903 0.193807 -2.27364 4.22878 0.208115 -2.26356 4.20992 0.224671 -2.25432 4.19263 0.243306 -2.24601 4.17709 0.26383 -2.23873 4.16347 0.28603 -2.23254 4.15189 0.30968 -2.22751 4.14248 0.334536 -2.2237 4.13534 0.360344 -2.22113 4.13054 0.386838 -2.21984 4.12812 0.413748 -2.21984 4.12812 0.440796 -2.22113 4.13054 0.467706 -2.2237 4.13534 0.4942 -2.22751 4.14248 0.520008 -2.23254 4.15189 0.544864 -2.23873 4.16347 0.568514 -2.24601 4.17709 0.590714 -2.25432 4.19263 0.611238 -2.26356 4.20992 0.629873 -2.27364 4.22878 0.646429 -2.28446 4.24903 0.660737 -2.29591 4.27044 0.672649 -2.30787 4.29281 0.682043 -2.32021 4.31591 0.688823 -2.33282 4.33949 0.692918 -2.33054 4.34085 0.161625 -2.31569 4.31862 0.165721 -2.30114 4.29685 0.172501 -2.28705 4.27576 0.181895 -2.27356 4.25557 0.193807 -2.2608 4.23648 0.208115 -2.24892 4.21869 0.224671 -2.23803 4.20239 0.243306 -2.22824 4.18775 0.26383 -2.21966 4.1749 0.28603 -2.21236 4.16398 0.30968 -2.20644 4.15511 0.334536 -2.20194 4.14838 0.360344 -2.19891 4.14385 0.386838 -2.19739 4.14158 0.413748 -2.19739 4.14158 0.440796 -2.19891 4.14385 0.467706 -2.20194 4.14838 0.4942 -2.20644 4.15511 0.520008 -2.21236 4.16398 0.544864 -2.21966 4.1749 0.568514 -2.22824 4.18775 0.590714 -2.23803 4.20239 0.611238 -2.24892 4.21869 0.629873 -2.2608 4.23648 0.646429 -2.27356 4.25557 0.660737 -2.28705 4.27576 0.672649 -2.30114 4.29685 0.682043 -2.31569 4.31862 0.688823 -2.33054 4.34085 0.692918 -2.32841 4.34243 0.161625 -2.31145 4.32176 0.165721 -2.29484 4.30152 0.172501 -2.27875 4.28191 0.181895 -2.26334 4.26314 0.193807 -2.24878 4.2454 0.208115 -2.23521 4.22886 0.224671 -2.22277 4.21371 0.243306 -2.2116 4.20009 0.26383 -2.2018 4.18814 0.28603 -2.19347 4.178 0.30968 -2.1867 4.16975 0.334536 -2.18156 4.16349 0.360344 -2.17811 4.15928 0.386838 -2.17637 4.15717 0.413748 -2.17637 4.15717 0.440796 -2.17811 4.15928 0.467706 -2.18156 4.16349 0.4942 -2.1867 4.16975 0.520008 -2.19347 4.178 0.544864 -2.2018 4.18814 0.568514 -2.2116 4.20009 0.590714 -2.22277 4.21371 0.611238 -2.23521 4.22886 0.629873 -2.24878 4.2454 0.646429 -2.26334 4.26314 0.660737 -2.27875 4.28191 0.672649 -2.29484 4.30152 0.682043 -2.31145 4.32176 0.688823 -2.32841 4.34243 0.692918 -2.32645 4.34421 0.161625 -2.30754 4.3253 0.165721 -2.28903 4.30679 0.172501 -2.27109 4.28885 0.181895 -2.25392 4.27168 0.193807 -2.23769 4.25545 0.208115 -2.22256 4.24032 0.224671 -2.2087 4.22646 0.243306 -2.19624 4.214 0.26383 -2.18532 4.20308 0.28603 -2.17604 4.1938 0.30968 -2.16849 4.18625 0.334536 -2.16277 4.18053 0.360344 -2.15892 4.17668 0.386838 -2.15698 4.17474 0.413748 -2.15698 4.17474 0.440796 -2.15892 4.17668 0.467706 -2.16277 4.18053 0.4942 -2.16849 4.18625 0.520008 -2.17604 4.1938 0.544864 -2.18532 4.20308 0.568514 -2.19624 4.214 0.590714 -2.2087 4.22646 0.611238 -2.22256 4.24032 0.629873 -2.23769 4.25545 0.646429 -2.25392 4.27168 0.660737 -2.27109 4.28885 0.672649 -2.28903 4.30679 0.682043 -2.30754 4.3253 0.688823 -2.32645 4.34421 0.692918 -2.32467 4.34617 0.161625 -2.304 4.32921 0.165721 -2.28376 4.3126 0.172501 -2.26415 4.29651 0.181895 -2.24538 4.2811 0.193807 -2.22764 4.26654 0.208115 -2.2111 4.25297 0.224671 -2.19595 4.24053 0.243306 -2.18233 4.22936 0.26383 -2.17038 4.21956 0.28603 -2.16024 4.21123 0.30968 -2.15199 4.20446 0.334536 -2.14573 4.19932 0.360344 -2.14152 4.19587 0.386838 -2.13941 4.19413 0.413748 -2.13941 4.19413 0.440796 -2.14152 4.19587 0.467706 -2.14573 4.19932 0.4942 -2.15199 4.20446 0.520008 -2.16024 4.21123 0.544864 -2.17038 4.21956 0.568514 -2.18233 4.22936 0.590714 -2.19595 4.24053 0.611238 -2.2111 4.25297 0.629873 -2.22764 4.26654 0.646429 -2.24538 4.2811 0.660737 -2.26415 4.29651 0.672649 -2.28376 4.3126 0.682043 -2.304 4.32921 0.688823 -2.32467 4.34617 0.692918 -2.32309 4.3483 0.161625 -2.30086 4.33345 0.165721 -2.27909 4.3189 0.172501 -2.258 4.30481 0.181895 -2.23781 4.29132 0.193807 -2.21872 4.27856 0.208115 -2.20093 4.26668 0.224671 -2.18463 4.25579 0.243306 -2.16999 4.246 0.26383 -2.15714 4.23742 0.28603 -2.14622 4.23012 0.30968 -2.13735 4.2242 0.334536 -2.13062 4.2197 0.360344 -2.12609 4.21667 0.386838 -2.12382 4.21515 0.413748 -2.12382 4.21515 0.440796 -2.12609 4.21667 0.467706 -2.13062 4.2197 0.4942 -2.13735 4.2242 0.520008 -2.14622 4.23012 0.544864 -2.15714 4.23742 0.568514 -2.16999 4.246 0.590714 -2.18463 4.25579 0.611238 -2.20093 4.26668 0.629873 -2.21872 4.27856 0.646429 -2.23781 4.29132 0.660737 -2.258 4.30481 0.672649 -2.27909 4.3189 0.682043 -2.30086 4.33345 0.688823 -2.32309 4.3483 0.692918 -2.32173 4.35058 0.161625 -2.29815 4.33797 0.165721 -2.27505 4.32563 0.172501 -2.25268 4.31367 0.181895 -2.23127 4.30222 0.193807 -2.21102 4.2914 0.208115 -2.19216 4.28132 0.224671 -2.17487 4.27208 0.243306 -2.15933 4.26377 0.26383 -2.1457 4.25649 0.28603 -2.13413 4.2503 0.30968 -2.12472 4.24527 0.334536 -2.11758 4.24146 0.360344 -2.11278 4.23889 0.386838 -2.11036 4.2376 0.413748 -2.11036 4.2376 0.440796 -2.11278 4.23889 0.467706 -2.11758 4.24146 0.4942 -2.12472 4.24527 0.520008 -2.13413 4.2503 0.544864 -2.1457 4.25649 0.568514 -2.15933 4.26377 0.590714 -2.17487 4.27208 0.611238 -2.19216 4.28132 0.629873 -2.21102 4.2914 0.646429 -2.23127 4.30222 0.660737 -2.25268 4.31367 0.672649 -2.27505 4.32563 0.682043 -2.29815 4.33797 0.688823 -2.32173 4.35058 0.692918 -2.32059 4.35297 0.161625 -2.29589 4.34274 0.165721 -2.2717 4.33272 0.172501 -2.24827 4.32301 0.181895 -2.22583 4.31372 0.193807 -2.20462 4.30494 0.208115 -2.18486 4.29675 0.224671 -2.16675 4.28925 0.243306 -2.15047 4.28251 0.26383 -2.1362 4.27659 0.28603 -2.12407 4.27157 0.30968 -2.11421 4.26749 0.334536 -2.10673 4.26439 0.360344 -2.1017 4.26231 0.386838 -2.09918 4.26126 0.413748 -2.09918 4.26126 0.440796 -2.1017 4.26231 0.467706 -2.10673 4.26439 0.4942 -2.11421 4.26749 0.520008 -2.12407 4.27157 0.544864 -2.1362 4.27659 0.568514 -2.15047 4.28251 0.590714 -2.16675 4.28925 0.611238 -2.18486 4.29675 0.629873 -2.20462 4.30494 0.646429 -2.22583 4.31372 0.660737 -2.24827 4.32301 0.672649 -2.2717 4.33272 0.682043 -2.29589 4.34274 0.688823 -2.32059 4.35297 0.692918 -2.3197 4.35547 0.161625 -2.29411 4.34771 0.165721 -2.26906 4.34011 0.172501 -2.24478 4.33274 0.181895 -2.22155 4.32569 0.193807 -2.19958 4.31903 0.208115 -2.17911 4.31282 0.224671 -2.16035 4.30713 0.243306 -2.14349 4.30202 0.26383 -2.12871 4.29753 0.28603 -2.11614 4.29372 0.30968 -2.10594 4.29062 0.334536 -2.09819 4.28827 0.360344 -2.09298 4.28669 0.386838 -2.09036 4.2859 0.413748 -2.09036 4.2859 0.440796 -2.09298 4.28669 0.467706 -2.09819 4.28827 0.4942 -2.10594 4.29062 0.520008 -2.11614 4.29372 0.544864 -2.12871 4.29753 0.568514 -2.14349 4.30202 0.590714 -2.16035 4.30713 0.611238 -2.17911 4.31282 0.629873 -2.19958 4.31903 0.646429 -2.22155 4.32569 0.660737 -2.24478 4.33274 0.672649 -2.26906 4.34011 0.682043 -2.29411 4.34771 0.688823 -2.3197 4.35547 0.692918 -2.31906 4.35804 0.161625 -2.29283 4.35282 0.165721 -2.26715 4.34772 0.172501 -2.24227 4.34277 0.181895 -2.21846 4.33803 0.193807 -2.19594 4.33355 0.208115 -2.17496 4.32938 0.224671 -2.15574 4.32555 0.243306 -2.13846 4.32212 0.26383 -2.1233 4.3191 0.28603 -2.11043 4.31654 0.30968 -2.09997 4.31446 0.334536 -2.09202 4.31288 0.360344 -2.08668 4.31182 0.386838 -2.084 4.31128 0.413748 -2.084 4.31128 0.440796 -2.08668 4.31182 0.467706 -2.09202 4.31288 0.4942 -2.09997 4.31446 0.520008 -2.11043 4.31654 0.544864 -2.1233 4.3191 0.568514 -2.13846 4.32212 0.590714 -2.15574 4.32555 0.611238 -2.17496 4.32938 0.629873 -2.19594 4.33355 0.646429 -2.21846 4.33803 0.660737 -2.24227 4.34277 0.672649 -2.26715 4.34772 0.682043 -2.29283 4.35282 0.688823 -2.31906 4.35804 0.692918 -2.31867 4.36066 0.161625 -2.29206 4.35804 0.165721 -2.266 4.35547 0.172501 -2.24076 4.35299 0.181895 -2.21659 4.35061 0.193807 -2.19375 4.34836 0.208115 -2.17246 4.34626 0.224671 -2.15295 4.34434 0.243306 -2.13542 4.34261 0.26383 -2.12004 4.3411 0.28603 -2.10698 4.33981 0.30968 -2.09636 4.33877 0.334536 -2.0883 4.33797 0.360344 -2.08288 4.33744 0.386838 -2.08016 4.33717 0.413748 -2.08016 4.33717 0.440796 -2.08288 4.33744 0.467706 -2.0883 4.33797 0.4942 -2.09636 4.33877 0.520008 -2.10698 4.33981 0.544864 -2.12004 4.3411 0.568514 -2.13542 4.34261 0.590714 -2.15295 4.34434 0.611238 -2.17246 4.34626 0.629873 -2.19375 4.34836 0.646429 -2.21659 4.35061 0.660737 -2.24076 4.35299 0.672649 -2.266 4.35547 0.682043 -2.29206 4.35804 0.688823 -2.31867 4.36066 0.692918 -4.35087 -2.93205 -0.0878104 -4.32913 -2.93205 -0.0867077 -4.30761 -2.93205 -0.0834112 -4.28653 -2.93205 -0.0779545 -4.26612 -2.93205 -0.0703937 -4.24657 -2.93205 -0.0608064 -4.2281 -2.93205 -0.0492909 -4.21088 -2.93205 -0.0359655 -4.19511 -2.93205 -0.0209668 -4.18093 -2.93205 -0.0044487 -4.16849 -2.93205 0.0134192 -4.15792 -2.93205 0.0324536 -4.14934 -2.93205 0.0524592 -4.14282 -2.93205 0.0732307 -4.13844 -2.93205 0.0945549 -4.13624 -2.93205 0.116213 -4.13624 -2.93205 0.137983 -4.13844 -2.93205 0.159641 -4.14282 -2.93205 0.180965 -4.14934 -2.93205 0.201737 -4.15792 -2.93205 0.221742 -4.16849 -2.93205 0.240777 -4.18093 -2.93205 0.258645 -4.19511 -2.93205 0.275163 -4.21088 -2.93205 0.290161 -4.2281 -2.93205 0.303487 -4.24657 -2.93205 0.315002 -4.26612 -2.93205 0.32459 -4.28653 -2.93205 0.332151 -4.30761 -2.93205 0.337607 -4.32913 -2.93205 0.340904 -4.35087 -2.93205 0.342006 -4.32923 -2.92992 -0.0867077 -4.30782 -2.92781 -0.0834112 -4.28684 -2.92574 -0.0779545 -4.26653 -2.92374 -0.0703937 -4.24708 -2.92183 -0.0608064 -4.22869 -2.92002 -0.0492909 -4.21156 -2.91833 -0.0359655 -4.19586 -2.91678 -0.0209668 -4.18174 -2.91539 -0.0044487 -4.16937 -2.91417 0.0134192 -4.15885 -2.91314 0.0324536 -4.15031 -2.9123 0.0524592 -4.14382 -2.91166 0.0732307 -4.13946 -2.91123 0.0945549 -4.13727 -2.91101 0.116213 -4.13727 -2.91101 0.137983 -4.13946 -2.91123 0.159641 -4.14382 -2.91166 0.180965 -4.15031 -2.9123 0.201737 -4.15885 -2.91314 0.221742 -4.16937 -2.91417 0.240777 -4.18174 -2.91539 0.258645 -4.19586 -2.91678 0.275163 -4.21156 -2.91833 0.290161 -4.22869 -2.92002 0.303487 -4.24708 -2.92183 0.315002 -4.26653 -2.92374 0.32459 -4.28684 -2.92574 0.332151 -4.30782 -2.92781 0.337607 -4.32923 -2.92992 0.340904 -4.32955 -2.92781 -0.0867077 -4.30844 -2.92361 -0.0834112 -4.28777 -2.9195 -0.0779545 -4.26775 -2.91552 -0.0703937 -4.24858 -2.9117 -0.0608064 -4.23046 -2.9081 -0.0492909 -4.21357 -2.90474 -0.0359655 -4.1981 -2.90166 -0.0209668 -4.18419 -2.8989 -0.0044487 -4.17199 -2.89647 0.0134192 -4.16163 -2.89441 0.0324536 -4.15321 -2.89273 0.0524592 -4.14682 -2.89146 0.0732307 -4.14252 -2.89061 0.0945549 -4.14036 -2.89018 0.116213 -4.14036 -2.89018 0.137983 -4.14252 -2.89061 0.159641 -4.14682 -2.89146 0.180965 -4.15321 -2.89273 0.201737 -4.16163 -2.89441 0.221742 -4.17199 -2.89647 0.240777 -4.18419 -2.8989 0.258645 -4.1981 -2.90166 0.275163 -4.21357 -2.90474 0.290161 -4.23046 -2.9081 0.303487 -4.24858 -2.9117 0.315002 -4.26775 -2.91552 0.32459 -4.28777 -2.9195 0.332151 -4.30844 -2.92361 0.337607 -4.32955 -2.92781 0.340904 -4.33006 -2.92574 -0.0867077 -4.30947 -2.91949 -0.0834112 -4.2893 -2.91337 -0.0779545 -4.26977 -2.90745 -0.0703937 -4.25107 -2.90177 -0.0608064 -4.23339 -2.89641 -0.0492909 -4.21691 -2.89141 -0.0359655 -4.20181 -2.88683 -0.0209668 -4.18824 -2.88272 -0.0044487 -4.17634 -2.87911 0.0134192 -4.16623 -2.87604 0.0324536 -4.15802 -2.87355 0.0524592 -4.15178 -2.87166 0.0732307 -4.14759 -2.87038 0.0945549 -4.14548 -2.86975 0.116213 -4.14548 -2.86975 0.137983 -4.14759 -2.87038 0.159641 -4.15178 -2.87166 0.180965 -4.15802 -2.87355 0.201737 -4.16623 -2.87604 0.221742 -4.17634 -2.87911 0.240777 -4.18824 -2.88272 0.258645 -4.20181 -2.88683 0.275163 -4.21691 -2.89141 0.290161 -4.23339 -2.89641 0.303487 -4.25107 -2.90177 0.315002 -4.26977 -2.90745 0.32459 -4.2893 -2.91337 0.332151 -4.30947 -2.91949 0.337607 -4.33006 -2.92574 0.340904 -4.33078 -2.92373 -0.0867077 -4.3109 -2.91549 -0.0834112 -4.29143 -2.90743 -0.0779545 -4.27257 -2.89962 -0.0703937 -4.25451 -2.89214 -0.0608064 -4.23744 -2.88507 -0.0492909 -4.22154 -2.87848 -0.0359655 -4.20696 -2.87244 -0.0209668 -4.19386 -2.86702 -0.0044487 -4.18237 -2.86226 0.0134192 -4.17261 -2.85821 0.0324536 -4.16468 -2.85493 0.0524592 -4.15866 -2.85243 0.0732307 -4.15461 -2.85076 0.0945549 -4.15258 -2.84991 0.116213 -4.15258 -2.84991 0.137983 -4.15461 -2.85076 0.159641 -4.15866 -2.85243 0.180965 -4.16468 -2.85493 0.201737 -4.17261 -2.85821 0.221742 -4.18237 -2.86226 0.240777 -4.19386 -2.86702 0.258645 -4.20696 -2.87244 0.275163 -4.22154 -2.87848 0.290161 -4.23744 -2.88507 0.303487 -4.25451 -2.89214 0.315002 -4.27257 -2.89962 0.32459 -4.29143 -2.90743 0.332151 -4.3109 -2.91549 0.337607 -4.33078 -2.92373 0.340904 -4.3317 -2.9218 -0.0867077 -4.31272 -2.91166 -0.0834112 -4.29413 -2.90172 -0.0779545 -4.27613 -2.8921 -0.0703937 -4.25889 -2.88289 -0.0608064 -4.2426 -2.87418 -0.0492909 -4.22741 -2.86606 -0.0359655 -4.2135 -2.85862 -0.0209668 -4.20099 -2.85194 -0.0044487 -4.19002 -2.84608 0.0134192 -4.18071 -2.8411 0.0324536 -4.17314 -2.83705 0.0524592 -4.16739 -2.83398 0.0732307 -4.16352 -2.83191 0.0945549 -4.16158 -2.83087 0.116213 -4.16158 -2.83087 0.137983 -4.16352 -2.83191 0.159641 -4.16739 -2.83398 0.180965 -4.17314 -2.83705 0.201737 -4.18071 -2.8411 0.221742 -4.19002 -2.84608 0.240777 -4.20099 -2.85194 0.258645 -4.2135 -2.85862 0.275163 -4.22741 -2.86606 0.290161 -4.2426 -2.87418 0.303487 -4.25889 -2.88289 0.315002 -4.27613 -2.8921 0.32459 -4.29413 -2.90172 0.332151 -4.31272 -2.91166 0.337607 -4.3317 -2.9218 0.340904 -4.33279 -2.91997 -0.0867077 -4.3149 -2.90802 -0.0834112 -4.29738 -2.89631 -0.0779545 -4.2804 -2.88497 -0.0703937 -4.26415 -2.87411 -0.0608064 -4.24879 -2.86384 -0.0492909 -4.23448 -2.85428 -0.0359655 -4.22136 -2.84551 -0.0209668 -4.20957 -2.83763 -0.0044487 -4.19923 -2.83072 0.0134192 -4.19044 -2.82486 0.0324536 -4.1833 -2.82009 0.0524592 -4.17788 -2.81646 0.0732307 -4.17424 -2.81403 0.0945549 -4.17241 -2.81281 0.116213 -4.17241 -2.81281 0.137983 -4.17424 -2.81403 0.159641 -4.17788 -2.81646 0.180965 -4.1833 -2.82009 0.201737 -4.19044 -2.82486 0.221742 -4.19923 -2.83072 0.240777 -4.20957 -2.83763 0.258645 -4.22136 -2.84551 0.275163 -4.23448 -2.85428 0.290161 -4.24879 -2.86384 0.303487 -4.26415 -2.87411 0.315002 -4.2804 -2.88497 0.32459 -4.29738 -2.89631 0.332151 -4.3149 -2.90802 0.337607 -4.33279 -2.91997 0.340904 -4.33406 -2.91826 -0.0867077 -4.31743 -2.90461 -0.0834112 -4.30114 -2.89124 -0.0779545 -4.28536 -2.87828 -0.0703937 -4.27025 -2.86589 -0.0608064 -4.25597 -2.85417 -0.0492909 -4.24266 -2.84324 -0.0359655 -4.23046 -2.83323 -0.0209668 -4.2195 -2.82424 -0.0044487 -4.20989 -2.81635 0.0134192 -4.20172 -2.80965 0.0324536 -4.19508 -2.8042 0.0524592 -4.19005 -2.80007 0.0732307 -4.18666 -2.79729 0.0945549 -4.18496 -2.79589 0.116213 -4.18496 -2.79589 0.137983 -4.18666 -2.79729 0.159641 -4.19005 -2.80007 0.180965 -4.19508 -2.8042 0.201737 -4.20172 -2.80965 0.221742 -4.20989 -2.81635 0.240777 -4.2195 -2.82424 0.258645 -4.23046 -2.83323 0.275163 -4.24266 -2.84324 0.290161 -4.25597 -2.85417 0.303487 -4.27025 -2.86589 0.315002 -4.28536 -2.87828 0.32459 -4.30114 -2.89124 0.332151 -4.31743 -2.90461 0.337607 -4.33406 -2.91826 0.340904 -4.3355 -2.91668 -0.0867077 -4.32028 -2.90146 -0.0834112 -4.30538 -2.88656 -0.0779545 -4.29094 -2.87212 -0.0703937 -4.27712 -2.8583 -0.0608064 -4.26406 -2.84524 -0.0492909 -4.25189 -2.83307 -0.0359655 -4.24073 -2.82191 -0.0209668 -4.2307 -2.81188 -0.0044487 -4.22191 -2.80309 0.0134192 -4.21444 -2.79562 0.0324536 -4.20837 -2.78955 0.0524592 -4.20376 -2.78494 0.0732307 -4.20066 -2.78184 0.0945549 -4.1991 -2.78028 0.116213 -4.1991 -2.78028 0.137983 -4.20066 -2.78184 0.159641 -4.20376 -2.78494 0.180965 -4.20837 -2.78955 0.201737 -4.21444 -2.79562 0.221742 -4.22191 -2.80309 0.240777 -4.2307 -2.81188 0.258645 -4.24073 -2.82191 0.275163 -4.25189 -2.83307 0.290161 -4.26406 -2.84524 0.303487 -4.27712 -2.8583 0.315002 -4.29094 -2.87212 0.32459 -4.30538 -2.88656 0.332151 -4.32028 -2.90146 0.337607 -4.3355 -2.91668 0.340904 -4.33708 -2.91524 -0.0867077 -4.32343 -2.89861 -0.0834112 -4.31006 -2.88232 -0.0779545 -4.2971 -2.86654 -0.0703937 -4.28471 -2.85143 -0.0608064 -4.27299 -2.83715 -0.0492909 -4.26206 -2.82384 -0.0359655 -4.25205 -2.81164 -0.0209668 -4.24306 -2.80068 -0.0044487 -4.23517 -2.79107 0.0134192 -4.22847 -2.7829 0.0324536 -4.22302 -2.77626 0.0524592 -4.21889 -2.77123 0.0732307 -4.21611 -2.76784 0.0945549 -4.21471 -2.76614 0.116213 -4.21471 -2.76614 0.137983 -4.21611 -2.76784 0.159641 -4.21889 -2.77123 0.180965 -4.22302 -2.77626 0.201737 -4.22847 -2.7829 0.221742 -4.23517 -2.79107 0.240777 -4.24306 -2.80068 0.258645 -4.25205 -2.81164 0.275163 -4.26206 -2.82384 0.290161 -4.27299 -2.83715 0.303487 -4.28471 -2.85143 0.315002 -4.2971 -2.86654 0.32459 -4.31006 -2.88232 0.332151 -4.32343 -2.89861 0.337607 -4.33708 -2.91524 0.340904 -4.33879 -2.91397 -0.0867077 -4.32684 -2.89608 -0.0834112 -4.31513 -2.87856 -0.0779545 -4.30379 -2.86158 -0.0703937 -4.29293 -2.84533 -0.0608064 -4.28266 -2.82997 -0.0492909 -4.2731 -2.81566 -0.0359655 -4.26433 -2.80254 -0.0209668 -4.25645 -2.79075 -0.0044487 -4.24954 -2.78041 0.0134192 -4.24368 -2.77162 0.0324536 -4.23891 -2.76448 0.0524592 -4.23528 -2.75906 0.0732307 -4.23285 -2.75542 0.0945549 -4.23163 -2.75359 0.116213 -4.23163 -2.75359 0.137983 -4.23285 -2.75542 0.159641 -4.23528 -2.75906 0.180965 -4.23891 -2.76448 0.201737 -4.24368 -2.77162 0.221742 -4.24954 -2.78041 0.240777 -4.25645 -2.79075 0.258645 -4.26433 -2.80254 0.275163 -4.2731 -2.81566 0.290161 -4.28266 -2.82997 0.303487 -4.29293 -2.84533 0.315002 -4.30379 -2.86158 0.32459 -4.31513 -2.87856 0.332151 -4.32684 -2.89608 0.337607 -4.33879 -2.91397 0.340904 -4.34062 -2.91288 -0.0867077 -4.33048 -2.8939 -0.0834112 -4.32054 -2.87531 -0.0779545 -4.31092 -2.85731 -0.0703937 -4.30171 -2.84007 -0.0608064 -4.293 -2.82378 -0.0492909 -4.28488 -2.80859 -0.0359655 -4.27744 -2.79468 -0.0209668 -4.27076 -2.78217 -0.0044487 -4.2649 -2.7712 0.0134192 -4.25992 -2.76189 0.0324536 -4.25587 -2.75432 0.0524592 -4.2528 -2.74857 0.0732307 -4.25073 -2.7447 0.0945549 -4.24969 -2.74276 0.116213 -4.24969 -2.74276 0.137983 -4.25073 -2.7447 0.159641 -4.2528 -2.74857 0.180965 -4.25587 -2.75432 0.201737 -4.25992 -2.76189 0.221742 -4.2649 -2.7712 0.240777 -4.27076 -2.78217 0.258645 -4.27744 -2.79468 0.275163 -4.28488 -2.80859 0.290161 -4.293 -2.82378 0.303487 -4.30171 -2.84007 0.315002 -4.31092 -2.85731 0.32459 -4.32054 -2.87531 0.332151 -4.33048 -2.8939 0.337607 -4.34062 -2.91288 0.340904 -4.34255 -2.91196 -0.0867077 -4.33431 -2.89208 -0.0834112 -4.32625 -2.87261 -0.0779545 -4.31844 -2.85375 -0.0703937 -4.31096 -2.83569 -0.0608064 -4.30389 -2.81862 -0.0492909 -4.2973 -2.80272 -0.0359655 -4.29126 -2.78814 -0.0209668 -4.28584 -2.77504 -0.0044487 -4.28108 -2.76355 0.0134192 -4.27703 -2.75379 0.0324536 -4.27375 -2.74586 0.0524592 -4.27125 -2.73984 0.0732307 -4.26958 -2.73579 0.0945549 -4.26873 -2.73376 0.116213 -4.26873 -2.73376 0.137983 -4.26958 -2.73579 0.159641 -4.27125 -2.73984 0.180965 -4.27375 -2.74586 0.201737 -4.27703 -2.75379 0.221742 -4.28108 -2.76355 0.240777 -4.28584 -2.77504 0.258645 -4.29126 -2.78814 0.275163 -4.2973 -2.80272 0.290161 -4.30389 -2.81862 0.303487 -4.31096 -2.83569 0.315002 -4.31844 -2.85375 0.32459 -4.32625 -2.87261 0.332151 -4.33431 -2.89208 0.337607 -4.34255 -2.91196 0.340904 -4.34456 -2.91124 -0.0867077 -4.33831 -2.89065 -0.0834112 -4.33219 -2.87048 -0.0779545 -4.32627 -2.85095 -0.0703937 -4.32059 -2.83225 -0.0608064 -4.31523 -2.81457 -0.0492909 -4.31023 -2.79809 -0.0359655 -4.30565 -2.78299 -0.0209668 -4.30154 -2.76942 -0.0044487 -4.29793 -2.75752 0.0134192 -4.29486 -2.74741 0.0324536 -4.29237 -2.7392 0.0524592 -4.29048 -2.73296 0.0732307 -4.2892 -2.72877 0.0945549 -4.28857 -2.72666 0.116213 -4.28857 -2.72666 0.137983 -4.2892 -2.72877 0.159641 -4.29048 -2.73296 0.180965 -4.29237 -2.7392 0.201737 -4.29486 -2.74741 0.221742 -4.29793 -2.75752 0.240777 -4.30154 -2.76942 0.258645 -4.30565 -2.78299 0.275163 -4.31023 -2.79809 0.290161 -4.31523 -2.81457 0.303487 -4.32059 -2.83225 0.315002 -4.32627 -2.85095 0.32459 -4.33219 -2.87048 0.332151 -4.33831 -2.89065 0.337607 -4.34456 -2.91124 0.340904 -4.34663 -2.91073 -0.0867077 -4.34243 -2.88962 -0.0834112 -4.33832 -2.86895 -0.0779545 -4.33434 -2.84893 -0.0703937 -4.33052 -2.82976 -0.0608064 -4.32692 -2.81164 -0.0492909 -4.32356 -2.79475 -0.0359655 -4.32048 -2.77928 -0.0209668 -4.31772 -2.76537 -0.0044487 -4.31529 -2.75317 0.0134192 -4.31323 -2.74281 0.0324536 -4.31155 -2.73439 0.0524592 -4.31028 -2.728 0.0732307 -4.30943 -2.7237 0.0945549 -4.309 -2.72154 0.116213 -4.309 -2.72154 0.137983 -4.30943 -2.7237 0.159641 -4.31028 -2.728 0.180965 -4.31155 -2.73439 0.201737 -4.31323 -2.74281 0.221742 -4.31529 -2.75317 0.240777 -4.31772 -2.76537 0.258645 -4.32048 -2.77928 0.275163 -4.32356 -2.79475 0.290161 -4.32692 -2.81164 0.303487 -4.33052 -2.82976 0.315002 -4.33434 -2.84893 0.32459 -4.33832 -2.86895 0.332151 -4.34243 -2.88962 0.337607 -4.34663 -2.91073 0.340904 -4.34874 -2.91041 -0.0867077 -4.34663 -2.889 -0.0834112 -4.34456 -2.86802 -0.0779545 -4.34256 -2.84771 -0.0703937 -4.34065 -2.82826 -0.0608064 -4.33884 -2.80987 -0.0492909 -4.33715 -2.79274 -0.0359655 -4.3356 -2.77704 -0.0209668 -4.33421 -2.76292 -0.0044487 -4.33299 -2.75055 0.0134192 -4.33196 -2.74003 0.0324536 -4.33112 -2.73149 0.0524592 -4.33048 -2.725 0.0732307 -4.33005 -2.72064 0.0945549 -4.32983 -2.71845 0.116213 -4.32983 -2.71845 0.137983 -4.33005 -2.72064 0.159641 -4.33048 -2.725 0.180965 -4.33112 -2.73149 0.201737 -4.33196 -2.74003 0.221742 -4.33299 -2.75055 0.240777 -4.33421 -2.76292 0.258645 -4.3356 -2.77704 0.275163 -4.33715 -2.79274 0.290161 -4.33884 -2.80987 0.303487 -4.34065 -2.82826 0.315002 -4.34256 -2.84771 0.32459 -4.34456 -2.86802 0.332151 -4.34663 -2.889 0.337607 -4.34874 -2.91041 0.340904 -4.35087 -2.91031 -0.0867077 -4.35087 -2.88879 -0.0834112 -4.35087 -2.86771 -0.0779545 -4.35087 -2.8473 -0.0703937 -4.35087 -2.82775 -0.0608064 -4.35087 -2.80928 -0.0492909 -4.35087 -2.79206 -0.0359655 -4.35087 -2.77629 -0.0209668 -4.35087 -2.76211 -0.0044487 -4.35087 -2.74967 0.0134192 -4.35087 -2.7391 0.0324536 -4.35087 -2.73052 0.0524592 -4.35087 -2.724 0.0732307 -4.35087 -2.71962 0.0945549 -4.35087 -2.71742 0.116213 -4.35087 -2.71742 0.137983 -4.35087 -2.71962 0.159641 -4.35087 -2.724 0.180965 -4.35087 -2.73052 0.201737 -4.35087 -2.7391 0.221742 -4.35087 -2.74967 0.240777 -4.35087 -2.76211 0.258645 -4.35087 -2.77629 0.275163 -4.35087 -2.79206 0.290161 -4.35087 -2.80928 0.303487 -4.35087 -2.82775 0.315002 -4.35087 -2.8473 0.32459 -4.35087 -2.86771 0.332151 -4.35087 -2.88879 0.337607 -4.35087 -2.91031 0.340904 -4.353 -2.91041 -0.0867077 -4.35511 -2.889 -0.0834112 -4.35718 -2.86802 -0.0779545 -4.35918 -2.84771 -0.0703937 -4.36109 -2.82826 -0.0608064 -4.3629 -2.80987 -0.0492909 -4.36459 -2.79274 -0.0359655 -4.36614 -2.77704 -0.0209668 -4.36753 -2.76292 -0.0044487 -4.36875 -2.75055 0.0134192 -4.36978 -2.74003 0.0324536 -4.37062 -2.73149 0.0524592 -4.37126 -2.725 0.0732307 -4.37169 -2.72064 0.0945549 -4.37191 -2.71845 0.116213 -4.37191 -2.71845 0.137983 -4.37169 -2.72064 0.159641 -4.37126 -2.725 0.180965 -4.37062 -2.73149 0.201737 -4.36978 -2.74003 0.221742 -4.36875 -2.75055 0.240777 -4.36753 -2.76292 0.258645 -4.36614 -2.77704 0.275163 -4.36459 -2.79274 0.290161 -4.3629 -2.80987 0.303487 -4.36109 -2.82826 0.315002 -4.35918 -2.84771 0.32459 -4.35718 -2.86802 0.332151 -4.35511 -2.889 0.337607 -4.353 -2.91041 0.340904 -4.35511 -2.91073 -0.0867077 -4.35931 -2.88962 -0.0834112 -4.36342 -2.86895 -0.0779545 -4.3674 -2.84893 -0.0703937 -4.37122 -2.82976 -0.0608064 -4.37482 -2.81164 -0.0492909 -4.37818 -2.79475 -0.0359655 -4.38126 -2.77928 -0.0209668 -4.38402 -2.76537 -0.0044487 -4.38645 -2.75317 0.0134192 -4.38851 -2.74281 0.0324536 -4.39019 -2.73439 0.0524592 -4.39146 -2.728 0.0732307 -4.39231 -2.7237 0.0945549 -4.39274 -2.72154 0.116213 -4.39274 -2.72154 0.137983 -4.39231 -2.7237 0.159641 -4.39146 -2.728 0.180965 -4.39019 -2.73439 0.201737 -4.38851 -2.74281 0.221742 -4.38645 -2.75317 0.240777 -4.38402 -2.76537 0.258645 -4.38126 -2.77928 0.275163 -4.37818 -2.79475 0.290161 -4.37482 -2.81164 0.303487 -4.37122 -2.82976 0.315002 -4.3674 -2.84893 0.32459 -4.36342 -2.86895 0.332151 -4.35931 -2.88962 0.337607 -4.35511 -2.91073 0.340904 -4.35718 -2.91124 -0.0867077 -4.36343 -2.89065 -0.0834112 -4.36955 -2.87048 -0.0779545 -4.37547 -2.85095 -0.0703937 -4.38115 -2.83225 -0.0608064 -4.38651 -2.81457 -0.0492909 -4.39151 -2.79809 -0.0359655 -4.39609 -2.78299 -0.0209668 -4.4002 -2.76942 -0.0044487 -4.40381 -2.75752 0.0134192 -4.40688 -2.74741 0.0324536 -4.40937 -2.7392 0.0524592 -4.41126 -2.73296 0.0732307 -4.41254 -2.72877 0.0945549 -4.41317 -2.72666 0.116213 -4.41317 -2.72666 0.137983 -4.41254 -2.72877 0.159641 -4.41126 -2.73296 0.180965 -4.40937 -2.7392 0.201737 -4.40688 -2.74741 0.221742 -4.40381 -2.75752 0.240777 -4.4002 -2.76942 0.258645 -4.39609 -2.78299 0.275163 -4.39151 -2.79809 0.290161 -4.38651 -2.81457 0.303487 -4.38115 -2.83225 0.315002 -4.37547 -2.85095 0.32459 -4.36955 -2.87048 0.332151 -4.36343 -2.89065 0.337607 -4.35718 -2.91124 0.340904 -4.35919 -2.91196 -0.0867077 -4.36742 -2.89208 -0.0834112 -4.37549 -2.87261 -0.0779545 -4.3833 -2.85375 -0.0703937 -4.39078 -2.83569 -0.0608064 -4.39785 -2.81862 -0.0492909 -4.40444 -2.80272 -0.0359655 -4.41048 -2.78814 -0.0209668 -4.4159 -2.77504 -0.0044487 -4.42066 -2.76355 0.0134192 -4.42471 -2.75379 0.0324536 -4.42799 -2.74586 0.0524592 -4.43049 -2.73984 0.0732307 -4.43216 -2.73579 0.0945549 -4.43301 -2.73376 0.116213 -4.43301 -2.73376 0.137983 -4.43216 -2.73579 0.159641 -4.43049 -2.73984 0.180965 -4.42799 -2.74586 0.201737 -4.42471 -2.75379 0.221742 -4.42066 -2.76355 0.240777 -4.4159 -2.77504 0.258645 -4.41048 -2.78814 0.275163 -4.40444 -2.80272 0.290161 -4.39785 -2.81862 0.303487 -4.39078 -2.83569 0.315002 -4.3833 -2.85375 0.32459 -4.37549 -2.87261 0.332151 -4.36742 -2.89208 0.337607 -4.35919 -2.91196 0.340904 -4.36112 -2.91288 -0.0867077 -4.37126 -2.8939 -0.0834112 -4.3812 -2.87531 -0.0779545 -4.39082 -2.85731 -0.0703937 -4.40003 -2.84007 -0.0608064 -4.40874 -2.82378 -0.0492909 -4.41686 -2.80859 -0.0359655 -4.4243 -2.79468 -0.0209668 -4.43098 -2.78217 -0.0044487 -4.43684 -2.7712 0.0134192 -4.44182 -2.76189 0.0324536 -4.44587 -2.75432 0.0524592 -4.44894 -2.74857 0.0732307 -4.45101 -2.7447 0.0945549 -4.45205 -2.74276 0.116213 -4.45205 -2.74276 0.137983 -4.45101 -2.7447 0.159641 -4.44894 -2.74857 0.180965 -4.44587 -2.75432 0.201737 -4.44182 -2.76189 0.221742 -4.43684 -2.7712 0.240777 -4.43098 -2.78217 0.258645 -4.4243 -2.79468 0.275163 -4.41686 -2.80859 0.290161 -4.40874 -2.82378 0.303487 -4.40003 -2.84007 0.315002 -4.39082 -2.85731 0.32459 -4.3812 -2.87531 0.332151 -4.37126 -2.8939 0.337607 -4.36112 -2.91288 0.340904 -4.36295 -2.91397 -0.0867077 -4.3749 -2.89608 -0.0834112 -4.38661 -2.87856 -0.0779545 -4.39795 -2.86158 -0.0703937 -4.40881 -2.84533 -0.0608064 -4.41908 -2.82997 -0.0492909 -4.42864 -2.81566 -0.0359655 -4.43741 -2.80254 -0.0209668 -4.44529 -2.79075 -0.0044487 -4.4522 -2.78041 0.0134192 -4.45807 -2.77162 0.0324536 -4.46283 -2.76448 0.0524592 -4.46645 -2.75906 0.0732307 -4.46889 -2.75542 0.0945549 -4.47011 -2.75359 0.116213 -4.47011 -2.75359 0.137983 -4.46889 -2.75542 0.159641 -4.46645 -2.75906 0.180965 -4.46283 -2.76448 0.201737 -4.45807 -2.77162 0.221742 -4.4522 -2.78041 0.240777 -4.44529 -2.79075 0.258645 -4.43741 -2.80254 0.275163 -4.42864 -2.81566 0.290161 -4.41908 -2.82997 0.303487 -4.40881 -2.84533 0.315002 -4.39795 -2.86158 0.32459 -4.38661 -2.87856 0.332151 -4.3749 -2.89608 0.337607 -4.36295 -2.91397 0.340904 -4.36466 -2.91524 -0.0867077 -4.37831 -2.89861 -0.0834112 -4.39168 -2.88232 -0.0779545 -4.40463 -2.86654 -0.0703937 -4.41703 -2.85143 -0.0608064 -4.42875 -2.83715 -0.0492909 -4.43968 -2.82384 -0.0359655 -4.44969 -2.81164 -0.0209668 -4.45868 -2.80068 -0.0044487 -4.46657 -2.79107 0.0134192 -4.47327 -2.7829 0.0324536 -4.47872 -2.77626 0.0524592 -4.48285 -2.77123 0.0732307 -4.48563 -2.76784 0.0945549 -4.48703 -2.76614 0.116213 -4.48703 -2.76614 0.137983 -4.48563 -2.76784 0.159641 -4.48285 -2.77123 0.180965 -4.47872 -2.77626 0.201737 -4.47327 -2.7829 0.221742 -4.46657 -2.79107 0.240777 -4.45868 -2.80068 0.258645 -4.44969 -2.81164 0.275163 -4.43968 -2.82384 0.290161 -4.42875 -2.83715 0.303487 -4.41703 -2.85143 0.315002 -4.40463 -2.86654 0.32459 -4.39168 -2.88232 0.332151 -4.37831 -2.89861 0.337607 -4.36466 -2.91524 0.340904 -4.36624 -2.91668 -0.0867077 -4.38146 -2.90146 -0.0834112 -4.39636 -2.88656 -0.0779545 -4.4108 -2.87212 -0.0703937 -4.42462 -2.8583 -0.0608064 -4.43768 -2.84524 -0.0492909 -4.44985 -2.83307 -0.0359655 -4.46101 -2.82191 -0.0209668 -4.47104 -2.81188 -0.0044487 -4.47983 -2.80309 0.0134192 -4.4873 -2.79562 0.0324536 -4.49337 -2.78955 0.0524592 -4.49798 -2.78494 0.0732307 -4.50108 -2.78184 0.0945549 -4.50264 -2.78028 0.116213 -4.50264 -2.78028 0.137983 -4.50108 -2.78184 0.159641 -4.49798 -2.78494 0.180965 -4.49337 -2.78955 0.201737 -4.4873 -2.79562 0.221742 -4.47983 -2.80309 0.240777 -4.47104 -2.81188 0.258645 -4.46101 -2.82191 0.275163 -4.44985 -2.83307 0.290161 -4.43768 -2.84524 0.303487 -4.42462 -2.8583 0.315002 -4.4108 -2.87212 0.32459 -4.39636 -2.88656 0.332151 -4.38146 -2.90146 0.337607 -4.36624 -2.91668 0.340904 -4.36768 -2.91826 -0.0867077 -4.38431 -2.90461 -0.0834112 -4.4006 -2.89124 -0.0779545 -4.41638 -2.87828 -0.0703937 -4.43149 -2.86589 -0.0608064 -4.44577 -2.85417 -0.0492909 -4.45908 -2.84324 -0.0359655 -4.47128 -2.83323 -0.0209668 -4.48224 -2.82424 -0.0044487 -4.49185 -2.81635 0.0134192 -4.50002 -2.80965 0.0324536 -4.50666 -2.8042 0.0524592 -4.51169 -2.80007 0.0732307 -4.51508 -2.79729 0.0945549 -4.51678 -2.79589 0.116213 -4.51678 -2.79589 0.137983 -4.51508 -2.79729 0.159641 -4.51169 -2.80007 0.180965 -4.50666 -2.8042 0.201737 -4.50002 -2.80965 0.221742 -4.49185 -2.81635 0.240777 -4.48224 -2.82424 0.258645 -4.47128 -2.83323 0.275163 -4.45908 -2.84324 0.290161 -4.44577 -2.85417 0.303487 -4.43149 -2.86589 0.315002 -4.41638 -2.87828 0.32459 -4.4006 -2.89124 0.332151 -4.38431 -2.90461 0.337607 -4.36768 -2.91826 0.340904 -4.36895 -2.91997 -0.0867077 -4.38684 -2.90802 -0.0834112 -4.40436 -2.89631 -0.0779545 -4.42134 -2.88497 -0.0703937 -4.43759 -2.87411 -0.0608064 -4.45295 -2.86384 -0.0492909 -4.46726 -2.85428 -0.0359655 -4.48038 -2.84551 -0.0209668 -4.49217 -2.83763 -0.0044487 -4.50251 -2.83072 0.0134192 -4.5113 -2.82486 0.0324536 -4.51844 -2.82009 0.0524592 -4.52386 -2.81646 0.0732307 -4.5275 -2.81403 0.0945549 -4.52933 -2.81281 0.116213 -4.52933 -2.81281 0.137983 -4.5275 -2.81403 0.159641 -4.52386 -2.81646 0.180965 -4.51844 -2.82009 0.201737 -4.5113 -2.82486 0.221742 -4.50251 -2.83072 0.240777 -4.49217 -2.83763 0.258645 -4.48038 -2.84551 0.275163 -4.46726 -2.85428 0.290161 -4.45295 -2.86384 0.303487 -4.43759 -2.87411 0.315002 -4.42134 -2.88497 0.32459 -4.40436 -2.89631 0.332151 -4.38684 -2.90802 0.337607 -4.36895 -2.91997 0.340904 -4.37004 -2.9218 -0.0867077 -4.38902 -2.91166 -0.0834112 -4.40761 -2.90172 -0.0779545 -4.42561 -2.8921 -0.0703937 -4.44285 -2.88289 -0.0608064 -4.45914 -2.87418 -0.0492909 -4.47433 -2.86606 -0.0359655 -4.48824 -2.85862 -0.0209668 -4.50075 -2.85194 -0.0044487 -4.51172 -2.84608 0.0134192 -4.52103 -2.8411 0.0324536 -4.5286 -2.83705 0.0524592 -4.53435 -2.83398 0.0732307 -4.53822 -2.83191 0.0945549 -4.54016 -2.83087 0.116213 -4.54016 -2.83087 0.137983 -4.53822 -2.83191 0.159641 -4.53435 -2.83398 0.180965 -4.5286 -2.83705 0.201737 -4.52103 -2.8411 0.221742 -4.51172 -2.84608 0.240777 -4.50075 -2.85194 0.258645 -4.48824 -2.85862 0.275163 -4.47433 -2.86606 0.290161 -4.45914 -2.87418 0.303487 -4.44285 -2.88289 0.315002 -4.42561 -2.8921 0.32459 -4.40761 -2.90172 0.332151 -4.38902 -2.91166 0.337607 -4.37004 -2.9218 0.340904 -4.37096 -2.92373 -0.0867077 -4.39084 -2.91549 -0.0834112 -4.41031 -2.90743 -0.0779545 -4.42917 -2.89962 -0.0703937 -4.44723 -2.89214 -0.0608064 -4.46429 -2.88507 -0.0492909 -4.4802 -2.87848 -0.0359655 -4.49478 -2.87244 -0.0209668 -4.50788 -2.86702 -0.0044487 -4.51937 -2.86226 0.0134192 -4.52913 -2.85821 0.0324536 -4.53706 -2.85493 0.0524592 -4.54308 -2.85243 0.0732307 -4.54713 -2.85076 0.0945549 -4.54916 -2.84991 0.116213 -4.54916 -2.84991 0.137983 -4.54713 -2.85076 0.159641 -4.54308 -2.85243 0.180965 -4.53706 -2.85493 0.201737 -4.52913 -2.85821 0.221742 -4.51937 -2.86226 0.240777 -4.50788 -2.86702 0.258645 -4.49478 -2.87244 0.275163 -4.4802 -2.87848 0.290161 -4.46429 -2.88507 0.303487 -4.44723 -2.89214 0.315002 -4.42917 -2.89962 0.32459 -4.41031 -2.90743 0.332151 -4.39084 -2.91549 0.337607 -4.37096 -2.92373 0.340904 -4.37168 -2.92574 -0.0867077 -4.39227 -2.91949 -0.0834112 -4.41244 -2.91337 -0.0779545 -4.43197 -2.90745 -0.0703937 -4.45067 -2.90177 -0.0608064 -4.46835 -2.89641 -0.0492909 -4.48483 -2.89141 -0.0359655 -4.49993 -2.88683 -0.0209668 -4.5135 -2.88272 -0.0044487 -4.5254 -2.87911 0.0134192 -4.53551 -2.87604 0.0324536 -4.54372 -2.87355 0.0524592 -4.54996 -2.87166 0.0732307 -4.55415 -2.87038 0.0945549 -4.55626 -2.86975 0.116213 -4.55626 -2.86975 0.137983 -4.55415 -2.87038 0.159641 -4.54996 -2.87166 0.180965 -4.54372 -2.87355 0.201737 -4.53551 -2.87604 0.221742 -4.5254 -2.87911 0.240777 -4.5135 -2.88272 0.258645 -4.49993 -2.88683 0.275163 -4.48483 -2.89141 0.290161 -4.46835 -2.89641 0.303487 -4.45067 -2.90177 0.315002 -4.43197 -2.90745 0.32459 -4.41244 -2.91337 0.332151 -4.39227 -2.91949 0.337607 -4.37168 -2.92574 0.340904 -4.37219 -2.92781 -0.0867077 -4.3933 -2.92361 -0.0834112 -4.41397 -2.9195 -0.0779545 -4.43399 -2.91552 -0.0703937 -4.45316 -2.9117 -0.0608064 -4.47128 -2.9081 -0.0492909 -4.48817 -2.90474 -0.0359655 -4.50364 -2.90166 -0.0209668 -4.51755 -2.8989 -0.0044487 -4.52975 -2.89647 0.0134192 -4.54011 -2.89441 0.0324536 -4.54853 -2.89273 0.0524592 -4.55492 -2.89146 0.0732307 -4.55922 -2.89061 0.0945549 -4.56138 -2.89018 0.116213 -4.56138 -2.89018 0.137983 -4.55922 -2.89061 0.159641 -4.55492 -2.89146 0.180965 -4.54853 -2.89273 0.201737 -4.54011 -2.89441 0.221742 -4.52975 -2.89647 0.240777 -4.51755 -2.8989 0.258645 -4.50364 -2.90166 0.275163 -4.48817 -2.90474 0.290161 -4.47128 -2.9081 0.303487 -4.45316 -2.9117 0.315002 -4.43399 -2.91552 0.32459 -4.41397 -2.9195 0.332151 -4.3933 -2.92361 0.337607 -4.37219 -2.92781 0.340904 -4.37251 -2.92992 -0.0867077 -4.39392 -2.92781 -0.0834112 -4.4149 -2.92574 -0.0779545 -4.43521 -2.92374 -0.0703937 -4.45466 -2.92183 -0.0608064 -4.47305 -2.92002 -0.0492909 -4.49018 -2.91833 -0.0359655 -4.50588 -2.91678 -0.0209668 -4.52 -2.91539 -0.0044487 -4.53237 -2.91417 0.0134192 -4.54289 -2.91314 0.0324536 -4.55143 -2.9123 0.0524592 -4.55792 -2.91166 0.0732307 -4.56228 -2.91123 0.0945549 -4.56447 -2.91101 0.116213 -4.56447 -2.91101 0.137983 -4.56228 -2.91123 0.159641 -4.55792 -2.91166 0.180965 -4.55143 -2.9123 0.201737 -4.54289 -2.91314 0.221742 -4.53237 -2.91417 0.240777 -4.52 -2.91539 0.258645 -4.50588 -2.91678 0.275163 -4.49018 -2.91833 0.290161 -4.47305 -2.92002 0.303487 -4.45466 -2.92183 0.315002 -4.43521 -2.92374 0.32459 -4.4149 -2.92574 0.332151 -4.39392 -2.92781 0.337607 -4.37251 -2.92992 0.340904 -4.37261 -2.93205 -0.0867077 -4.39413 -2.93205 -0.0834112 -4.41521 -2.93205 -0.0779545 -4.43562 -2.93205 -0.0703937 -4.45517 -2.93205 -0.0608064 -4.47364 -2.93205 -0.0492909 -4.49086 -2.93205 -0.0359655 -4.50663 -2.93205 -0.0209668 -4.52081 -2.93205 -0.0044487 -4.53325 -2.93205 0.0134192 -4.54382 -2.93205 0.0324536 -4.5524 -2.93205 0.0524592 -4.55892 -2.93205 0.0732307 -4.5633 -2.93205 0.0945549 -4.5655 -2.93205 0.116213 -4.5655 -2.93205 0.137983 -4.5633 -2.93205 0.159641 -4.55892 -2.93205 0.180965 -4.5524 -2.93205 0.201737 -4.54382 -2.93205 0.221742 -4.53325 -2.93205 0.240777 -4.52081 -2.93205 0.258645 -4.50663 -2.93205 0.275163 -4.49086 -2.93205 0.290161 -4.47364 -2.93205 0.303487 -4.45517 -2.93205 0.315002 -4.43562 -2.93205 0.32459 -4.41521 -2.93205 0.332151 -4.39413 -2.93205 0.337607 -4.37261 -2.93205 0.340904 -4.37251 -2.93418 -0.0867077 -4.39392 -2.93629 -0.0834112 -4.4149 -2.93836 -0.0779545 -4.43521 -2.94036 -0.0703937 -4.45466 -2.94227 -0.0608064 -4.47305 -2.94408 -0.0492909 -4.49018 -2.94577 -0.0359655 -4.50588 -2.94732 -0.0209668 -4.52 -2.94871 -0.0044487 -4.53237 -2.94993 0.0134192 -4.54289 -2.95096 0.0324536 -4.55143 -2.9518 0.0524592 -4.55792 -2.95244 0.0732307 -4.56228 -2.95287 0.0945549 -4.56447 -2.95309 0.116213 -4.56447 -2.95309 0.137983 -4.56228 -2.95287 0.159641 -4.55792 -2.95244 0.180965 -4.55143 -2.9518 0.201737 -4.54289 -2.95096 0.221742 -4.53237 -2.94993 0.240777 -4.52 -2.94871 0.258645 -4.50588 -2.94732 0.275163 -4.49018 -2.94577 0.290161 -4.47305 -2.94408 0.303487 -4.45466 -2.94227 0.315002 -4.43521 -2.94036 0.32459 -4.4149 -2.93836 0.332151 -4.39392 -2.93629 0.337607 -4.37251 -2.93418 0.340904 -4.37219 -2.93629 -0.0867077 -4.3933 -2.94049 -0.0834112 -4.41397 -2.9446 -0.0779545 -4.43399 -2.94858 -0.0703937 -4.45316 -2.9524 -0.0608064 -4.47128 -2.956 -0.0492909 -4.48817 -2.95936 -0.0359655 -4.50364 -2.96244 -0.0209668 -4.51755 -2.9652 -0.0044487 -4.52975 -2.96763 0.0134192 -4.54011 -2.96969 0.0324536 -4.54853 -2.97137 0.0524592 -4.55492 -2.97264 0.0732307 -4.55922 -2.97349 0.0945549 -4.56138 -2.97392 0.116213 -4.56138 -2.97392 0.137983 -4.55922 -2.97349 0.159641 -4.55492 -2.97264 0.180965 -4.54853 -2.97137 0.201737 -4.54011 -2.96969 0.221742 -4.52975 -2.96763 0.240777 -4.51755 -2.9652 0.258645 -4.50364 -2.96244 0.275163 -4.48817 -2.95936 0.290161 -4.47128 -2.956 0.303487 -4.45316 -2.9524 0.315002 -4.43399 -2.94858 0.32459 -4.41397 -2.9446 0.332151 -4.3933 -2.94049 0.337607 -4.37219 -2.93629 0.340904 -4.37168 -2.93836 -0.0867077 -4.39227 -2.94461 -0.0834112 -4.41244 -2.95073 -0.0779545 -4.43197 -2.95665 -0.0703937 -4.45067 -2.96233 -0.0608064 -4.46835 -2.96769 -0.0492909 -4.48483 -2.97269 -0.0359655 -4.49993 -2.97727 -0.0209668 -4.5135 -2.98138 -0.0044487 -4.5254 -2.98499 0.0134192 -4.53551 -2.98806 0.0324536 -4.54372 -2.99055 0.0524592 -4.54996 -2.99244 0.0732307 -4.55415 -2.99372 0.0945549 -4.55626 -2.99435 0.116213 -4.55626 -2.99435 0.137983 -4.55415 -2.99372 0.159641 -4.54996 -2.99244 0.180965 -4.54372 -2.99055 0.201737 -4.53551 -2.98806 0.221742 -4.5254 -2.98499 0.240777 -4.5135 -2.98138 0.258645 -4.49993 -2.97727 0.275163 -4.48483 -2.97269 0.290161 -4.46835 -2.96769 0.303487 -4.45067 -2.96233 0.315002 -4.43197 -2.95665 0.32459 -4.41244 -2.95073 0.332151 -4.39227 -2.94461 0.337607 -4.37168 -2.93836 0.340904 -4.37096 -2.94037 -0.0867077 -4.39084 -2.94861 -0.0834112 -4.41031 -2.95667 -0.0779545 -4.42917 -2.96448 -0.0703937 -4.44723 -2.97196 -0.0608064 -4.46429 -2.97903 -0.0492909 -4.4802 -2.98562 -0.0359655 -4.49478 -2.99166 -0.0209668 -4.50788 -2.99708 -0.0044487 -4.51937 -3.00184 0.0134192 -4.52913 -3.00589 0.0324536 -4.53706 -3.00917 0.0524592 -4.54308 -3.01167 0.0732307 -4.54713 -3.01334 0.0945549 -4.54916 -3.01419 0.116213 -4.54916 -3.01419 0.137983 -4.54713 -3.01334 0.159641 -4.54308 -3.01167 0.180965 -4.53706 -3.00917 0.201737 -4.52913 -3.00589 0.221742 -4.51937 -3.00184 0.240777 -4.50788 -2.99708 0.258645 -4.49478 -2.99166 0.275163 -4.4802 -2.98562 0.290161 -4.46429 -2.97903 0.303487 -4.44723 -2.97196 0.315002 -4.42917 -2.96448 0.32459 -4.41031 -2.95667 0.332151 -4.39084 -2.94861 0.337607 -4.37096 -2.94037 0.340904 -4.37004 -2.9423 -0.0867077 -4.38902 -2.95244 -0.0834112 -4.40761 -2.96238 -0.0779545 -4.42561 -2.972 -0.0703937 -4.44285 -2.98121 -0.0608064 -4.45914 -2.98992 -0.0492909 -4.47433 -2.99804 -0.0359655 -4.48824 -3.00548 -0.0209668 -4.50075 -3.01216 -0.0044487 -4.51172 -3.01802 0.0134192 -4.52103 -3.023 0.0324536 -4.5286 -3.02705 0.0524592 -4.53435 -3.03012 0.0732307 -4.53822 -3.03219 0.0945549 -4.54016 -3.03323 0.116213 -4.54016 -3.03323 0.137983 -4.53822 -3.03219 0.159641 -4.53435 -3.03012 0.180965 -4.5286 -3.02705 0.201737 -4.52103 -3.023 0.221742 -4.51172 -3.01802 0.240777 -4.50075 -3.01216 0.258645 -4.48824 -3.00548 0.275163 -4.47433 -2.99804 0.290161 -4.45914 -2.98992 0.303487 -4.44285 -2.98121 0.315002 -4.42561 -2.972 0.32459 -4.40761 -2.96238 0.332151 -4.38902 -2.95244 0.337607 -4.37004 -2.9423 0.340904 -4.36895 -2.94413 -0.0867077 -4.38684 -2.95608 -0.0834112 -4.40436 -2.96779 -0.0779545 -4.42134 -2.97913 -0.0703937 -4.43759 -2.98999 -0.0608064 -4.45295 -3.00026 -0.0492909 -4.46726 -3.00982 -0.0359655 -4.48038 -3.01859 -0.0209668 -4.49217 -3.02647 -0.0044487 -4.50251 -3.03338 0.0134192 -4.5113 -3.03924 0.0324536 -4.51844 -3.04401 0.0524592 -4.52386 -3.04764 0.0732307 -4.5275 -3.05007 0.0945549 -4.52933 -3.05129 0.116213 -4.52933 -3.05129 0.137983 -4.5275 -3.05007 0.159641 -4.52386 -3.04764 0.180965 -4.51844 -3.04401 0.201737 -4.5113 -3.03924 0.221742 -4.50251 -3.03338 0.240777 -4.49217 -3.02647 0.258645 -4.48038 -3.01859 0.275163 -4.46726 -3.00982 0.290161 -4.45295 -3.00026 0.303487 -4.43759 -2.98999 0.315002 -4.42134 -2.97913 0.32459 -4.40436 -2.96779 0.332151 -4.38684 -2.95608 0.337607 -4.36895 -2.94413 0.340904 -4.36768 -2.94584 -0.0867077 -4.38431 -2.95949 -0.0834112 -4.4006 -2.97286 -0.0779545 -4.41638 -2.98582 -0.0703937 -4.43149 -2.99821 -0.0608064 -4.44577 -3.00993 -0.0492909 -4.45908 -3.02086 -0.0359655 -4.47128 -3.03087 -0.0209668 -4.48224 -3.03986 -0.0044487 -4.49185 -3.04775 0.0134192 -4.50002 -3.05445 0.0324536 -4.50666 -3.0599 0.0524592 -4.51169 -3.06403 0.0732307 -4.51508 -3.06681 0.0945549 -4.51678 -3.06821 0.116213 -4.51678 -3.06821 0.137983 -4.51508 -3.06681 0.159641 -4.51169 -3.06403 0.180965 -4.50666 -3.0599 0.201737 -4.50002 -3.05445 0.221742 -4.49185 -3.04775 0.240777 -4.48224 -3.03986 0.258645 -4.47128 -3.03087 0.275163 -4.45908 -3.02086 0.290161 -4.44577 -3.00993 0.303487 -4.43149 -2.99821 0.315002 -4.41638 -2.98582 0.32459 -4.4006 -2.97286 0.332151 -4.38431 -2.95949 0.337607 -4.36768 -2.94584 0.340904 -4.36624 -2.94742 -0.0867077 -4.38146 -2.96264 -0.0834112 -4.39636 -2.97754 -0.0779545 -4.4108 -2.99198 -0.0703937 -4.42462 -3.0058 -0.0608064 -4.43768 -3.01886 -0.0492909 -4.44985 -3.03103 -0.0359655 -4.46101 -3.04219 -0.0209668 -4.47104 -3.05222 -0.0044487 -4.47983 -3.06101 0.0134192 -4.4873 -3.06848 0.0324536 -4.49337 -3.07455 0.0524592 -4.49798 -3.07916 0.0732307 -4.50108 -3.08226 0.0945549 -4.50264 -3.08382 0.116213 -4.50264 -3.08382 0.137983 -4.50108 -3.08226 0.159641 -4.49798 -3.07916 0.180965 -4.49337 -3.07455 0.201737 -4.4873 -3.06848 0.221742 -4.47983 -3.06101 0.240777 -4.47104 -3.05222 0.258645 -4.46101 -3.04219 0.275163 -4.44985 -3.03103 0.290161 -4.43768 -3.01886 0.303487 -4.42462 -3.0058 0.315002 -4.4108 -2.99198 0.32459 -4.39636 -2.97754 0.332151 -4.38146 -2.96264 0.337607 -4.36624 -2.94742 0.340904 -4.36466 -2.94886 -0.0867077 -4.37831 -2.96549 -0.0834112 -4.39168 -2.98178 -0.0779545 -4.40463 -2.99756 -0.0703937 -4.41703 -3.01267 -0.0608064 -4.42875 -3.02695 -0.0492909 -4.43968 -3.04026 -0.0359655 -4.44969 -3.05246 -0.0209668 -4.45868 -3.06342 -0.0044487 -4.46657 -3.07303 0.0134192 -4.47327 -3.0812 0.0324536 -4.47872 -3.08784 0.0524592 -4.48285 -3.09287 0.0732307 -4.48563 -3.09626 0.0945549 -4.48703 -3.09796 0.116213 -4.48703 -3.09796 0.137983 -4.48563 -3.09626 0.159641 -4.48285 -3.09287 0.180965 -4.47872 -3.08784 0.201737 -4.47327 -3.0812 0.221742 -4.46657 -3.07303 0.240777 -4.45868 -3.06342 0.258645 -4.44969 -3.05246 0.275163 -4.43968 -3.04026 0.290161 -4.42875 -3.02695 0.303487 -4.41703 -3.01267 0.315002 -4.40463 -2.99756 0.32459 -4.39168 -2.98178 0.332151 -4.37831 -2.96549 0.337607 -4.36466 -2.94886 0.340904 -4.36295 -2.95013 -0.0867077 -4.3749 -2.96802 -0.0834112 -4.38661 -2.98554 -0.0779545 -4.39795 -3.00252 -0.0703937 -4.40881 -3.01877 -0.0608064 -4.41908 -3.03413 -0.0492909 -4.42864 -3.04844 -0.0359655 -4.43741 -3.06156 -0.0209668 -4.44529 -3.07335 -0.0044487 -4.4522 -3.08369 0.0134192 -4.45807 -3.09248 0.0324536 -4.46283 -3.09962 0.0524592 -4.46645 -3.10504 0.0732307 -4.46889 -3.10868 0.0945549 -4.47011 -3.11051 0.116213 -4.47011 -3.11051 0.137983 -4.46889 -3.10868 0.159641 -4.46645 -3.10504 0.180965 -4.46283 -3.09962 0.201737 -4.45807 -3.09248 0.221742 -4.4522 -3.08369 0.240777 -4.44529 -3.07335 0.258645 -4.43741 -3.06156 0.275163 -4.42864 -3.04844 0.290161 -4.41908 -3.03413 0.303487 -4.40881 -3.01877 0.315002 -4.39795 -3.00252 0.32459 -4.38661 -2.98554 0.332151 -4.3749 -2.96802 0.337607 -4.36295 -2.95013 0.340904 -4.36112 -2.95122 -0.0867077 -4.37126 -2.9702 -0.0834112 -4.3812 -2.98879 -0.0779545 -4.39082 -3.00679 -0.0703937 -4.40003 -3.02403 -0.0608064 -4.40874 -3.04032 -0.0492909 -4.41686 -3.05551 -0.0359655 -4.4243 -3.06942 -0.0209668 -4.43098 -3.08193 -0.0044487 -4.43684 -3.0929 0.0134192 -4.44182 -3.10221 0.0324536 -4.44587 -3.10978 0.0524592 -4.44894 -3.11553 0.0732307 -4.45101 -3.1194 0.0945549 -4.45205 -3.12134 0.116213 -4.45205 -3.12134 0.137983 -4.45101 -3.1194 0.159641 -4.44894 -3.11553 0.180965 -4.44587 -3.10978 0.201737 -4.44182 -3.10221 0.221742 -4.43684 -3.0929 0.240777 -4.43098 -3.08193 0.258645 -4.4243 -3.06942 0.275163 -4.41686 -3.05551 0.290161 -4.40874 -3.04032 0.303487 -4.40003 -3.02403 0.315002 -4.39082 -3.00679 0.32459 -4.3812 -2.98879 0.332151 -4.37126 -2.9702 0.337607 -4.36112 -2.95122 0.340904 -4.35919 -2.95214 -0.0867077 -4.36742 -2.97202 -0.0834112 -4.37549 -2.99149 -0.0779545 -4.3833 -3.01035 -0.0703937 -4.39078 -3.02841 -0.0608064 -4.39785 -3.04548 -0.0492909 -4.40444 -3.06138 -0.0359655 -4.41048 -3.07596 -0.0209668 -4.4159 -3.08906 -0.0044487 -4.42066 -3.10055 0.0134192 -4.42471 -3.11031 0.0324536 -4.42799 -3.11824 0.0524592 -4.43049 -3.12426 0.0732307 -4.43216 -3.12831 0.0945549 -4.43301 -3.13034 0.116213 -4.43301 -3.13034 0.137983 -4.43216 -3.12831 0.159641 -4.43049 -3.12426 0.180965 -4.42799 -3.11824 0.201737 -4.42471 -3.11031 0.221742 -4.42066 -3.10055 0.240777 -4.4159 -3.08906 0.258645 -4.41048 -3.07596 0.275163 -4.40444 -3.06138 0.290161 -4.39785 -3.04548 0.303487 -4.39078 -3.02841 0.315002 -4.3833 -3.01035 0.32459 -4.37549 -2.99149 0.332151 -4.36742 -2.97202 0.337607 -4.35919 -2.95214 0.340904 -4.35718 -2.95286 -0.0867077 -4.36343 -2.97345 -0.0834112 -4.36955 -2.99362 -0.0779545 -4.37547 -3.01315 -0.0703937 -4.38115 -3.03185 -0.0608064 -4.38651 -3.04953 -0.0492909 -4.39151 -3.06601 -0.0359655 -4.39609 -3.08111 -0.0209668 -4.4002 -3.09468 -0.0044487 -4.40381 -3.10658 0.0134192 -4.40688 -3.11669 0.0324536 -4.40937 -3.1249 0.0524592 -4.41126 -3.13114 0.0732307 -4.41254 -3.13533 0.0945549 -4.41317 -3.13744 0.116213 -4.41317 -3.13744 0.137983 -4.41254 -3.13533 0.159641 -4.41126 -3.13114 0.180965 -4.40937 -3.1249 0.201737 -4.40688 -3.11669 0.221742 -4.40381 -3.10658 0.240777 -4.4002 -3.09468 0.258645 -4.39609 -3.08111 0.275163 -4.39151 -3.06601 0.290161 -4.38651 -3.04953 0.303487 -4.38115 -3.03185 0.315002 -4.37547 -3.01315 0.32459 -4.36955 -2.99362 0.332151 -4.36343 -2.97345 0.337607 -4.35718 -2.95286 0.340904 -4.35511 -2.95337 -0.0867077 -4.35931 -2.97448 -0.0834112 -4.36342 -2.99515 -0.0779545 -4.3674 -3.01517 -0.0703937 -4.37122 -3.03434 -0.0608064 -4.37482 -3.05246 -0.0492909 -4.37818 -3.06935 -0.0359655 -4.38126 -3.08482 -0.0209668 -4.38402 -3.09873 -0.0044487 -4.38645 -3.11093 0.0134192 -4.38851 -3.12129 0.0324536 -4.39019 -3.12971 0.0524592 -4.39146 -3.1361 0.0732307 -4.39231 -3.1404 0.0945549 -4.39274 -3.14256 0.116213 -4.39274 -3.14256 0.137983 -4.39231 -3.1404 0.159641 -4.39146 -3.1361 0.180965 -4.39019 -3.12971 0.201737 -4.38851 -3.12129 0.221742 -4.38645 -3.11093 0.240777 -4.38402 -3.09873 0.258645 -4.38126 -3.08482 0.275163 -4.37818 -3.06935 0.290161 -4.37482 -3.05246 0.303487 -4.37122 -3.03434 0.315002 -4.3674 -3.01517 0.32459 -4.36342 -2.99515 0.332151 -4.35931 -2.97448 0.337607 -4.35511 -2.95337 0.340904 -4.353 -2.95369 -0.0867077 -4.35511 -2.9751 -0.0834112 -4.35718 -2.99608 -0.0779545 -4.35918 -3.01639 -0.0703937 -4.36109 -3.03584 -0.0608064 -4.3629 -3.05423 -0.0492909 -4.36459 -3.07136 -0.0359655 -4.36614 -3.08706 -0.0209668 -4.36753 -3.10118 -0.0044487 -4.36875 -3.11355 0.0134192 -4.36978 -3.12407 0.0324536 -4.37062 -3.13261 0.0524592 -4.37126 -3.1391 0.0732307 -4.37169 -3.14346 0.0945549 -4.37191 -3.14565 0.116213 -4.37191 -3.14565 0.137983 -4.37169 -3.14346 0.159641 -4.37126 -3.1391 0.180965 -4.37062 -3.13261 0.201737 -4.36978 -3.12407 0.221742 -4.36875 -3.11355 0.240777 -4.36753 -3.10118 0.258645 -4.36614 -3.08706 0.275163 -4.36459 -3.07136 0.290161 -4.3629 -3.05423 0.303487 -4.36109 -3.03584 0.315002 -4.35918 -3.01639 0.32459 -4.35718 -2.99608 0.332151 -4.35511 -2.9751 0.337607 -4.353 -2.95369 0.340904 -4.35087 -2.95379 -0.0867077 -4.35087 -2.97531 -0.0834112 -4.35087 -2.99639 -0.0779545 -4.35087 -3.0168 -0.0703937 -4.35087 -3.03635 -0.0608064 -4.35087 -3.05482 -0.0492909 -4.35087 -3.07204 -0.0359655 -4.35087 -3.08781 -0.0209668 -4.35087 -3.10199 -0.0044487 -4.35087 -3.11443 0.0134192 -4.35087 -3.125 0.0324536 -4.35087 -3.13358 0.0524592 -4.35087 -3.1401 0.0732307 -4.35087 -3.14448 0.0945549 -4.35087 -3.14668 0.116213 -4.35087 -3.14668 0.137983 -4.35087 -3.14448 0.159641 -4.35087 -3.1401 0.180965 -4.35087 -3.13358 0.201737 -4.35087 -3.125 0.221742 -4.35087 -3.11443 0.240777 -4.35087 -3.10199 0.258645 -4.35087 -3.08781 0.275163 -4.35087 -3.07204 0.290161 -4.35087 -3.05482 0.303487 -4.35087 -3.03635 0.315002 -4.35087 -3.0168 0.32459 -4.35087 -2.99639 0.332151 -4.35087 -2.97531 0.337607 -4.35087 -2.95379 0.340904 -4.34874 -2.95369 -0.0867077 -4.34663 -2.9751 -0.0834112 -4.34456 -2.99608 -0.0779545 -4.34256 -3.01639 -0.0703937 -4.34065 -3.03584 -0.0608064 -4.33884 -3.05423 -0.0492909 -4.33715 -3.07136 -0.0359655 -4.3356 -3.08706 -0.0209668 -4.33421 -3.10118 -0.0044487 -4.33299 -3.11355 0.0134192 -4.33196 -3.12407 0.0324536 -4.33112 -3.13261 0.0524592 -4.33048 -3.1391 0.0732307 -4.33005 -3.14346 0.0945549 -4.32983 -3.14565 0.116213 -4.32983 -3.14565 0.137983 -4.33005 -3.14346 0.159641 -4.33048 -3.1391 0.180965 -4.33112 -3.13261 0.201737 -4.33196 -3.12407 0.221742 -4.33299 -3.11355 0.240777 -4.33421 -3.10118 0.258645 -4.3356 -3.08706 0.275163 -4.33715 -3.07136 0.290161 -4.33884 -3.05423 0.303487 -4.34065 -3.03584 0.315002 -4.34256 -3.01639 0.32459 -4.34456 -2.99608 0.332151 -4.34663 -2.9751 0.337607 -4.34874 -2.95369 0.340904 -4.34663 -2.95337 -0.0867077 -4.34243 -2.97448 -0.0834112 -4.33832 -2.99515 -0.0779545 -4.33434 -3.01517 -0.0703937 -4.33052 -3.03434 -0.0608064 -4.32692 -3.05246 -0.0492909 -4.32356 -3.06935 -0.0359655 -4.32048 -3.08482 -0.0209668 -4.31772 -3.09873 -0.0044487 -4.31529 -3.11093 0.0134192 -4.31323 -3.12129 0.0324536 -4.31155 -3.12971 0.0524592 -4.31028 -3.1361 0.0732307 -4.30943 -3.1404 0.0945549 -4.309 -3.14256 0.116213 -4.309 -3.14256 0.137983 -4.30943 -3.1404 0.159641 -4.31028 -3.1361 0.180965 -4.31155 -3.12971 0.201737 -4.31323 -3.12129 0.221742 -4.31529 -3.11093 0.240777 -4.31772 -3.09873 0.258645 -4.32048 -3.08482 0.275163 -4.32356 -3.06935 0.290161 -4.32692 -3.05246 0.303487 -4.33052 -3.03434 0.315002 -4.33434 -3.01517 0.32459 -4.33832 -2.99515 0.332151 -4.34243 -2.97448 0.337607 -4.34663 -2.95337 0.340904 -4.34456 -2.95286 -0.0867077 -4.33831 -2.97345 -0.0834112 -4.33219 -2.99362 -0.0779545 -4.32627 -3.01315 -0.0703937 -4.32059 -3.03185 -0.0608064 -4.31523 -3.04953 -0.0492909 -4.31023 -3.06601 -0.0359655 -4.30565 -3.08111 -0.0209668 -4.30154 -3.09468 -0.0044487 -4.29793 -3.10658 0.0134192 -4.29486 -3.11669 0.0324536 -4.29237 -3.1249 0.0524592 -4.29048 -3.13114 0.0732307 -4.2892 -3.13533 0.0945549 -4.28857 -3.13744 0.116213 -4.28857 -3.13744 0.137983 -4.2892 -3.13533 0.159641 -4.29048 -3.13114 0.180965 -4.29237 -3.1249 0.201737 -4.29486 -3.11669 0.221742 -4.29793 -3.10658 0.240777 -4.30154 -3.09468 0.258645 -4.30565 -3.08111 0.275163 -4.31023 -3.06601 0.290161 -4.31523 -3.04953 0.303487 -4.32059 -3.03185 0.315002 -4.32627 -3.01315 0.32459 -4.33219 -2.99362 0.332151 -4.33831 -2.97345 0.337607 -4.34456 -2.95286 0.340904 -4.34255 -2.95214 -0.0867077 -4.33431 -2.97202 -0.0834112 -4.32625 -2.99149 -0.0779545 -4.31844 -3.01035 -0.0703937 -4.31096 -3.02841 -0.0608064 -4.30389 -3.04548 -0.0492909 -4.2973 -3.06138 -0.0359655 -4.29126 -3.07596 -0.0209668 -4.28584 -3.08906 -0.0044487 -4.28108 -3.10055 0.0134192 -4.27703 -3.11031 0.0324536 -4.27375 -3.11824 0.0524592 -4.27125 -3.12426 0.0732307 -4.26958 -3.12831 0.0945549 -4.26873 -3.13034 0.116213 -4.26873 -3.13034 0.137983 -4.26958 -3.12831 0.159641 -4.27125 -3.12426 0.180965 -4.27375 -3.11824 0.201737 -4.27703 -3.11031 0.221742 -4.28108 -3.10055 0.240777 -4.28584 -3.08906 0.258645 -4.29126 -3.07596 0.275163 -4.2973 -3.06138 0.290161 -4.30389 -3.04548 0.303487 -4.31096 -3.02841 0.315002 -4.31844 -3.01035 0.32459 -4.32625 -2.99149 0.332151 -4.33431 -2.97202 0.337607 -4.34255 -2.95214 0.340904 -4.34062 -2.95122 -0.0867077 -4.33048 -2.9702 -0.0834112 -4.32054 -2.98879 -0.0779545 -4.31092 -3.00679 -0.0703937 -4.30171 -3.02403 -0.0608064 -4.293 -3.04032 -0.0492909 -4.28488 -3.05551 -0.0359655 -4.27744 -3.06942 -0.0209668 -4.27076 -3.08193 -0.0044487 -4.2649 -3.0929 0.0134192 -4.25992 -3.10221 0.0324536 -4.25587 -3.10978 0.0524592 -4.2528 -3.11553 0.0732307 -4.25073 -3.1194 0.0945549 -4.24969 -3.12134 0.116213 -4.24969 -3.12134 0.137983 -4.25073 -3.1194 0.159641 -4.2528 -3.11553 0.180965 -4.25587 -3.10978 0.201737 -4.25992 -3.10221 0.221742 -4.2649 -3.0929 0.240777 -4.27076 -3.08193 0.258645 -4.27744 -3.06942 0.275163 -4.28488 -3.05551 0.290161 -4.293 -3.04032 0.303487 -4.30171 -3.02403 0.315002 -4.31092 -3.00679 0.32459 -4.32054 -2.98879 0.332151 -4.33048 -2.9702 0.337607 -4.34062 -2.95122 0.340904 -4.33879 -2.95013 -0.0867077 -4.32684 -2.96802 -0.0834112 -4.31513 -2.98554 -0.0779545 -4.30379 -3.00252 -0.0703937 -4.29293 -3.01877 -0.0608064 -4.28266 -3.03413 -0.0492909 -4.2731 -3.04844 -0.0359655 -4.26433 -3.06156 -0.0209668 -4.25645 -3.07335 -0.0044487 -4.24954 -3.08369 0.0134192 -4.24368 -3.09248 0.0324536 -4.23891 -3.09962 0.0524592 -4.23528 -3.10504 0.0732307 -4.23285 -3.10868 0.0945549 -4.23163 -3.11051 0.116213 -4.23163 -3.11051 0.137983 -4.23285 -3.10868 0.159641 -4.23528 -3.10504 0.180965 -4.23891 -3.09962 0.201737 -4.24368 -3.09248 0.221742 -4.24954 -3.08369 0.240777 -4.25645 -3.07335 0.258645 -4.26433 -3.06156 0.275163 -4.2731 -3.04844 0.290161 -4.28266 -3.03413 0.303487 -4.29293 -3.01877 0.315002 -4.30379 -3.00252 0.32459 -4.31513 -2.98554 0.332151 -4.32684 -2.96802 0.337607 -4.33879 -2.95013 0.340904 -4.33708 -2.94886 -0.0867077 -4.32343 -2.96549 -0.0834112 -4.31006 -2.98178 -0.0779545 -4.2971 -2.99756 -0.0703937 -4.28471 -3.01267 -0.0608064 -4.27299 -3.02695 -0.0492909 -4.26206 -3.04026 -0.0359655 -4.25205 -3.05246 -0.0209668 -4.24306 -3.06342 -0.0044487 -4.23517 -3.07303 0.0134192 -4.22847 -3.0812 0.0324536 -4.22302 -3.08784 0.0524592 -4.21889 -3.09287 0.0732307 -4.21611 -3.09626 0.0945549 -4.21471 -3.09796 0.116213 -4.21471 -3.09796 0.137983 -4.21611 -3.09626 0.159641 -4.21889 -3.09287 0.180965 -4.22302 -3.08784 0.201737 -4.22847 -3.0812 0.221742 -4.23517 -3.07303 0.240777 -4.24306 -3.06342 0.258645 -4.25205 -3.05246 0.275163 -4.26206 -3.04026 0.290161 -4.27299 -3.02695 0.303487 -4.28471 -3.01267 0.315002 -4.2971 -2.99756 0.32459 -4.31006 -2.98178 0.332151 -4.32343 -2.96549 0.337607 -4.33708 -2.94886 0.340904 -4.3355 -2.94742 -0.0867077 -4.32028 -2.96264 -0.0834112 -4.30538 -2.97754 -0.0779545 -4.29094 -2.99198 -0.0703937 -4.27712 -3.0058 -0.0608064 -4.26406 -3.01886 -0.0492909 -4.25189 -3.03103 -0.0359655 -4.24073 -3.04219 -0.0209668 -4.2307 -3.05222 -0.0044487 -4.22191 -3.06101 0.0134192 -4.21444 -3.06848 0.0324536 -4.20837 -3.07455 0.0524592 -4.20376 -3.07916 0.0732307 -4.20066 -3.08226 0.0945549 -4.1991 -3.08382 0.116213 -4.1991 -3.08382 0.137983 -4.20066 -3.08226 0.159641 -4.20376 -3.07916 0.180965 -4.20837 -3.07455 0.201737 -4.21444 -3.06848 0.221742 -4.22191 -3.06101 0.240777 -4.2307 -3.05222 0.258645 -4.24073 -3.04219 0.275163 -4.25189 -3.03103 0.290161 -4.26406 -3.01886 0.303487 -4.27712 -3.0058 0.315002 -4.29094 -2.99198 0.32459 -4.30538 -2.97754 0.332151 -4.32028 -2.96264 0.337607 -4.3355 -2.94742 0.340904 -4.33406 -2.94584 -0.0867077 -4.31743 -2.95949 -0.0834112 -4.30114 -2.97286 -0.0779545 -4.28536 -2.98582 -0.0703937 -4.27025 -2.99821 -0.0608064 -4.25597 -3.00993 -0.0492909 -4.24266 -3.02086 -0.0359655 -4.23046 -3.03087 -0.0209668 -4.2195 -3.03986 -0.0044487 -4.20989 -3.04775 0.0134192 -4.20172 -3.05445 0.0324536 -4.19508 -3.0599 0.0524592 -4.19005 -3.06403 0.0732307 -4.18666 -3.06681 0.0945549 -4.18496 -3.06821 0.116213 -4.18496 -3.06821 0.137983 -4.18666 -3.06681 0.159641 -4.19005 -3.06403 0.180965 -4.19508 -3.0599 0.201737 -4.20172 -3.05445 0.221742 -4.20989 -3.04775 0.240777 -4.2195 -3.03986 0.258645 -4.23046 -3.03087 0.275163 -4.24266 -3.02086 0.290161 -4.25597 -3.00993 0.303487 -4.27025 -2.99821 0.315002 -4.28536 -2.98582 0.32459 -4.30114 -2.97286 0.332151 -4.31743 -2.95949 0.337607 -4.33406 -2.94584 0.340904 -4.33279 -2.94413 -0.0867077 -4.3149 -2.95608 -0.0834112 -4.29738 -2.96779 -0.0779545 -4.2804 -2.97913 -0.0703937 -4.26415 -2.98999 -0.0608064 -4.24879 -3.00026 -0.0492909 -4.23448 -3.00982 -0.0359655 -4.22136 -3.01859 -0.0209668 -4.20957 -3.02647 -0.0044487 -4.19923 -3.03338 0.0134192 -4.19044 -3.03924 0.0324536 -4.1833 -3.04401 0.0524592 -4.17788 -3.04764 0.0732307 -4.17424 -3.05007 0.0945549 -4.17241 -3.05129 0.116213 -4.17241 -3.05129 0.137983 -4.17424 -3.05007 0.159641 -4.17788 -3.04764 0.180965 -4.1833 -3.04401 0.201737 -4.19044 -3.03924 0.221742 -4.19923 -3.03338 0.240777 -4.20957 -3.02647 0.258645 -4.22136 -3.01859 0.275163 -4.23448 -3.00982 0.290161 -4.24879 -3.00026 0.303487 -4.26415 -2.98999 0.315002 -4.2804 -2.97913 0.32459 -4.29738 -2.96779 0.332151 -4.3149 -2.95608 0.337607 -4.33279 -2.94413 0.340904 -4.3317 -2.9423 -0.0867077 -4.31272 -2.95244 -0.0834112 -4.29413 -2.96238 -0.0779545 -4.27613 -2.972 -0.0703937 -4.25889 -2.98121 -0.0608064 -4.2426 -2.98992 -0.0492909 -4.22741 -2.99804 -0.0359655 -4.2135 -3.00548 -0.0209668 -4.20099 -3.01216 -0.0044487 -4.19002 -3.01802 0.0134192 -4.18071 -3.023 0.0324536 -4.17314 -3.02705 0.0524592 -4.16739 -3.03012 0.0732307 -4.16352 -3.03219 0.0945549 -4.16158 -3.03323 0.116213 -4.16158 -3.03323 0.137983 -4.16352 -3.03219 0.159641 -4.16739 -3.03012 0.180965 -4.17314 -3.02705 0.201737 -4.18071 -3.023 0.221742 -4.19002 -3.01802 0.240777 -4.20099 -3.01216 0.258645 -4.2135 -3.00548 0.275163 -4.22741 -2.99804 0.290161 -4.2426 -2.98992 0.303487 -4.25889 -2.98121 0.315002 -4.27613 -2.972 0.32459 -4.29413 -2.96238 0.332151 -4.31272 -2.95244 0.337607 -4.3317 -2.9423 0.340904 -4.33078 -2.94037 -0.0867077 -4.3109 -2.94861 -0.0834112 -4.29143 -2.95667 -0.0779545 -4.27257 -2.96448 -0.0703937 -4.25451 -2.97196 -0.0608064 -4.23744 -2.97903 -0.0492909 -4.22154 -2.98562 -0.0359655 -4.20696 -2.99166 -0.0209668 -4.19386 -2.99708 -0.0044487 -4.18237 -3.00184 0.0134192 -4.17261 -3.00589 0.0324536 -4.16468 -3.00917 0.0524592 -4.15866 -3.01167 0.0732307 -4.15461 -3.01334 0.0945549 -4.15258 -3.01419 0.116213 -4.15258 -3.01419 0.137983 -4.15461 -3.01334 0.159641 -4.15866 -3.01167 0.180965 -4.16468 -3.00917 0.201737 -4.17261 -3.00589 0.221742 -4.18237 -3.00184 0.240777 -4.19386 -2.99708 0.258645 -4.20696 -2.99166 0.275163 -4.22154 -2.98562 0.290161 -4.23744 -2.97903 0.303487 -4.25451 -2.97196 0.315002 -4.27257 -2.96448 0.32459 -4.29143 -2.95667 0.332151 -4.3109 -2.94861 0.337607 -4.33078 -2.94037 0.340904 -4.33006 -2.93836 -0.0867077 -4.30947 -2.94461 -0.0834112 -4.2893 -2.95073 -0.0779545 -4.26977 -2.95665 -0.0703937 -4.25107 -2.96233 -0.0608064 -4.23339 -2.96769 -0.0492909 -4.21691 -2.97269 -0.0359655 -4.20181 -2.97727 -0.0209668 -4.18824 -2.98138 -0.0044487 -4.17634 -2.98499 0.0134192 -4.16623 -2.98806 0.0324536 -4.15802 -2.99055 0.0524592 -4.15178 -2.99244 0.0732307 -4.14759 -2.99372 0.0945549 -4.14548 -2.99435 0.116213 -4.14548 -2.99435 0.137983 -4.14759 -2.99372 0.159641 -4.15178 -2.99244 0.180965 -4.15802 -2.99055 0.201737 -4.16623 -2.98806 0.221742 -4.17634 -2.98499 0.240777 -4.18824 -2.98138 0.258645 -4.20181 -2.97727 0.275163 -4.21691 -2.97269 0.290161 -4.23339 -2.96769 0.303487 -4.25107 -2.96233 0.315002 -4.26977 -2.95665 0.32459 -4.2893 -2.95073 0.332151 -4.30947 -2.94461 0.337607 -4.33006 -2.93836 0.340904 -4.32955 -2.93629 -0.0867077 -4.30844 -2.94049 -0.0834112 -4.28777 -2.9446 -0.0779545 -4.26775 -2.94858 -0.0703937 -4.24858 -2.9524 -0.0608064 -4.23046 -2.956 -0.0492909 -4.21357 -2.95936 -0.0359655 -4.1981 -2.96244 -0.0209668 -4.18419 -2.9652 -0.0044487 -4.17199 -2.96763 0.0134192 -4.16163 -2.96969 0.0324536 -4.15321 -2.97137 0.0524592 -4.14682 -2.97264 0.0732307 -4.14252 -2.97349 0.0945549 -4.14036 -2.97392 0.116213 -4.14036 -2.97392 0.137983 -4.14252 -2.97349 0.159641 -4.14682 -2.97264 0.180965 -4.15321 -2.97137 0.201737 -4.16163 -2.96969 0.221742 -4.17199 -2.96763 0.240777 -4.18419 -2.9652 0.258645 -4.1981 -2.96244 0.275163 -4.21357 -2.95936 0.290161 -4.23046 -2.956 0.303487 -4.24858 -2.9524 0.315002 -4.26775 -2.94858 0.32459 -4.28777 -2.9446 0.332151 -4.30844 -2.94049 0.337607 -4.32955 -2.93629 0.340904 -4.32923 -2.93418 -0.0867077 -4.30782 -2.93629 -0.0834112 -4.28684 -2.93836 -0.0779545 -4.26653 -2.94036 -0.0703937 -4.24708 -2.94227 -0.0608064 -4.22869 -2.94408 -0.0492909 -4.21156 -2.94577 -0.0359655 -4.19586 -2.94732 -0.0209668 -4.18174 -2.94871 -0.0044487 -4.16937 -2.94993 0.0134192 -4.15885 -2.95096 0.0324536 -4.15031 -2.9518 0.0524592 -4.14382 -2.95244 0.0732307 -4.13946 -2.95287 0.0945549 -4.13727 -2.95309 0.116213 -4.13727 -2.95309 0.137983 -4.13946 -2.95287 0.159641 -4.14382 -2.95244 0.180965 -4.15031 -2.9518 0.201737 -4.15885 -2.95096 0.221742 -4.16937 -2.94993 0.240777 -4.18174 -2.94871 0.258645 -4.19586 -2.94732 0.275163 -4.21156 -2.94577 0.290161 -4.22869 -2.94408 0.303487 -4.24708 -2.94227 0.315002 -4.26653 -2.94036 0.32459 -4.28684 -2.93836 0.332151 -4.30782 -2.93629 0.337607 -4.32923 -2.93418 0.340904 4.2658 -3.0401 -0.0431584 4.28233 -3.0401 -0.0423203 4.29868 -3.0401 -0.0398145 4.3147 -3.0401 -0.0356668 4.33022 -3.0401 -0.0299197 4.34508 -3.0401 -0.0226321 4.35912 -3.0401 -0.013879 4.37221 -3.0401 -0.00375003 4.3842 -3.0401 0.00765082 4.39498 -3.0401 0.0202065 4.40443 -3.0401 0.0337883 4.41246 -3.0401 0.0482568 4.41899 -3.0401 0.0634634 4.42394 -3.0401 0.0792523 4.42727 -3.0401 0.0954613 4.42895 -3.0401 0.111924 4.42895 -3.0401 0.128472 4.42727 -3.0401 0.144935 4.42394 -3.0401 0.161144 4.41899 -3.0401 0.176933 4.41246 -3.0401 0.192139 4.40443 -3.0401 0.206608 4.39498 -3.0401 0.220189 4.3842 -3.0401 0.232745 4.37221 -3.0401 0.244146 4.35912 -3.0401 0.254275 4.34508 -3.0401 0.263028 4.33022 -3.0401 0.270316 4.3147 -3.0401 0.276063 4.29868 -3.0401 0.280211 4.28233 -3.0401 0.282716 4.2658 -3.0401 0.283554 4.28225 -3.03848 -0.0423203 4.29852 -3.03688 -0.0398145 4.31447 -3.03531 -0.0356668 4.32991 -3.03379 -0.0299197 4.3447 -3.03233 -0.0226321 4.35867 -3.03095 -0.013879 4.37169 -3.02967 -0.00375003 4.38363 -3.02849 0.00765082 4.39436 -3.02744 0.0202065 4.40376 -3.02651 0.0337883 4.41176 -3.02572 0.0482568 4.41825 -3.02508 0.0634634 4.42318 -3.0246 0.0792523 4.4265 -3.02427 0.0954613 4.42816 -3.02411 0.111924 4.42816 -3.02411 0.128472 4.4265 -3.02427 0.144935 4.42318 -3.0246 0.161144 4.41825 -3.02508 0.176933 4.41176 -3.02572 0.192139 4.40376 -3.02651 0.206608 4.39436 -3.02744 0.220189 4.38363 -3.02849 0.232745 4.37169 -3.02967 0.244146 4.35867 -3.03095 0.254275 4.3447 -3.03233 0.263028 4.32991 -3.03379 0.270316 4.31447 -3.03531 0.276063 4.29852 -3.03688 0.280211 4.28225 -3.03848 0.282716 4.28201 -3.03688 -0.0423203 4.29805 -3.03368 -0.0398145 4.31376 -3.03056 -0.0356668 4.32898 -3.02753 -0.0299197 4.34355 -3.02463 -0.0226321 4.35733 -3.02189 -0.013879 4.37016 -3.01934 -0.00375003 4.38192 -3.017 0.00765082 4.3925 -3.0149 0.0202065 4.40177 -3.01305 0.0337883 4.40964 -3.01149 0.0482568 4.41604 -3.01021 0.0634634 4.4209 -3.00925 0.0792523 4.42417 -3.0086 0.0954613 4.42581 -3.00827 0.111924 4.42581 -3.00827 0.128472 4.42417 -3.0086 0.144935 4.4209 -3.00925 0.161144 4.41604 -3.01021 0.176933 4.40964 -3.01149 0.192139 4.40177 -3.01305 0.206608 4.3925 -3.0149 0.220189 4.38192 -3.017 0.232745 4.37016 -3.01934 0.244146 4.35733 -3.02189 0.254275 4.34355 -3.02463 0.263028 4.32898 -3.02753 0.270316 4.31376 -3.03056 0.276063 4.29805 -3.03368 0.280211 4.28201 -3.03688 0.282716 4.28161 -3.0353 -0.0423203 4.29727 -3.03055 -0.0398145 4.3126 -3.0259 -0.0356668 4.32745 -3.0214 -0.0299197 4.34166 -3.01709 -0.0226321 4.3551 -3.01301 -0.013879 4.36762 -3.00921 -0.00375003 4.3791 -3.00573 0.00765082 4.38942 -3.0026 0.0202065 4.39846 -2.99986 0.0337883 4.40615 -2.99753 0.0482568 4.41239 -2.99563 0.0634634 4.41713 -2.99419 0.0792523 4.42032 -2.99323 0.0954613 4.42192 -2.99274 0.111924 4.42192 -2.99274 0.128472 4.42032 -2.99323 0.144935 4.41713 -2.99419 0.161144 4.41239 -2.99563 0.176933 4.40615 -2.99753 0.192139 4.39846 -2.99986 0.206608 4.38942 -3.0026 0.220189 4.3791 -3.00573 0.232745 4.36762 -3.00921 0.244146 4.3551 -3.01301 0.254275 4.34166 -3.01709 0.263028 4.32745 -3.0214 0.270316 4.3126 -3.0259 0.276063 4.29727 -3.03055 0.280211 4.28161 -3.0353 0.282716 4.28107 -3.03378 -0.0423203 4.29618 -3.02752 -0.0398145 4.31098 -3.02139 -0.0356668 4.32532 -3.01545 -0.0299197 4.33904 -3.00976 -0.0226321 4.35202 -3.00439 -0.013879 4.36411 -2.99938 -0.00375003 4.37519 -2.99479 0.00765082 4.38515 -2.99067 0.0202065 4.39388 -2.98705 0.0337883 4.4013 -2.98397 0.0482568 4.40733 -2.98148 0.0634634 4.4119 -2.97958 0.0792523 4.41498 -2.97831 0.0954613 4.41653 -2.97767 0.111924 4.41653 -2.97767 0.128472 4.41498 -2.97831 0.144935 4.4119 -2.97958 0.161144 4.40733 -2.98148 0.176933 4.4013 -2.98397 0.192139 4.39388 -2.98705 0.206608 4.38515 -2.99067 0.220189 4.37519 -2.99479 0.232745 4.36411 -2.99938 0.244146 4.35202 -3.00439 0.254275 4.33904 -3.00976 0.263028 4.32532 -3.01545 0.270316 4.31098 -3.02139 0.276063 4.29618 -3.02752 0.280211 4.28107 -3.03378 0.282716 4.28038 -3.03231 -0.0423203 4.2948 -3.0246 -0.0398145 4.30893 -3.01705 -0.0356668 4.32261 -3.00973 -0.0299197 4.33572 -3.00273 -0.0226321 4.3481 -2.99611 -0.013879 4.35964 -2.98994 -0.00375003 4.37022 -2.98429 0.00765082 4.37972 -2.97921 0.0202065 4.38806 -2.97475 0.0337883 4.39514 -2.97096 0.0482568 4.4009 -2.96789 0.0634634 4.40527 -2.96555 0.0792523 4.40821 -2.96398 0.0954613 4.40968 -2.96319 0.111924 4.40968 -2.96319 0.128472 4.40821 -2.96398 0.144935 4.40527 -2.96555 0.161144 4.4009 -2.96789 0.176933 4.39514 -2.97096 0.192139 4.38806 -2.97475 0.206608 4.37972 -2.97921 0.220189 4.37022 -2.98429 0.232745 4.35964 -2.98994 0.244146 4.3481 -2.99611 0.254275 4.33572 -3.00273 0.263028 4.32261 -3.00973 0.270316 4.30893 -3.01705 0.276063 4.2948 -3.0246 0.280211 4.28038 -3.03231 0.282716 4.27954 -3.03092 -0.0423203 4.29314 -3.02183 -0.0398145 4.30646 -3.01293 -0.0356668 4.31936 -3.00431 -0.0299197 4.33172 -2.99606 -0.0226321 4.34339 -2.98825 -0.013879 4.35427 -2.98098 -0.00375003 4.36425 -2.97432 0.00765082 4.37321 -2.96833 0.0202065 4.38107 -2.96308 0.0337883 4.38774 -2.95862 0.0482568 4.39317 -2.95499 0.0634634 4.39729 -2.95224 0.0792523 4.40006 -2.95039 0.0954613 4.40145 -2.94946 0.111924 4.40145 -2.94946 0.128472 4.40006 -2.95039 0.144935 4.39729 -2.95224 0.161144 4.39317 -2.95499 0.176933 4.38774 -2.95862 0.192139 4.38107 -2.96308 0.206608 4.37321 -2.96833 0.220189 4.36425 -2.97432 0.232745 4.35427 -2.98098 0.244146 4.34339 -2.98825 0.254275 4.33172 -2.99606 0.263028 4.31936 -3.00431 0.270316 4.30646 -3.01293 0.276063 4.29314 -3.02183 0.280211 4.27954 -3.03092 0.282716 4.27857 -3.02962 -0.0423203 4.29122 -3.01924 -0.0398145 4.3036 -3.00908 -0.0356668 4.3156 -2.99923 -0.0299197 4.32708 -2.98981 -0.0226321 4.33794 -2.9809 -0.013879 4.34805 -2.9726 -0.00375003 4.35732 -2.96499 0.00765082 4.36566 -2.95815 0.0202065 4.37296 -2.95215 0.0337883 4.37917 -2.94706 0.0482568 4.38422 -2.94292 0.0634634 4.38805 -2.93978 0.0792523 4.39062 -2.93766 0.0954613 4.39191 -2.9366 0.111924 4.39191 -2.9366 0.128472 4.39062 -2.93766 0.144935 4.38805 -2.93978 0.161144 4.38422 -2.94292 0.176933 4.37917 -2.94706 0.192139 4.37296 -2.95215 0.206608 4.36566 -2.95815 0.220189 4.35732 -2.96499 0.232745 4.34805 -2.9726 0.244146 4.33794 -2.9809 0.254275 4.32708 -2.98981 0.263028 4.3156 -2.99923 0.270316 4.3036 -3.00908 0.276063 4.29122 -3.01924 0.280211 4.27857 -3.02962 0.282716 4.27749 -3.02841 -0.0423203 4.28905 -3.01685 -0.0398145 4.30038 -3.00552 -0.0356668 4.31135 -2.99455 -0.0299197 4.32186 -2.98404 -0.0226321 4.33179 -2.97411 -0.013879 4.34104 -2.96486 -0.00375003 4.34952 -2.95638 0.00765082 4.35714 -2.94876 0.0202065 4.36383 -2.94207 0.0337883 4.36951 -2.93639 0.0482568 4.37412 -2.93178 0.0634634 4.37762 -2.92828 0.0792523 4.37998 -2.92592 0.0954613 4.38116 -2.92474 0.111924 4.38116 -2.92474 0.128472 4.37998 -2.92592 0.144935 4.37762 -2.92828 0.161144 4.37412 -2.93178 0.176933 4.36951 -2.93639 0.192139 4.36383 -2.94207 0.206608 4.35714 -2.94876 0.220189 4.34952 -2.95638 0.232745 4.34104 -2.96486 0.244146 4.33179 -2.97411 0.254275 4.32186 -2.98404 0.263028 4.31135 -2.99455 0.270316 4.30038 -3.00552 0.276063 4.28905 -3.01685 0.280211 4.27749 -3.02841 0.282716 4.27628 -3.02732 -0.0423203 4.28666 -3.01468 -0.0398145 4.29682 -3.0023 -0.0356668 4.30667 -2.9903 -0.0299197 4.31609 -2.97882 -0.0226321 4.325 -2.96796 -0.013879 4.3333 -2.95785 -0.00375003 4.34091 -2.94858 0.00765082 4.34775 -2.94024 0.0202065 4.35375 -2.93294 0.0337883 4.35884 -2.92673 0.0482568 4.36298 -2.92168 0.0634634 4.36612 -2.91785 0.0792523 4.36824 -2.91528 0.0954613 4.3693 -2.91399 0.111924 4.3693 -2.91399 0.128472 4.36824 -2.91528 0.144935 4.36612 -2.91785 0.161144 4.36298 -2.92168 0.176933 4.35884 -2.92673 0.192139 4.35375 -2.93294 0.206608 4.34775 -2.94024 0.220189 4.34091 -2.94858 0.232745 4.3333 -2.95785 0.244146 4.325 -2.96796 0.254275 4.31609 -2.97882 0.263028 4.30667 -2.9903 0.270316 4.29682 -3.0023 0.276063 4.28666 -3.01468 0.280211 4.27628 -3.02732 0.282716 4.27498 -3.02636 -0.0423203 4.28407 -3.01276 -0.0398145 4.29297 -2.99944 -0.0356668 4.30159 -2.98654 -0.0299197 4.30984 -2.97418 -0.0226321 4.31765 -2.96251 -0.013879 4.32492 -2.95163 -0.00375003 4.33158 -2.94165 0.00765082 4.33757 -2.93269 0.0202065 4.34282 -2.92483 0.0337883 4.34728 -2.91815 0.0482568 4.35091 -2.91273 0.0634634 4.35366 -2.90861 0.0792523 4.35551 -2.90584 0.0954613 4.35644 -2.90445 0.111924 4.35644 -2.90445 0.128472 4.35551 -2.90584 0.144935 4.35366 -2.90861 0.161144 4.35091 -2.91273 0.176933 4.34728 -2.91815 0.192139 4.34282 -2.92483 0.206608 4.33757 -2.93269 0.220189 4.33158 -2.94165 0.232745 4.32492 -2.95163 0.244146 4.31765 -2.96251 0.254275 4.30984 -2.97418 0.263028 4.30159 -2.98654 0.270316 4.29297 -2.99944 0.276063 4.28407 -3.01276 0.280211 4.27498 -3.02636 0.282716 4.27359 -3.02552 -0.0423203 4.2813 -3.0111 -0.0398145 4.28885 -2.99697 -0.0356668 4.29617 -2.98329 -0.0299197 4.30317 -2.97018 -0.0226321 4.30979 -2.9578 -0.013879 4.31596 -2.94626 -0.00375003 4.32161 -2.93568 0.00765082 4.32669 -2.92617 0.0202065 4.33115 -2.91784 0.0337883 4.33494 -2.91076 0.0482568 4.33801 -2.905 0.0634634 4.34035 -2.90063 0.0792523 4.34192 -2.89769 0.0954613 4.34271 -2.89622 0.111924 4.34271 -2.89622 0.128472 4.34192 -2.89769 0.144935 4.34035 -2.90063 0.161144 4.33801 -2.905 0.176933 4.33494 -2.91076 0.192139 4.33115 -2.91784 0.206608 4.32669 -2.92617 0.220189 4.32161 -2.93568 0.232745 4.31596 -2.94626 0.244146 4.30979 -2.9578 0.254275 4.30317 -2.97018 0.263028 4.29617 -2.98329 0.270316 4.28885 -2.99697 0.276063 4.2813 -3.0111 0.280211 4.27359 -3.02552 0.282716 4.27212 -3.02483 -0.0423203 4.27838 -3.00972 -0.0398145 4.28451 -2.99492 -0.0356668 4.29045 -2.98058 -0.0299197 4.29614 -2.96686 -0.0226321 4.30151 -2.95388 -0.013879 4.30652 -2.94179 -0.00375003 4.31111 -2.93071 0.00765082 4.31523 -2.92075 0.0202065 4.31885 -2.91202 0.0337883 4.32193 -2.9046 0.0482568 4.32442 -2.89857 0.0634634 4.32632 -2.894 0.0792523 4.32759 -2.89092 0.0954613 4.32823 -2.88937 0.111924 4.32823 -2.88937 0.128472 4.32759 -2.89092 0.144935 4.32632 -2.894 0.161144 4.32442 -2.89857 0.176933 4.32193 -2.9046 0.192139 4.31885 -2.91202 0.206608 4.31523 -2.92075 0.220189 4.31111 -2.93071 0.232745 4.30652 -2.94179 0.244146 4.30151 -2.95388 0.254275 4.29614 -2.96686 0.263028 4.29045 -2.98058 0.270316 4.28451 -2.99492 0.276063 4.27838 -3.00972 0.280211 4.27212 -3.02483 0.282716 4.2706 -3.02429 -0.0423203 4.27535 -3.00863 -0.0398145 4.28 -2.9933 -0.0356668 4.2845 -2.97845 -0.0299197 4.28881 -2.96424 -0.0226321 4.29289 -2.9508 -0.013879 4.29669 -2.93828 -0.00375003 4.30017 -2.9268 0.00765082 4.3033 -2.91648 0.0202065 4.30604 -2.90744 0.0337883 4.30837 -2.89975 0.0482568 4.31027 -2.89351 0.0634634 4.31171 -2.88877 0.0792523 4.31267 -2.88558 0.0954613 4.31316 -2.88398 0.111924 4.31316 -2.88398 0.128472 4.31267 -2.88558 0.144935 4.31171 -2.88877 0.161144 4.31027 -2.89351 0.176933 4.30837 -2.89975 0.192139 4.30604 -2.90744 0.206608 4.3033 -2.91648 0.220189 4.30017 -2.9268 0.232745 4.29669 -2.93828 0.244146 4.29289 -2.9508 0.254275 4.28881 -2.96424 0.263028 4.2845 -2.97845 0.270316 4.28 -2.9933 0.276063 4.27535 -3.00863 0.280211 4.2706 -3.02429 0.282716 4.26902 -3.02389 -0.0423203 4.27222 -3.00785 -0.0398145 4.27534 -2.99214 -0.0356668 4.27837 -2.97692 -0.0299197 4.28127 -2.96235 -0.0226321 4.28401 -2.94857 -0.013879 4.28656 -2.93574 -0.00375003 4.2889 -2.92398 0.00765082 4.291 -2.9134 0.0202065 4.29285 -2.90413 0.0337883 4.29441 -2.89626 0.0482568 4.29569 -2.88986 0.0634634 4.29665 -2.885 0.0792523 4.2973 -2.88173 0.0954613 4.29763 -2.88009 0.111924 4.29763 -2.88009 0.128472 4.2973 -2.88173 0.144935 4.29665 -2.885 0.161144 4.29569 -2.88986 0.176933 4.29441 -2.89626 0.192139 4.29285 -2.90413 0.206608 4.291 -2.9134 0.220189 4.2889 -2.92398 0.232745 4.28656 -2.93574 0.244146 4.28401 -2.94857 0.254275 4.28127 -2.96235 0.263028 4.27837 -2.97692 0.270316 4.27534 -2.99214 0.276063 4.27222 -3.00785 0.280211 4.26902 -3.02389 0.282716 4.26742 -3.02365 -0.0423203 4.26902 -3.00738 -0.0398145 4.27059 -2.99143 -0.0356668 4.27211 -2.97599 -0.0299197 4.27357 -2.9612 -0.0226321 4.27495 -2.94723 -0.013879 4.27623 -2.93421 -0.00375003 4.27741 -2.92227 0.00765082 4.27846 -2.91154 0.0202065 4.27939 -2.90214 0.0337883 4.28018 -2.89414 0.0482568 4.28082 -2.88765 0.0634634 4.2813 -2.88272 0.0792523 4.28163 -2.8794 0.0954613 4.28179 -2.87774 0.111924 4.28179 -2.87774 0.128472 4.28163 -2.8794 0.144935 4.2813 -2.88272 0.161144 4.28082 -2.88765 0.176933 4.28018 -2.89414 0.192139 4.27939 -2.90214 0.206608 4.27846 -2.91154 0.220189 4.27741 -2.92227 0.232745 4.27623 -2.93421 0.244146 4.27495 -2.94723 0.254275 4.27357 -2.9612 0.263028 4.27211 -2.97599 0.270316 4.27059 -2.99143 0.276063 4.26902 -3.00738 0.280211 4.26742 -3.02365 0.282716 4.2658 -3.02357 -0.0423203 4.2658 -3.00722 -0.0398145 4.2658 -2.9912 -0.0356668 4.2658 -2.97568 -0.0299197 4.2658 -2.96082 -0.0226321 4.2658 -2.94678 -0.013879 4.2658 -2.93369 -0.00375003 4.2658 -2.9217 0.00765082 4.2658 -2.91092 0.0202065 4.2658 -2.90147 0.0337883 4.2658 -2.89344 0.0482568 4.2658 -2.88691 0.0634634 4.2658 -2.88196 0.0792523 4.2658 -2.87863 0.0954613 4.2658 -2.87695 0.111924 4.2658 -2.87695 0.128472 4.2658 -2.87863 0.144935 4.2658 -2.88196 0.161144 4.2658 -2.88691 0.176933 4.2658 -2.89344 0.192139 4.2658 -2.90147 0.206608 4.2658 -2.91092 0.220189 4.2658 -2.9217 0.232745 4.2658 -2.93369 0.244146 4.2658 -2.94678 0.254275 4.2658 -2.96082 0.263028 4.2658 -2.97568 0.270316 4.2658 -2.9912 0.276063 4.2658 -3.00722 0.280211 4.2658 -3.02357 0.282716 4.26418 -3.02365 -0.0423203 4.26258 -3.00738 -0.0398145 4.26101 -2.99143 -0.0356668 4.25949 -2.97599 -0.0299197 4.25803 -2.9612 -0.0226321 4.25665 -2.94723 -0.013879 4.25537 -2.93421 -0.00375003 4.25419 -2.92227 0.00765082 4.25314 -2.91154 0.0202065 4.25221 -2.90214 0.0337883 4.25142 -2.89414 0.0482568 4.25078 -2.88765 0.0634634 4.2503 -2.88272 0.0792523 4.24997 -2.8794 0.0954613 4.24981 -2.87774 0.111924 4.24981 -2.87774 0.128472 4.24997 -2.8794 0.144935 4.2503 -2.88272 0.161144 4.25078 -2.88765 0.176933 4.25142 -2.89414 0.192139 4.25221 -2.90214 0.206608 4.25314 -2.91154 0.220189 4.25419 -2.92227 0.232745 4.25537 -2.93421 0.244146 4.25665 -2.94723 0.254275 4.25803 -2.9612 0.263028 4.25949 -2.97599 0.270316 4.26101 -2.99143 0.276063 4.26258 -3.00738 0.280211 4.26418 -3.02365 0.282716 4.26258 -3.02389 -0.0423203 4.25938 -3.00785 -0.0398145 4.25626 -2.99214 -0.0356668 4.25323 -2.97692 -0.0299197 4.25033 -2.96235 -0.0226321 4.24759 -2.94857 -0.013879 4.24504 -2.93574 -0.00375003 4.2427 -2.92398 0.00765082 4.2406 -2.9134 0.0202065 4.23875 -2.90413 0.0337883 4.23719 -2.89626 0.0482568 4.23591 -2.88986 0.0634634 4.23495 -2.885 0.0792523 4.2343 -2.88173 0.0954613 4.23397 -2.88009 0.111924 4.23397 -2.88009 0.128472 4.2343 -2.88173 0.144935 4.23495 -2.885 0.161144 4.23591 -2.88986 0.176933 4.23719 -2.89626 0.192139 4.23875 -2.90413 0.206608 4.2406 -2.9134 0.220189 4.2427 -2.92398 0.232745 4.24504 -2.93574 0.244146 4.24759 -2.94857 0.254275 4.25033 -2.96235 0.263028 4.25323 -2.97692 0.270316 4.25626 -2.99214 0.276063 4.25938 -3.00785 0.280211 4.26258 -3.02389 0.282716 4.261 -3.02429 -0.0423203 4.25625 -3.00863 -0.0398145 4.2516 -2.9933 -0.0356668 4.2471 -2.97845 -0.0299197 4.24279 -2.96424 -0.0226321 4.23871 -2.9508 -0.013879 4.23491 -2.93828 -0.00375003 4.23143 -2.9268 0.00765082 4.2283 -2.91648 0.0202065 4.22556 -2.90744 0.0337883 4.22323 -2.89975 0.0482568 4.22133 -2.89351 0.0634634 4.21989 -2.88877 0.0792523 4.21893 -2.88558 0.0954613 4.21844 -2.88398 0.111924 4.21844 -2.88398 0.128472 4.21893 -2.88558 0.144935 4.21989 -2.88877 0.161144 4.22133 -2.89351 0.176933 4.22323 -2.89975 0.192139 4.22556 -2.90744 0.206608 4.2283 -2.91648 0.220189 4.23143 -2.9268 0.232745 4.23491 -2.93828 0.244146 4.23871 -2.9508 0.254275 4.24279 -2.96424 0.263028 4.2471 -2.97845 0.270316 4.2516 -2.9933 0.276063 4.25625 -3.00863 0.280211 4.261 -3.02429 0.282716 4.25948 -3.02483 -0.0423203 4.25322 -3.00972 -0.0398145 4.24709 -2.99492 -0.0356668 4.24115 -2.98058 -0.0299197 4.23546 -2.96686 -0.0226321 4.23009 -2.95388 -0.013879 4.22508 -2.94179 -0.00375003 4.22049 -2.93071 0.00765082 4.21637 -2.92075 0.0202065 4.21275 -2.91202 0.0337883 4.20967 -2.9046 0.0482568 4.20718 -2.89857 0.0634634 4.20528 -2.894 0.0792523 4.20401 -2.89092 0.0954613 4.20337 -2.88937 0.111924 4.20337 -2.88937 0.128472 4.20401 -2.89092 0.144935 4.20528 -2.894 0.161144 4.20718 -2.89857 0.176933 4.20967 -2.9046 0.192139 4.21275 -2.91202 0.206608 4.21637 -2.92075 0.220189 4.22049 -2.93071 0.232745 4.22508 -2.94179 0.244146 4.23009 -2.95388 0.254275 4.23546 -2.96686 0.263028 4.24115 -2.98058 0.270316 4.24709 -2.99492 0.276063 4.25322 -3.00972 0.280211 4.25948 -3.02483 0.282716 4.25801 -3.02552 -0.0423203 4.2503 -3.0111 -0.0398145 4.24275 -2.99697 -0.0356668 4.23543 -2.98329 -0.0299197 4.22843 -2.97018 -0.0226321 4.22181 -2.9578 -0.013879 4.21564 -2.94626 -0.00375003 4.20999 -2.93568 0.00765082 4.20491 -2.92617 0.0202065 4.20045 -2.91784 0.0337883 4.19666 -2.91076 0.0482568 4.19359 -2.905 0.0634634 4.19125 -2.90063 0.0792523 4.18968 -2.89769 0.0954613 4.18889 -2.89622 0.111924 4.18889 -2.89622 0.128472 4.18968 -2.89769 0.144935 4.19125 -2.90063 0.161144 4.19359 -2.905 0.176933 4.19666 -2.91076 0.192139 4.20045 -2.91784 0.206608 4.20491 -2.92617 0.220189 4.20999 -2.93568 0.232745 4.21564 -2.94626 0.244146 4.22181 -2.9578 0.254275 4.22843 -2.97018 0.263028 4.23543 -2.98329 0.270316 4.24275 -2.99697 0.276063 4.2503 -3.0111 0.280211 4.25801 -3.02552 0.282716 4.25662 -3.02636 -0.0423203 4.24753 -3.01276 -0.0398145 4.23863 -2.99944 -0.0356668 4.23001 -2.98654 -0.0299197 4.22176 -2.97418 -0.0226321 4.21395 -2.96251 -0.013879 4.20668 -2.95163 -0.00375003 4.20002 -2.94165 0.00765082 4.19403 -2.93269 0.0202065 4.18878 -2.92483 0.0337883 4.18432 -2.91815 0.0482568 4.18069 -2.91273 0.0634634 4.17794 -2.90861 0.0792523 4.17609 -2.90584 0.0954613 4.17516 -2.90445 0.111924 4.17516 -2.90445 0.128472 4.17609 -2.90584 0.144935 4.17794 -2.90861 0.161144 4.18069 -2.91273 0.176933 4.18432 -2.91815 0.192139 4.18878 -2.92483 0.206608 4.19403 -2.93269 0.220189 4.20002 -2.94165 0.232745 4.20668 -2.95163 0.244146 4.21395 -2.96251 0.254275 4.22176 -2.97418 0.263028 4.23001 -2.98654 0.270316 4.23863 -2.99944 0.276063 4.24753 -3.01276 0.280211 4.25662 -3.02636 0.282716 4.25532 -3.02732 -0.0423203 4.24494 -3.01468 -0.0398145 4.23478 -3.0023 -0.0356668 4.22493 -2.9903 -0.0299197 4.21551 -2.97882 -0.0226321 4.2066 -2.96796 -0.013879 4.1983 -2.95785 -0.00375003 4.19069 -2.94858 0.00765082 4.18385 -2.94024 0.0202065 4.17785 -2.93294 0.0337883 4.17276 -2.92673 0.0482568 4.16862 -2.92168 0.0634634 4.16548 -2.91785 0.0792523 4.16336 -2.91528 0.0954613 4.1623 -2.91399 0.111924 4.1623 -2.91399 0.128472 4.16336 -2.91528 0.144935 4.16548 -2.91785 0.161144 4.16862 -2.92168 0.176933 4.17276 -2.92673 0.192139 4.17785 -2.93294 0.206608 4.18385 -2.94024 0.220189 4.19069 -2.94858 0.232745 4.1983 -2.95785 0.244146 4.2066 -2.96796 0.254275 4.21551 -2.97882 0.263028 4.22493 -2.9903 0.270316 4.23478 -3.0023 0.276063 4.24494 -3.01468 0.280211 4.25532 -3.02732 0.282716 4.25411 -3.02841 -0.0423203 4.24255 -3.01685 -0.0398145 4.23122 -3.00552 -0.0356668 4.22025 -2.99455 -0.0299197 4.20974 -2.98404 -0.0226321 4.19981 -2.97411 -0.013879 4.19056 -2.96486 -0.00375003 4.18208 -2.95638 0.00765082 4.17446 -2.94876 0.0202065 4.16777 -2.94207 0.0337883 4.16209 -2.93639 0.0482568 4.15748 -2.93178 0.0634634 4.15398 -2.92828 0.0792523 4.15162 -2.92592 0.0954613 4.15044 -2.92474 0.111924 4.15044 -2.92474 0.128472 4.15162 -2.92592 0.144935 4.15398 -2.92828 0.161144 4.15748 -2.93178 0.176933 4.16209 -2.93639 0.192139 4.16777 -2.94207 0.206608 4.17446 -2.94876 0.220189 4.18208 -2.95638 0.232745 4.19056 -2.96486 0.244146 4.19981 -2.97411 0.254275 4.20974 -2.98404 0.263028 4.22025 -2.99455 0.270316 4.23122 -3.00552 0.276063 4.24255 -3.01685 0.280211 4.25411 -3.02841 0.282716 4.25303 -3.02962 -0.0423203 4.24038 -3.01924 -0.0398145 4.228 -3.00908 -0.0356668 4.216 -2.99923 -0.0299197 4.20452 -2.98981 -0.0226321 4.19366 -2.9809 -0.013879 4.18355 -2.9726 -0.00375003 4.17428 -2.96499 0.00765082 4.16594 -2.95815 0.0202065 4.15864 -2.95215 0.0337883 4.15243 -2.94706 0.0482568 4.14738 -2.94292 0.0634634 4.14355 -2.93978 0.0792523 4.14098 -2.93766 0.0954613 4.13969 -2.9366 0.111924 4.13969 -2.9366 0.128472 4.14098 -2.93766 0.144935 4.14355 -2.93978 0.161144 4.14738 -2.94292 0.176933 4.15243 -2.94706 0.192139 4.15864 -2.95215 0.206608 4.16594 -2.95815 0.220189 4.17428 -2.96499 0.232745 4.18355 -2.9726 0.244146 4.19366 -2.9809 0.254275 4.20452 -2.98981 0.263028 4.216 -2.99923 0.270316 4.228 -3.00908 0.276063 4.24038 -3.01924 0.280211 4.25303 -3.02962 0.282716 4.25206 -3.03092 -0.0423203 4.23846 -3.02183 -0.0398145 4.22514 -3.01293 -0.0356668 4.21224 -3.00431 -0.0299197 4.19988 -2.99606 -0.0226321 4.18821 -2.98825 -0.013879 4.17733 -2.98098 -0.00375003 4.16735 -2.97432 0.00765082 4.15839 -2.96833 0.0202065 4.15053 -2.96308 0.0337883 4.14386 -2.95862 0.0482568 4.13843 -2.95499 0.0634634 4.13431 -2.95224 0.0792523 4.13154 -2.95039 0.0954613 4.13015 -2.94946 0.111924 4.13015 -2.94946 0.128472 4.13154 -2.95039 0.144935 4.13431 -2.95224 0.161144 4.13843 -2.95499 0.176933 4.14386 -2.95862 0.192139 4.15053 -2.96308 0.206608 4.15839 -2.96833 0.220189 4.16735 -2.97432 0.232745 4.17733 -2.98098 0.244146 4.18821 -2.98825 0.254275 4.19988 -2.99606 0.263028 4.21224 -3.00431 0.270316 4.22514 -3.01293 0.276063 4.23846 -3.02183 0.280211 4.25206 -3.03092 0.282716 4.25122 -3.03231 -0.0423203 4.2368 -3.0246 -0.0398145 4.22267 -3.01705 -0.0356668 4.20899 -3.00973 -0.0299197 4.19588 -3.00273 -0.0226321 4.1835 -2.99611 -0.013879 4.17196 -2.98994 -0.00375003 4.16138 -2.98429 0.00765082 4.15188 -2.97921 0.0202065 4.14354 -2.97475 0.0337883 4.13646 -2.97096 0.0482568 4.1307 -2.96789 0.0634634 4.12633 -2.96555 0.0792523 4.12339 -2.96398 0.0954613 4.12192 -2.96319 0.111924 4.12192 -2.96319 0.128472 4.12339 -2.96398 0.144935 4.12633 -2.96555 0.161144 4.1307 -2.96789 0.176933 4.13646 -2.97096 0.192139 4.14354 -2.97475 0.206608 4.15188 -2.97921 0.220189 4.16138 -2.98429 0.232745 4.17196 -2.98994 0.244146 4.1835 -2.99611 0.254275 4.19588 -3.00273 0.263028 4.20899 -3.00973 0.270316 4.22267 -3.01705 0.276063 4.2368 -3.0246 0.280211 4.25122 -3.03231 0.282716 4.25053 -3.03378 -0.0423203 4.23542 -3.02752 -0.0398145 4.22062 -3.02139 -0.0356668 4.20628 -3.01545 -0.0299197 4.19256 -3.00976 -0.0226321 4.17958 -3.00439 -0.013879 4.16749 -2.99938 -0.00375003 4.15641 -2.99479 0.00765082 4.14645 -2.99067 0.0202065 4.13772 -2.98705 0.0337883 4.1303 -2.98397 0.0482568 4.12427 -2.98148 0.0634634 4.1197 -2.97958 0.0792523 4.11662 -2.97831 0.0954613 4.11507 -2.97767 0.111924 4.11507 -2.97767 0.128472 4.11662 -2.97831 0.144935 4.1197 -2.97958 0.161144 4.12427 -2.98148 0.176933 4.1303 -2.98397 0.192139 4.13772 -2.98705 0.206608 4.14645 -2.99067 0.220189 4.15641 -2.99479 0.232745 4.16749 -2.99938 0.244146 4.17958 -3.00439 0.254275 4.19256 -3.00976 0.263028 4.20628 -3.01545 0.270316 4.22062 -3.02139 0.276063 4.23542 -3.02752 0.280211 4.25053 -3.03378 0.282716 4.24999 -3.0353 -0.0423203 4.23433 -3.03055 -0.0398145 4.219 -3.0259 -0.0356668 4.20415 -3.0214 -0.0299197 4.18994 -3.01709 -0.0226321 4.1765 -3.01301 -0.013879 4.16398 -3.00921 -0.00375003 4.1525 -3.00573 0.00765082 4.14218 -3.0026 0.0202065 4.13314 -2.99986 0.0337883 4.12545 -2.99753 0.0482568 4.11921 -2.99563 0.0634634 4.11447 -2.99419 0.0792523 4.11128 -2.99323 0.0954613 4.10968 -2.99274 0.111924 4.10968 -2.99274 0.128472 4.11128 -2.99323 0.144935 4.11447 -2.99419 0.161144 4.11921 -2.99563 0.176933 4.12545 -2.99753 0.192139 4.13314 -2.99986 0.206608 4.14218 -3.0026 0.220189 4.1525 -3.00573 0.232745 4.16398 -3.00921 0.244146 4.1765 -3.01301 0.254275 4.18994 -3.01709 0.263028 4.20415 -3.0214 0.270316 4.219 -3.0259 0.276063 4.23433 -3.03055 0.280211 4.24999 -3.0353 0.282716 4.24959 -3.03688 -0.0423203 4.23355 -3.03368 -0.0398145 4.21784 -3.03056 -0.0356668 4.20262 -3.02753 -0.0299197 4.18805 -3.02463 -0.0226321 4.17427 -3.02189 -0.013879 4.16144 -3.01934 -0.00375003 4.14968 -3.017 0.00765082 4.1391 -3.0149 0.0202065 4.12983 -3.01305 0.0337883 4.12196 -3.01149 0.0482568 4.11556 -3.01021 0.0634634 4.1107 -3.00925 0.0792523 4.10743 -3.0086 0.0954613 4.10579 -3.00827 0.111924 4.10579 -3.00827 0.128472 4.10743 -3.0086 0.144935 4.1107 -3.00925 0.161144 4.11556 -3.01021 0.176933 4.12196 -3.01149 0.192139 4.12983 -3.01305 0.206608 4.1391 -3.0149 0.220189 4.14968 -3.017 0.232745 4.16144 -3.01934 0.244146 4.17427 -3.02189 0.254275 4.18805 -3.02463 0.263028 4.20262 -3.02753 0.270316 4.21784 -3.03056 0.276063 4.23355 -3.03368 0.280211 4.24959 -3.03688 0.282716 4.24935 -3.03848 -0.0423203 4.23308 -3.03688 -0.0398145 4.21713 -3.03531 -0.0356668 4.20169 -3.03379 -0.0299197 4.1869 -3.03233 -0.0226321 4.17293 -3.03095 -0.013879 4.15991 -3.02967 -0.00375003 4.14797 -3.02849 0.00765082 4.13724 -3.02744 0.0202065 4.12784 -3.02651 0.0337883 4.11984 -3.02572 0.0482568 4.11335 -3.02508 0.0634634 4.10842 -3.0246 0.0792523 4.1051 -3.02427 0.0954613 4.10344 -3.02411 0.111924 4.10344 -3.02411 0.128472 4.1051 -3.02427 0.144935 4.10842 -3.0246 0.161144 4.11335 -3.02508 0.176933 4.11984 -3.02572 0.192139 4.12784 -3.02651 0.206608 4.13724 -3.02744 0.220189 4.14797 -3.02849 0.232745 4.15991 -3.02967 0.244146 4.17293 -3.03095 0.254275 4.1869 -3.03233 0.263028 4.20169 -3.03379 0.270316 4.21713 -3.03531 0.276063 4.23308 -3.03688 0.280211 4.24935 -3.03848 0.282716 4.24927 -3.0401 -0.0423203 4.23292 -3.0401 -0.0398145 4.2169 -3.0401 -0.0356668 4.20138 -3.0401 -0.0299197 4.18652 -3.0401 -0.0226321 4.17248 -3.0401 -0.013879 4.15939 -3.0401 -0.00375003 4.1474 -3.0401 0.00765082 4.13662 -3.0401 0.0202065 4.12717 -3.0401 0.0337883 4.11914 -3.0401 0.0482568 4.11261 -3.0401 0.0634634 4.10766 -3.0401 0.0792523 4.10433 -3.0401 0.0954613 4.10265 -3.0401 0.111924 4.10265 -3.0401 0.128472 4.10433 -3.0401 0.144935 4.10766 -3.0401 0.161144 4.11261 -3.0401 0.176933 4.11914 -3.0401 0.192139 4.12717 -3.0401 0.206608 4.13662 -3.0401 0.220189 4.1474 -3.0401 0.232745 4.15939 -3.0401 0.244146 4.17248 -3.0401 0.254275 4.18652 -3.0401 0.263028 4.20138 -3.0401 0.270316 4.2169 -3.0401 0.276063 4.23292 -3.0401 0.280211 4.24927 -3.0401 0.282716 4.24935 -3.04172 -0.0423203 4.23308 -3.04332 -0.0398145 4.21713 -3.04489 -0.0356668 4.20169 -3.04641 -0.0299197 4.1869 -3.04787 -0.0226321 4.17293 -3.04925 -0.013879 4.15991 -3.05053 -0.00375003 4.14797 -3.05171 0.00765082 4.13724 -3.05276 0.0202065 4.12784 -3.05369 0.0337883 4.11984 -3.05448 0.0482568 4.11335 -3.05511 0.0634634 4.10842 -3.0556 0.0792523 4.1051 -3.05593 0.0954613 4.10344 -3.05609 0.111924 4.10344 -3.05609 0.128472 4.1051 -3.05593 0.144935 4.10842 -3.0556 0.161144 4.11335 -3.05511 0.176933 4.11984 -3.05448 0.192139 4.12784 -3.05369 0.206608 4.13724 -3.05276 0.220189 4.14797 -3.05171 0.232745 4.15991 -3.05053 0.244146 4.17293 -3.04925 0.254275 4.1869 -3.04787 0.263028 4.20169 -3.04641 0.270316 4.21713 -3.04489 0.276063 4.23308 -3.04332 0.280211 4.24935 -3.04172 0.282716 4.24959 -3.04332 -0.0423203 4.23355 -3.04652 -0.0398145 4.21784 -3.04964 -0.0356668 4.20262 -3.05267 -0.0299197 4.18805 -3.05557 -0.0226321 4.17427 -3.05831 -0.013879 4.16144 -3.06086 -0.00375003 4.14968 -3.0632 0.00765082 4.1391 -3.0653 0.0202065 4.12983 -3.06715 0.0337883 4.12196 -3.06871 0.0482568 4.11556 -3.06999 0.0634634 4.1107 -3.07095 0.0792523 4.10743 -3.0716 0.0954613 4.10579 -3.07193 0.111924 4.10579 -3.07193 0.128472 4.10743 -3.0716 0.144935 4.1107 -3.07095 0.161144 4.11556 -3.06999 0.176933 4.12196 -3.06871 0.192139 4.12983 -3.06715 0.206608 4.1391 -3.0653 0.220189 4.14968 -3.0632 0.232745 4.16144 -3.06086 0.244146 4.17427 -3.05831 0.254275 4.18805 -3.05557 0.263028 4.20262 -3.05267 0.270316 4.21784 -3.04964 0.276063 4.23355 -3.04652 0.280211 4.24959 -3.04332 0.282716 4.24999 -3.0449 -0.0423203 4.23433 -3.04965 -0.0398145 4.219 -3.0543 -0.0356668 4.20415 -3.0588 -0.0299197 4.18994 -3.06311 -0.0226321 4.1765 -3.06719 -0.013879 4.16398 -3.07099 -0.00375003 4.1525 -3.07447 0.00765082 4.14218 -3.0776 0.0202065 4.13314 -3.08034 0.0337883 4.12545 -3.08267 0.0482568 4.11921 -3.08457 0.0634634 4.11447 -3.08601 0.0792523 4.11128 -3.08697 0.0954613 4.10968 -3.08746 0.111924 4.10968 -3.08746 0.128472 4.11128 -3.08697 0.144935 4.11447 -3.08601 0.161144 4.11921 -3.08457 0.176933 4.12545 -3.08267 0.192139 4.13314 -3.08034 0.206608 4.14218 -3.0776 0.220189 4.1525 -3.07447 0.232745 4.16398 -3.07099 0.244146 4.1765 -3.06719 0.254275 4.18994 -3.06311 0.263028 4.20415 -3.0588 0.270316 4.219 -3.0543 0.276063 4.23433 -3.04965 0.280211 4.24999 -3.0449 0.282716 4.25053 -3.04642 -0.0423203 4.23542 -3.05268 -0.0398145 4.22062 -3.05881 -0.0356668 4.20628 -3.06475 -0.0299197 4.19256 -3.07044 -0.0226321 4.17958 -3.07581 -0.013879 4.16749 -3.08082 -0.00375003 4.15641 -3.08541 0.00765082 4.14645 -3.08953 0.0202065 4.13772 -3.09315 0.0337883 4.1303 -3.09623 0.0482568 4.12427 -3.09872 0.0634634 4.1197 -3.10062 0.0792523 4.11662 -3.10189 0.0954613 4.11507 -3.10253 0.111924 4.11507 -3.10253 0.128472 4.11662 -3.10189 0.144935 4.1197 -3.10062 0.161144 4.12427 -3.09872 0.176933 4.1303 -3.09623 0.192139 4.13772 -3.09315 0.206608 4.14645 -3.08953 0.220189 4.15641 -3.08541 0.232745 4.16749 -3.08082 0.244146 4.17958 -3.07581 0.254275 4.19256 -3.07044 0.263028 4.20628 -3.06475 0.270316 4.22062 -3.05881 0.276063 4.23542 -3.05268 0.280211 4.25053 -3.04642 0.282716 4.25122 -3.04789 -0.0423203 4.2368 -3.0556 -0.0398145 4.22267 -3.06315 -0.0356668 4.20899 -3.07047 -0.0299197 4.19588 -3.07747 -0.0226321 4.1835 -3.08409 -0.013879 4.17196 -3.09026 -0.00375003 4.16138 -3.09591 0.00765082 4.15188 -3.10099 0.0202065 4.14354 -3.10545 0.0337883 4.13646 -3.10924 0.0482568 4.1307 -3.11231 0.0634634 4.12633 -3.11465 0.0792523 4.12339 -3.11622 0.0954613 4.12192 -3.11701 0.111924 4.12192 -3.11701 0.128472 4.12339 -3.11622 0.144935 4.12633 -3.11465 0.161144 4.1307 -3.11231 0.176933 4.13646 -3.10924 0.192139 4.14354 -3.10545 0.206608 4.15188 -3.10099 0.220189 4.16138 -3.09591 0.232745 4.17196 -3.09026 0.244146 4.1835 -3.08409 0.254275 4.19588 -3.07747 0.263028 4.20899 -3.07047 0.270316 4.22267 -3.06315 0.276063 4.2368 -3.0556 0.280211 4.25122 -3.04789 0.282716 4.25206 -3.04928 -0.0423203 4.23846 -3.05837 -0.0398145 4.22514 -3.06727 -0.0356668 4.21224 -3.07589 -0.0299197 4.19988 -3.08414 -0.0226321 4.18821 -3.09195 -0.013879 4.17733 -3.09922 -0.00375003 4.16735 -3.10588 0.00765082 4.15839 -3.11187 0.0202065 4.15053 -3.11712 0.0337883 4.14386 -3.12158 0.0482568 4.13843 -3.12521 0.0634634 4.13431 -3.12796 0.0792523 4.13154 -3.12981 0.0954613 4.13015 -3.13074 0.111924 4.13015 -3.13074 0.128472 4.13154 -3.12981 0.144935 4.13431 -3.12796 0.161144 4.13843 -3.12521 0.176933 4.14386 -3.12158 0.192139 4.15053 -3.11712 0.206608 4.15839 -3.11187 0.220189 4.16735 -3.10588 0.232745 4.17733 -3.09922 0.244146 4.18821 -3.09195 0.254275 4.19988 -3.08414 0.263028 4.21224 -3.07589 0.270316 4.22514 -3.06727 0.276063 4.23846 -3.05837 0.280211 4.25206 -3.04928 0.282716 4.25303 -3.05058 -0.0423203 4.24038 -3.06096 -0.0398145 4.228 -3.07112 -0.0356668 4.216 -3.08097 -0.0299197 4.20452 -3.09039 -0.0226321 4.19366 -3.0993 -0.013879 4.18355 -3.1076 -0.00375003 4.17428 -3.11521 0.00765082 4.16594 -3.12205 0.0202065 4.15864 -3.12805 0.0337883 4.15243 -3.13314 0.0482568 4.14738 -3.13728 0.0634634 4.14355 -3.14042 0.0792523 4.14098 -3.14254 0.0954613 4.13969 -3.1436 0.111924 4.13969 -3.1436 0.128472 4.14098 -3.14254 0.144935 4.14355 -3.14042 0.161144 4.14738 -3.13728 0.176933 4.15243 -3.13314 0.192139 4.15864 -3.12805 0.206608 4.16594 -3.12205 0.220189 4.17428 -3.11521 0.232745 4.18355 -3.1076 0.244146 4.19366 -3.0993 0.254275 4.20452 -3.09039 0.263028 4.216 -3.08097 0.270316 4.228 -3.07112 0.276063 4.24038 -3.06096 0.280211 4.25303 -3.05058 0.282716 4.25411 -3.05179 -0.0423203 4.24255 -3.06335 -0.0398145 4.23122 -3.07468 -0.0356668 4.22025 -3.08565 -0.0299197 4.20974 -3.09616 -0.0226321 4.19981 -3.10609 -0.013879 4.19056 -3.11534 -0.00375003 4.18208 -3.12382 0.00765082 4.17446 -3.13144 0.0202065 4.16777 -3.13813 0.0337883 4.16209 -3.14381 0.0482568 4.15748 -3.14842 0.0634634 4.15398 -3.15192 0.0792523 4.15162 -3.15428 0.0954613 4.15044 -3.15546 0.111924 4.15044 -3.15546 0.128472 4.15162 -3.15428 0.144935 4.15398 -3.15192 0.161144 4.15748 -3.14842 0.176933 4.16209 -3.14381 0.192139 4.16777 -3.13813 0.206608 4.17446 -3.13144 0.220189 4.18208 -3.12382 0.232745 4.19056 -3.11534 0.244146 4.19981 -3.10609 0.254275 4.20974 -3.09616 0.263028 4.22025 -3.08565 0.270316 4.23122 -3.07468 0.276063 4.24255 -3.06335 0.280211 4.25411 -3.05179 0.282716 4.25532 -3.05288 -0.0423203 4.24494 -3.06552 -0.0398145 4.23478 -3.0779 -0.0356668 4.22493 -3.0899 -0.0299197 4.21551 -3.10138 -0.0226321 4.2066 -3.11224 -0.013879 4.1983 -3.12235 -0.00375003 4.19069 -3.13162 0.00765082 4.18385 -3.13996 0.0202065 4.17785 -3.14726 0.0337883 4.17276 -3.15347 0.0482568 4.16862 -3.15852 0.0634634 4.16548 -3.16235 0.0792523 4.16336 -3.16492 0.0954613 4.1623 -3.16621 0.111924 4.1623 -3.16621 0.128472 4.16336 -3.16492 0.144935 4.16548 -3.16235 0.161144 4.16862 -3.15852 0.176933 4.17276 -3.15347 0.192139 4.17785 -3.14726 0.206608 4.18385 -3.13996 0.220189 4.19069 -3.13162 0.232745 4.1983 -3.12235 0.244146 4.2066 -3.11224 0.254275 4.21551 -3.10138 0.263028 4.22493 -3.0899 0.270316 4.23478 -3.0779 0.276063 4.24494 -3.06552 0.280211 4.25532 -3.05288 0.282716 4.25662 -3.05384 -0.0423203 4.24753 -3.06744 -0.0398145 4.23863 -3.08076 -0.0356668 4.23001 -3.09366 -0.0299197 4.22176 -3.10602 -0.0226321 4.21395 -3.11769 -0.013879 4.20668 -3.12857 -0.00375003 4.20002 -3.13855 0.00765082 4.19403 -3.14751 0.0202065 4.18878 -3.15537 0.0337883 4.18432 -3.16205 0.0482568 4.18069 -3.16747 0.0634634 4.17794 -3.17159 0.0792523 4.17609 -3.17436 0.0954613 4.17516 -3.17575 0.111924 4.17516 -3.17575 0.128472 4.17609 -3.17436 0.144935 4.17794 -3.17159 0.161144 4.18069 -3.16747 0.176933 4.18432 -3.16205 0.192139 4.18878 -3.15537 0.206608 4.19403 -3.14751 0.220189 4.20002 -3.13855 0.232745 4.20668 -3.12857 0.244146 4.21395 -3.11769 0.254275 4.22176 -3.10602 0.263028 4.23001 -3.09366 0.270316 4.23863 -3.08076 0.276063 4.24753 -3.06744 0.280211 4.25662 -3.05384 0.282716 4.25801 -3.05468 -0.0423203 4.2503 -3.0691 -0.0398145 4.24275 -3.08323 -0.0356668 4.23543 -3.09691 -0.0299197 4.22843 -3.11002 -0.0226321 4.22181 -3.1224 -0.013879 4.21564 -3.13394 -0.00375003 4.20999 -3.14452 0.00765082 4.20491 -3.15403 0.0202065 4.20045 -3.16236 0.0337883 4.19666 -3.16944 0.0482568 4.19359 -3.1752 0.0634634 4.19125 -3.17957 0.0792523 4.18968 -3.18251 0.0954613 4.18889 -3.18398 0.111924 4.18889 -3.18398 0.128472 4.18968 -3.18251 0.144935 4.19125 -3.17957 0.161144 4.19359 -3.1752 0.176933 4.19666 -3.16944 0.192139 4.20045 -3.16236 0.206608 4.20491 -3.15403 0.220189 4.20999 -3.14452 0.232745 4.21564 -3.13394 0.244146 4.22181 -3.1224 0.254275 4.22843 -3.11002 0.263028 4.23543 -3.09691 0.270316 4.24275 -3.08323 0.276063 4.2503 -3.0691 0.280211 4.25801 -3.05468 0.282716 4.25948 -3.05537 -0.0423203 4.25322 -3.07048 -0.0398145 4.24709 -3.08528 -0.0356668 4.24115 -3.09962 -0.0299197 4.23546 -3.11334 -0.0226321 4.23009 -3.12632 -0.013879 4.22508 -3.13841 -0.00375003 4.22049 -3.14949 0.00765082 4.21637 -3.15945 0.0202065 4.21275 -3.16818 0.0337883 4.20967 -3.1756 0.0482568 4.20718 -3.18163 0.0634634 4.20528 -3.1862 0.0792523 4.20401 -3.18928 0.0954613 4.20337 -3.19083 0.111924 4.20337 -3.19083 0.128472 4.20401 -3.18928 0.144935 4.20528 -3.1862 0.161144 4.20718 -3.18163 0.176933 4.20967 -3.1756 0.192139 4.21275 -3.16818 0.206608 4.21637 -3.15945 0.220189 4.22049 -3.14949 0.232745 4.22508 -3.13841 0.244146 4.23009 -3.12632 0.254275 4.23546 -3.11334 0.263028 4.24115 -3.09962 0.270316 4.24709 -3.08528 0.276063 4.25322 -3.07048 0.280211 4.25948 -3.05537 0.282716 4.261 -3.05591 -0.0423203 4.25625 -3.07157 -0.0398145 4.2516 -3.0869 -0.0356668 4.2471 -3.10175 -0.0299197 4.24279 -3.11596 -0.0226321 4.23871 -3.1294 -0.013879 4.23491 -3.14192 -0.00375003 4.23143 -3.1534 0.00765082 4.2283 -3.16372 0.0202065 4.22556 -3.17276 0.0337883 4.22323 -3.18045 0.0482568 4.22133 -3.18669 0.0634634 4.21989 -3.19143 0.0792523 4.21893 -3.19462 0.0954613 4.21844 -3.19622 0.111924 4.21844 -3.19622 0.128472 4.21893 -3.19462 0.144935 4.21989 -3.19143 0.161144 4.22133 -3.18669 0.176933 4.22323 -3.18045 0.192139 4.22556 -3.17276 0.206608 4.2283 -3.16372 0.220189 4.23143 -3.1534 0.232745 4.23491 -3.14192 0.244146 4.23871 -3.1294 0.254275 4.24279 -3.11596 0.263028 4.2471 -3.10175 0.270316 4.2516 -3.0869 0.276063 4.25625 -3.07157 0.280211 4.261 -3.05591 0.282716 4.26258 -3.05631 -0.0423203 4.25938 -3.07235 -0.0398145 4.25626 -3.08806 -0.0356668 4.25323 -3.10328 -0.0299197 4.25033 -3.11785 -0.0226321 4.24759 -3.13163 -0.013879 4.24504 -3.14446 -0.00375003 4.2427 -3.15622 0.00765082 4.2406 -3.1668 0.0202065 4.23875 -3.17607 0.0337883 4.23719 -3.18394 0.0482568 4.23591 -3.19034 0.0634634 4.23495 -3.1952 0.0792523 4.2343 -3.19847 0.0954613 4.23397 -3.20011 0.111924 4.23397 -3.20011 0.128472 4.2343 -3.19847 0.144935 4.23495 -3.1952 0.161144 4.23591 -3.19034 0.176933 4.23719 -3.18394 0.192139 4.23875 -3.17607 0.206608 4.2406 -3.1668 0.220189 4.2427 -3.15622 0.232745 4.24504 -3.14446 0.244146 4.24759 -3.13163 0.254275 4.25033 -3.11785 0.263028 4.25323 -3.10328 0.270316 4.25626 -3.08806 0.276063 4.25938 -3.07235 0.280211 4.26258 -3.05631 0.282716 4.26418 -3.05655 -0.0423203 4.26258 -3.07282 -0.0398145 4.26101 -3.08877 -0.0356668 4.25949 -3.10421 -0.0299197 4.25803 -3.119 -0.0226321 4.25665 -3.13297 -0.013879 4.25537 -3.14599 -0.00375003 4.25419 -3.15793 0.00765082 4.25314 -3.16866 0.0202065 4.25221 -3.17806 0.0337883 4.25142 -3.18606 0.0482568 4.25078 -3.19255 0.0634634 4.2503 -3.19748 0.0792523 4.24997 -3.2008 0.0954613 4.24981 -3.20246 0.111924 4.24981 -3.20246 0.128472 4.24997 -3.2008 0.144935 4.2503 -3.19748 0.161144 4.25078 -3.19255 0.176933 4.25142 -3.18606 0.192139 4.25221 -3.17806 0.206608 4.25314 -3.16866 0.220189 4.25419 -3.15793 0.232745 4.25537 -3.14599 0.244146 4.25665 -3.13297 0.254275 4.25803 -3.119 0.263028 4.25949 -3.10421 0.270316 4.26101 -3.08877 0.276063 4.26258 -3.07282 0.280211 4.26418 -3.05655 0.282716 4.2658 -3.05663 -0.0423203 4.2658 -3.07298 -0.0398145 4.2658 -3.089 -0.0356668 4.2658 -3.10452 -0.0299197 4.2658 -3.11938 -0.0226321 4.2658 -3.13342 -0.013879 4.2658 -3.14651 -0.00375003 4.2658 -3.1585 0.00765082 4.2658 -3.16928 0.0202065 4.2658 -3.17873 0.0337883 4.2658 -3.18676 0.0482568 4.2658 -3.19329 0.0634634 4.2658 -3.19824 0.0792523 4.2658 -3.20157 0.0954613 4.2658 -3.20325 0.111924 4.2658 -3.20325 0.128472 4.2658 -3.20157 0.144935 4.2658 -3.19824 0.161144 4.2658 -3.19329 0.176933 4.2658 -3.18676 0.192139 4.2658 -3.17873 0.206608 4.2658 -3.16928 0.220189 4.2658 -3.1585 0.232745 4.2658 -3.14651 0.244146 4.2658 -3.13342 0.254275 4.2658 -3.11938 0.263028 4.2658 -3.10452 0.270316 4.2658 -3.089 0.276063 4.2658 -3.07298 0.280211 4.2658 -3.05663 0.282716 4.26742 -3.05655 -0.0423203 4.26902 -3.07282 -0.0398145 4.27059 -3.08877 -0.0356668 4.27211 -3.10421 -0.0299197 4.27357 -3.119 -0.0226321 4.27495 -3.13297 -0.013879 4.27623 -3.14599 -0.00375003 4.27741 -3.15793 0.00765082 4.27846 -3.16866 0.0202065 4.27939 -3.17806 0.0337883 4.28018 -3.18606 0.0482568 4.28082 -3.19255 0.0634634 4.2813 -3.19748 0.0792523 4.28163 -3.2008 0.0954613 4.28179 -3.20246 0.111924 4.28179 -3.20246 0.128472 4.28163 -3.2008 0.144935 4.2813 -3.19748 0.161144 4.28082 -3.19255 0.176933 4.28018 -3.18606 0.192139 4.27939 -3.17806 0.206608 4.27846 -3.16866 0.220189 4.27741 -3.15793 0.232745 4.27623 -3.14599 0.244146 4.27495 -3.13297 0.254275 4.27357 -3.119 0.263028 4.27211 -3.10421 0.270316 4.27059 -3.08877 0.276063 4.26902 -3.07282 0.280211 4.26742 -3.05655 0.282716 4.26902 -3.05631 -0.0423203 4.27222 -3.07235 -0.0398145 4.27534 -3.08806 -0.0356668 4.27837 -3.10328 -0.0299197 4.28127 -3.11785 -0.0226321 4.28401 -3.13163 -0.013879 4.28656 -3.14446 -0.00375003 4.2889 -3.15622 0.00765082 4.291 -3.1668 0.0202065 4.29285 -3.17607 0.0337883 4.29441 -3.18394 0.0482568 4.29569 -3.19034 0.0634634 4.29665 -3.1952 0.0792523 4.2973 -3.19847 0.0954613 4.29763 -3.20011 0.111924 4.29763 -3.20011 0.128472 4.2973 -3.19847 0.144935 4.29665 -3.1952 0.161144 4.29569 -3.19034 0.176933 4.29441 -3.18394 0.192139 4.29285 -3.17607 0.206608 4.291 -3.1668 0.220189 4.2889 -3.15622 0.232745 4.28656 -3.14446 0.244146 4.28401 -3.13163 0.254275 4.28127 -3.11785 0.263028 4.27837 -3.10328 0.270316 4.27534 -3.08806 0.276063 4.27222 -3.07235 0.280211 4.26902 -3.05631 0.282716 4.2706 -3.05591 -0.0423203 4.27535 -3.07157 -0.0398145 4.28 -3.0869 -0.0356668 4.2845 -3.10175 -0.0299197 4.28881 -3.11596 -0.0226321 4.29289 -3.1294 -0.013879 4.29669 -3.14192 -0.00375003 4.30017 -3.1534 0.00765082 4.3033 -3.16372 0.0202065 4.30604 -3.17276 0.0337883 4.30837 -3.18045 0.0482568 4.31027 -3.18669 0.0634634 4.31171 -3.19143 0.0792523 4.31267 -3.19462 0.0954613 4.31316 -3.19622 0.111924 4.31316 -3.19622 0.128472 4.31267 -3.19462 0.144935 4.31171 -3.19143 0.161144 4.31027 -3.18669 0.176933 4.30837 -3.18045 0.192139 4.30604 -3.17276 0.206608 4.3033 -3.16372 0.220189 4.30017 -3.1534 0.232745 4.29669 -3.14192 0.244146 4.29289 -3.1294 0.254275 4.28881 -3.11596 0.263028 4.2845 -3.10175 0.270316 4.28 -3.0869 0.276063 4.27535 -3.07157 0.280211 4.2706 -3.05591 0.282716 4.27212 -3.05537 -0.0423203 4.27838 -3.07048 -0.0398145 4.28451 -3.08528 -0.0356668 4.29045 -3.09962 -0.0299197 4.29614 -3.11334 -0.0226321 4.30151 -3.12632 -0.013879 4.30652 -3.13841 -0.00375003 4.31111 -3.14949 0.00765082 4.31523 -3.15945 0.0202065 4.31885 -3.16818 0.0337883 4.32193 -3.1756 0.0482568 4.32442 -3.18163 0.0634634 4.32632 -3.1862 0.0792523 4.32759 -3.18928 0.0954613 4.32823 -3.19083 0.111924 4.32823 -3.19083 0.128472 4.32759 -3.18928 0.144935 4.32632 -3.1862 0.161144 4.32442 -3.18163 0.176933 4.32193 -3.1756 0.192139 4.31885 -3.16818 0.206608 4.31523 -3.15945 0.220189 4.31111 -3.14949 0.232745 4.30652 -3.13841 0.244146 4.30151 -3.12632 0.254275 4.29614 -3.11334 0.263028 4.29045 -3.09962 0.270316 4.28451 -3.08528 0.276063 4.27838 -3.07048 0.280211 4.27212 -3.05537 0.282716 4.27359 -3.05468 -0.0423203 4.2813 -3.0691 -0.0398145 4.28885 -3.08323 -0.0356668 4.29617 -3.09691 -0.0299197 4.30317 -3.11002 -0.0226321 4.30979 -3.1224 -0.013879 4.31596 -3.13394 -0.00375003 4.32161 -3.14452 0.00765082 4.32669 -3.15403 0.0202065 4.33115 -3.16236 0.0337883 4.33494 -3.16944 0.0482568 4.33801 -3.1752 0.0634634 4.34035 -3.17957 0.0792523 4.34192 -3.18251 0.0954613 4.34271 -3.18398 0.111924 4.34271 -3.18398 0.128472 4.34192 -3.18251 0.144935 4.34035 -3.17957 0.161144 4.33801 -3.1752 0.176933 4.33494 -3.16944 0.192139 4.33115 -3.16236 0.206608 4.32669 -3.15403 0.220189 4.32161 -3.14452 0.232745 4.31596 -3.13394 0.244146 4.30979 -3.1224 0.254275 4.30317 -3.11002 0.263028 4.29617 -3.09691 0.270316 4.28885 -3.08323 0.276063 4.2813 -3.0691 0.280211 4.27359 -3.05468 0.282716 4.27498 -3.05384 -0.0423203 4.28407 -3.06744 -0.0398145 4.29297 -3.08076 -0.0356668 4.30159 -3.09366 -0.0299197 4.30984 -3.10602 -0.0226321 4.31765 -3.11769 -0.013879 4.32492 -3.12857 -0.00375003 4.33158 -3.13855 0.00765082 4.33757 -3.14751 0.0202065 4.34282 -3.15537 0.0337883 4.34728 -3.16205 0.0482568 4.35091 -3.16747 0.0634634 4.35366 -3.17159 0.0792523 4.35551 -3.17436 0.0954613 4.35644 -3.17575 0.111924 4.35644 -3.17575 0.128472 4.35551 -3.17436 0.144935 4.35366 -3.17159 0.161144 4.35091 -3.16747 0.176933 4.34728 -3.16205 0.192139 4.34282 -3.15537 0.206608 4.33757 -3.14751 0.220189 4.33158 -3.13855 0.232745 4.32492 -3.12857 0.244146 4.31765 -3.11769 0.254275 4.30984 -3.10602 0.263028 4.30159 -3.09366 0.270316 4.29297 -3.08076 0.276063 4.28407 -3.06744 0.280211 4.27498 -3.05384 0.282716 4.27628 -3.05288 -0.0423203 4.28666 -3.06552 -0.0398145 4.29682 -3.0779 -0.0356668 4.30667 -3.0899 -0.0299197 4.31609 -3.10138 -0.0226321 4.325 -3.11224 -0.013879 4.3333 -3.12235 -0.00375003 4.34091 -3.13162 0.00765082 4.34775 -3.13996 0.0202065 4.35375 -3.14726 0.0337883 4.35884 -3.15347 0.0482568 4.36298 -3.15852 0.0634634 4.36612 -3.16235 0.0792523 4.36824 -3.16492 0.0954613 4.3693 -3.16621 0.111924 4.3693 -3.16621 0.128472 4.36824 -3.16492 0.144935 4.36612 -3.16235 0.161144 4.36298 -3.15852 0.176933 4.35884 -3.15347 0.192139 4.35375 -3.14726 0.206608 4.34775 -3.13996 0.220189 4.34091 -3.13162 0.232745 4.3333 -3.12235 0.244146 4.325 -3.11224 0.254275 4.31609 -3.10138 0.263028 4.30667 -3.0899 0.270316 4.29682 -3.0779 0.276063 4.28666 -3.06552 0.280211 4.27628 -3.05288 0.282716 4.27749 -3.05179 -0.0423203 4.28905 -3.06335 -0.0398145 4.30038 -3.07468 -0.0356668 4.31135 -3.08565 -0.0299197 4.32186 -3.09616 -0.0226321 4.33179 -3.10609 -0.013879 4.34104 -3.11534 -0.00375003 4.34952 -3.12382 0.00765082 4.35714 -3.13144 0.0202065 4.36383 -3.13813 0.0337883 4.36951 -3.14381 0.0482568 4.37412 -3.14842 0.0634634 4.37762 -3.15192 0.0792523 4.37998 -3.15428 0.0954613 4.38116 -3.15546 0.111924 4.38116 -3.15546 0.128472 4.37998 -3.15428 0.144935 4.37762 -3.15192 0.161144 4.37412 -3.14842 0.176933 4.36951 -3.14381 0.192139 4.36383 -3.13813 0.206608 4.35714 -3.13144 0.220189 4.34952 -3.12382 0.232745 4.34104 -3.11534 0.244146 4.33179 -3.10609 0.254275 4.32186 -3.09616 0.263028 4.31135 -3.08565 0.270316 4.30038 -3.07468 0.276063 4.28905 -3.06335 0.280211 4.27749 -3.05179 0.282716 4.27857 -3.05058 -0.0423203 4.29122 -3.06096 -0.0398145 4.3036 -3.07112 -0.0356668 4.3156 -3.08097 -0.0299197 4.32708 -3.09039 -0.0226321 4.33794 -3.0993 -0.013879 4.34805 -3.1076 -0.00375003 4.35732 -3.11521 0.00765082 4.36566 -3.12205 0.0202065 4.37296 -3.12805 0.0337883 4.37917 -3.13314 0.0482568 4.38422 -3.13728 0.0634634 4.38805 -3.14042 0.0792523 4.39062 -3.14254 0.0954613 4.39191 -3.1436 0.111924 4.39191 -3.1436 0.128472 4.39062 -3.14254 0.144935 4.38805 -3.14042 0.161144 4.38422 -3.13728 0.176933 4.37917 -3.13314 0.192139 4.37296 -3.12805 0.206608 4.36566 -3.12205 0.220189 4.35732 -3.11521 0.232745 4.34805 -3.1076 0.244146 4.33794 -3.0993 0.254275 4.32708 -3.09039 0.263028 4.3156 -3.08097 0.270316 4.3036 -3.07112 0.276063 4.29122 -3.06096 0.280211 4.27857 -3.05058 0.282716 4.27954 -3.04928 -0.0423203 4.29314 -3.05837 -0.0398145 4.30646 -3.06727 -0.0356668 4.31936 -3.07589 -0.0299197 4.33172 -3.08414 -0.0226321 4.34339 -3.09195 -0.013879 4.35427 -3.09922 -0.00375003 4.36425 -3.10588 0.00765082 4.37321 -3.11187 0.0202065 4.38107 -3.11712 0.0337883 4.38774 -3.12158 0.0482568 4.39317 -3.12521 0.0634634 4.39729 -3.12796 0.0792523 4.40006 -3.12981 0.0954613 4.40145 -3.13074 0.111924 4.40145 -3.13074 0.128472 4.40006 -3.12981 0.144935 4.39729 -3.12796 0.161144 4.39317 -3.12521 0.176933 4.38774 -3.12158 0.192139 4.38107 -3.11712 0.206608 4.37321 -3.11187 0.220189 4.36425 -3.10588 0.232745 4.35427 -3.09922 0.244146 4.34339 -3.09195 0.254275 4.33172 -3.08414 0.263028 4.31936 -3.07589 0.270316 4.30646 -3.06727 0.276063 4.29314 -3.05837 0.280211 4.27954 -3.04928 0.282716 4.28038 -3.04789 -0.0423203 4.2948 -3.0556 -0.0398145 4.30893 -3.06315 -0.0356668 4.32261 -3.07047 -0.0299197 4.33572 -3.07747 -0.0226321 4.3481 -3.08409 -0.013879 4.35964 -3.09026 -0.00375003 4.37022 -3.09591 0.00765082 4.37972 -3.10099 0.0202065 4.38806 -3.10545 0.0337883 4.39514 -3.10924 0.0482568 4.4009 -3.11231 0.0634634 4.40527 -3.11465 0.0792523 4.40821 -3.11622 0.0954613 4.40968 -3.11701 0.111924 4.40968 -3.11701 0.128472 4.40821 -3.11622 0.144935 4.40527 -3.11465 0.161144 4.4009 -3.11231 0.176933 4.39514 -3.10924 0.192139 4.38806 -3.10545 0.206608 4.37972 -3.10099 0.220189 4.37022 -3.09591 0.232745 4.35964 -3.09026 0.244146 4.3481 -3.08409 0.254275 4.33572 -3.07747 0.263028 4.32261 -3.07047 0.270316 4.30893 -3.06315 0.276063 4.2948 -3.0556 0.280211 4.28038 -3.04789 0.282716 4.28107 -3.04642 -0.0423203 4.29618 -3.05268 -0.0398145 4.31098 -3.05881 -0.0356668 4.32532 -3.06475 -0.0299197 4.33904 -3.07044 -0.0226321 4.35202 -3.07581 -0.013879 4.36411 -3.08082 -0.00375003 4.37519 -3.08541 0.00765082 4.38515 -3.08953 0.0202065 4.39388 -3.09315 0.0337883 4.4013 -3.09623 0.0482568 4.40733 -3.09872 0.0634634 4.4119 -3.10062 0.0792523 4.41498 -3.10189 0.0954613 4.41653 -3.10253 0.111924 4.41653 -3.10253 0.128472 4.41498 -3.10189 0.144935 4.4119 -3.10062 0.161144 4.40733 -3.09872 0.176933 4.4013 -3.09623 0.192139 4.39388 -3.09315 0.206608 4.38515 -3.08953 0.220189 4.37519 -3.08541 0.232745 4.36411 -3.08082 0.244146 4.35202 -3.07581 0.254275 4.33904 -3.07044 0.263028 4.32532 -3.06475 0.270316 4.31098 -3.05881 0.276063 4.29618 -3.05268 0.280211 4.28107 -3.04642 0.282716 4.28161 -3.0449 -0.0423203 4.29727 -3.04965 -0.0398145 4.3126 -3.0543 -0.0356668 4.32745 -3.0588 -0.0299197 4.34166 -3.06311 -0.0226321 4.3551 -3.06719 -0.013879 4.36762 -3.07099 -0.00375003 4.3791 -3.07447 0.00765082 4.38942 -3.0776 0.0202065 4.39846 -3.08034 0.0337883 4.40615 -3.08267 0.0482568 4.41239 -3.08457 0.0634634 4.41713 -3.08601 0.0792523 4.42032 -3.08697 0.0954613 4.42192 -3.08746 0.111924 4.42192 -3.08746 0.128472 4.42032 -3.08697 0.144935 4.41713 -3.08601 0.161144 4.41239 -3.08457 0.176933 4.40615 -3.08267 0.192139 4.39846 -3.08034 0.206608 4.38942 -3.0776 0.220189 4.3791 -3.07447 0.232745 4.36762 -3.07099 0.244146 4.3551 -3.06719 0.254275 4.34166 -3.06311 0.263028 4.32745 -3.0588 0.270316 4.3126 -3.0543 0.276063 4.29727 -3.04965 0.280211 4.28161 -3.0449 0.282716 4.28201 -3.04332 -0.0423203 4.29805 -3.04652 -0.0398145 4.31376 -3.04964 -0.0356668 4.32898 -3.05267 -0.0299197 4.34355 -3.05557 -0.0226321 4.35733 -3.05831 -0.013879 4.37016 -3.06086 -0.00375003 4.38192 -3.0632 0.00765082 4.3925 -3.0653 0.0202065 4.40177 -3.06715 0.0337883 4.40964 -3.06871 0.0482568 4.41604 -3.06999 0.0634634 4.4209 -3.07095 0.0792523 4.42417 -3.0716 0.0954613 4.42581 -3.07193 0.111924 4.42581 -3.07193 0.128472 4.42417 -3.0716 0.144935 4.4209 -3.07095 0.161144 4.41604 -3.06999 0.176933 4.40964 -3.06871 0.192139 4.40177 -3.06715 0.206608 4.3925 -3.0653 0.220189 4.38192 -3.0632 0.232745 4.37016 -3.06086 0.244146 4.35733 -3.05831 0.254275 4.34355 -3.05557 0.263028 4.32898 -3.05267 0.270316 4.31376 -3.04964 0.276063 4.29805 -3.04652 0.280211 4.28201 -3.04332 0.282716 4.28225 -3.04172 -0.0423203 4.29852 -3.04332 -0.0398145 4.31447 -3.04489 -0.0356668 4.32991 -3.04641 -0.0299197 4.3447 -3.04787 -0.0226321 4.35867 -3.04925 -0.013879 4.37169 -3.05053 -0.00375003 4.38363 -3.05171 0.00765082 4.39436 -3.05276 0.0202065 4.40376 -3.05369 0.0337883 4.41176 -3.05448 0.0482568 4.41825 -3.05511 0.0634634 4.42318 -3.0556 0.0792523 4.4265 -3.05593 0.0954613 4.42816 -3.05609 0.111924 4.42816 -3.05609 0.128472 4.4265 -3.05593 0.144935 4.42318 -3.0556 0.161144 4.41825 -3.05511 0.176933 4.41176 -3.05448 0.192139 4.40376 -3.05369 0.206608 4.39436 -3.05276 0.220189 4.38363 -3.05171 0.232745 4.37169 -3.05053 0.244146 4.35867 -3.04925 0.254275 4.3447 -3.04787 0.263028 4.32991 -3.04641 0.270316 4.31447 -3.04489 0.276063 4.29852 -3.04332 0.280211 4.28225 -3.04172 0.282716 -4.68309 -2.7051 0 -4.68309 -2.7051 0.94134 -4.68309 -2.364 0 -4.68309 -2.364 0.94134 -4.10977 -2.7051 0 -4.10977 -2.7051 0.94134 -4.10977 -2.364 0 -4.10977 -2.364 0.94134 </float_array>
                    <technique_common>
                        <accessor count="13682" offset="0" source="#Mesh-1-positions-array" stride="3">
                            <param name="X" type="float" />
                            <param name="Y" type="float" />
                            <param name="Z" type="float" />
                        </accessor>
                    </technique_common>
                </source>
                <vertices id="Mesh-1-vertices">
                    <input semantic="POSITION" source="#Mesh-1-positions" />
                </vertices>
                <triangles count="27280">
                    <input offset="0" semantic="VERTEX" source="#Mesh-1-vertices" />
                    <p>1 3 0 4 1 0 0 3 2 2 4 0 1 7 3 5 1 4 5 7 1 3 7 2 6 4 2 2 7 6 6 5 4 7 5 6 9 11 8 12 9 8 8 11 10 10 12 8 9 15 11 13 9 12 13 15 9 11 15 10 14 12 10 10 15 14 14 13 12 15 13 14 17 19 16 20 17 16 16 19 18 18 20 16 17 23 19 21 17 20 21 23 17 19 23 18 22 20 18 18 23 22 22 21 20 23 21 22 25 27 24 28 25 24 24 27 26 26 28 24 25 31 27 29 25 28 29 31 25 27 31 26 30 28 26 26 31 30 30 29 28 31 29 30 33 35 32 36 33 32 32 35 34 34 36 32 33 39 35 37 33 36 37 39 33 35 39 34 38 36 34 34 39 38 38 37 36 39 37 38 41 43 40 44 41 40 40 43 42 42 44 40 41 47 43 45 41 44 45 47 41 43 47 42 46 44 42 42 47 46 46 45 44 47 45 46 49 51 48 52 49 48 48 51 50 50 52 48 49 55 51 53 49 52 53 55 49 51 55 50 54 52 50 50 55 54 54 53 52 55 53 54 57 59 56 60 57 56 56 59 58 58 60 56 57 63 59 61 57 60 61 63 57 59 63 58 62 60 58 58 63 62 62 61 60 63 61 62 65 67 64 68 65 64 64 67 66 66 68 64 65 71 67 69 65 68 69 71 65 67 71 66 70 68 66 66 71 70 70 69 68 71 69 70 73 72 104 73 104 74 74 104 105 74 105 75 75 105 106 75 106 76 76 106 107 76 107 77 77 107 108 77 108 78 78 108 109 78 109 79 79 109 110 79 110 80 80 110 111 80 111 81 81 111 112 81 112 82 82 112 113 82 113 83 83 113 114 83 114 84 84 114 115 84 115 85 85 115 116 85 116 86 86 116 117 86 117 87 87 117 118 87 118 88 88 118 119 88 119 89 89 119 120 89 120 90 90 120 121 90 121 91 91 121 122 91 122 92 92 122 123 92 123 93 93 123 124 93 124 94 94 124 125 94 125 95 95 125 126 95 126 96 96 126 127 96 127 97 97 127 128 97 128 98 98 128 129 98 129 99 99 129 130 99 130 100 100 130 131 100 131 101 101 131 132 101 132 102 102 132 133 102 133 103 104 72 134 104 134 105 105 134 135 105 135 106 106 135 136 106 136 107 107 136 137 107 137 108 108 137 138 108 138 109 109 138 139 109 139 110 110 139 140 110 140 111 111 140 141 111 141 112 112 141 142 112 142 113 113 142 143 113 143 114 114 143 144 114 144 115 115 144 145 115 145 116 116 145 146 116 146 117 117 146 147 117 147 118 118 147 148 118 148 119 119 148 149 119 149 120 120 149 150 120 150 121 121 150 151 121 151 122 122 151 152 122 152 123 123 152 153 123 153 124 124 153 154 124 154 125 125 154 155 125 155 126 126 155 156 126 156 127 127 156 157 127 157 128 128 157 158 128 158 129 129 158 159 129 159 130 130 159 160 130 160 131 131 160 161 131 161 132 132 161 162 132 162 133 133 162 163 133 163 103 134 72 164 134 164 135 135 164 165 135 165 136 136 165 166 136 166 137 137 166 167 137 167 138 138 167 168 138 168 139 139 168 169 139 169 140 140 169 170 140 170 141 141 170 171 141 171 142 142 171 172 142 172 143 143 172 173 143 173 144 144 173 174 144 174 145 145 174 175 145 175 146 146 175 176 146 176 147 147 176 177 147 177 148 148 177 178 148 178 149 149 178 179 149 179 150 150 179 180 150 180 151 151 180 181 151 181 152 152 181 182 152 182 153 153 182 183 153 183 154 154 183 184 154 184 155 155 184 185 155 185 156 156 185 186 156 186 157 157 186 187 157 187 158 158 187 188 158 188 159 159 188 189 159 189 160 160 189 190 160 190 161 161 190 191 161 191 162 162 191 192 162 192 163 163 192 193 163 193 103 164 72 194 164 194 165 165 194 195 165 195 166 166 195 196 166 196 167 167 196 197 167 197 168 168 197 198 168 198 169 169 198 199 169 199 170 170 199 200 170 200 171 171 200 201 171 201 172 172 201 202 172 202 173 173 202 203 173 203 174 174 203 204 174 204 175 175 204 205 175 205 176 176 205 206 176 206 177 177 206 207 177 207 178 178 207 208 178 208 179 179 208 209 179 209 180 180 209 210 180 210 181 181 210 211 181 211 182 182 211 212 182 212 183 183 212 213 183 213 184 184 213 214 184 214 185 185 214 215 185 215 186 186 215 216 186 216 187 187 216 217 187 217 188 188 217 218 188 218 189 189 218 219 189 219 190 190 219 220 190 220 191 191 220 221 191 221 192 192 221 222 192 222 193 193 222 223 193 223 103 194 72 224 194 224 195 195 224 225 195 225 196 196 225 226 196 226 197 197 226 227 197 227 198 198 227 228 198 228 199 199 228 229 199 229 200 200 229 230 200 230 201 201 230 231 201 231 202 202 231 232 202 232 203 203 232 233 203 233 204 204 233 234 204 234 205 205 234 235 205 235 206 206 235 236 206 236 207 207 236 237 207 237 208 208 237 238 208 238 209 209 238 239 209 239 210 210 239 240 210 240 211 211 240 241 211 241 212 212 241 242 212 242 213 213 242 243 213 243 214 214 243 244 214 244 215 215 244 245 215 245 216 216 245 246 216 246 217 217 246 247 217 247 218 218 247 248 218 248 219 219 248 249 219 249 220 220 249 250 220 250 221 221 250 251 221 251 222 222 251 252 222 252 223 223 252 253 223 253 103 224 72 254 224 254 225 225 254 255 225 255 226 226 255 256 226 256 227 227 256 257 227 257 228 228 257 258 228 258 229 229 258 259 229 259 230 230 259 260 230 260 231 231 260 261 231 261 232 232 261 262 232 262 233 233 262 263 233 263 234 234 263 264 234 264 235 235 264 265 235 265 236 236 265 266 236 266 237 237 266 267 237 267 238 238 267 268 238 268 239 239 268 269 239 269 240 240 269 270 240 270 241 241 270 271 241 271 242 242 271 272 242 272 243 243 272 273 243 273 244 244 273 274 244 274 245 245 274 275 245 275 246 246 275 276 246 276 247 247 276 277 247 277 248 248 277 278 248 278 249 249 278 279 249 279 250 250 279 280 250 280 251 251 280 281 251 281 252 252 281 282 252 282 253 253 282 283 253 283 103 254 72 284 254 284 255 255 284 285 255 285 256 256 285 286 256 286 257 257 286 287 257 287 258 258 287 288 258 288 259 259 288 289 259 289 260 260 289 290 260 290 261 261 290 291 261 291 262 262 291 292 262 292 263 263 292 293 263 293 264 264 293 294 264 294 265 265 294 295 265 295 266 266 295 296 266 296 267 267 296 297 267 297 268 268 297 298 268 298 269 269 298 299 269 299 270 270 299 300 270 300 271 271 300 301 271 301 272 272 301 302 272 302 273 273 302 303 273 303 274 274 303 304 274 304 275 275 304 305 275 305 276 276 305 306 276 306 277 277 306 307 277 307 278 278 307 308 278 308 279 279 308 309 279 309 280 280 309 310 280 310 281 281 310 311 281 311 282 282 311 312 282 312 283 283 312 313 283 313 103 284 72 314 284 314 285 285 314 315 285 315 286 286 315 316 286 316 287 287 316 317 287 317 288 288 317 318 288 318 289 289 318 319 289 319 290 290 319 320 290 320 291 291 320 321 291 321 292 292 321 322 292 322 293 293 322 323 293 323 294 294 323 324 294 324 295 295 324 325 295 325 296 296 325 326 296 326 297 297 326 327 297 327 298 298 327 328 298 328 299 299 328 329 299 329 300 300 329 330 300 330 301 301 330 331 301 331 302 302 331 332 302 332 303 303 332 333 303 333 304 304 333 334 304 334 305 305 334 335 305 335 306 306 335 336 306 336 307 307 336 337 307 337 308 308 337 338 308 338 309 309 338 339 309 339 310 310 339 340 310 340 311 311 340 341 311 341 312 312 341 342 312 342 313 313 342 343 313 343 103 314 72 344 314 344 315 315 344 345 315 345 316 316 345 346 316 346 317 317 346 347 317 347 318 318 347 348 318 348 319 319 348 349 319 349 320 320 349 350 320 350 321 321 350 351 321 351 322 322 351 352 322 352 323 323 352 353 323 353 324 324 353 354 324 354 325 325 354 355 325 355 326 326 355 356 326 356 327 327 356 357 327 357 328 328 357 358 328 358 329 329 358 359 329 359 330 330 359 360 330 360 331 331 360 361 331 361 332 332 361 362 332 362 333 333 362 363 333 363 334 334 363 364 334 364 335 335 364 365 335 365 336 336 365 366 336 366 337 337 366 367 337 367 338 338 367 368 338 368 339 339 368 369 339 369 340 340 369 370 340 370 341 341 370 371 341 371 342 342 371 372 342 372 343 343 372 373 343 373 103 344 72 374 344 374 345 345 374 375 345 375 346 346 375 376 346 376 347 347 376 377 347 377 348 348 377 378 348 378 349 349 378 379 349 379 350 350 379 380 350 380 351 351 380 381 351 381 352 352 381 382 352 382 353 353 382 383 353 383 354 354 383 384 354 384 355 355 384 385 355 385 356 356 385 386 356 386 357 357 386 387 357 387 358 358 387 388 358 388 359 359 388 389 359 389 360 360 389 390 360 390 361 361 390 391 361 391 362 362 391 392 362 392 363 363 392 393 363 393 364 364 393 394 364 394 365 365 394 395 365 395 366 366 395 396 366 396 367 367 396 397 367 397 368 368 397 398 368 398 369 369 398 399 369 399 370 370 399 400 370 400 371 371 400 401 371 401 372 372 401 402 372 402 373 373 402 403 373 403 103 374 72 404 374 404 375 375 404 405 375 405 376 376 405 406 376 406 377 377 406 407 377 407 378 378 407 408 378 408 379 379 408 409 379 409 380 380 409 410 380 410 381 381 410 411 381 411 382 382 411 412 382 412 383 383 412 413 383 413 384 384 413 414 384 414 385 385 414 415 385 415 386 386 415 416 386 416 387 387 416 417 387 417 388 388 417 418 388 418 389 389 418 419 389 419 390 390 419 420 390 420 391 391 420 421 391 421 392 392 421 422 392 422 393 393 422 423 393 423 394 394 423 424 394 424 395 395 424 425 395 425 396 396 425 426 396 426 397 397 426 427 397 427 398 398 427 428 398 428 399 399 428 429 399 429 400 400 429 430 400 430 401 401 430 431 401 431 402 402 431 432 402 432 403 403 432 433 403 433 103 404 72 434 404 434 405 405 434 435 405 435 406 406 435 436 406 436 407 407 436 437 407 437 408 408 437 438 408 438 409 409 438 439 409 439 410 410 439 440 410 440 411 411 440 441 411 441 412 412 441 442 412 442 413 413 442 443 413 443 414 414 443 444 414 444 415 415 444 445 415 445 416 416 445 446 416 446 417 417 446 447 417 447 418 418 447 448 418 448 419 419 448 449 419 449 420 420 449 450 420 450 421 421 450 451 421 451 422 422 451 452 422 452 423 423 452 453 423 453 424 424 453 454 424 454 425 425 454 455 425 455 426 426 455 456 426 456 427 427 456 457 427 457 428 428 457 458 428 458 429 429 458 459 429 459 430 430 459 460 430 460 431 431 460 461 431 461 432 432 461 462 432 462 433 433 462 463 433 463 103 434 72 464 434 464 435 435 464 465 435 465 436 436 465 466 436 466 437 437 466 467 437 467 438 438 467 468 438 468 439 439 468 469 439 469 440 440 469 470 440 470 441 441 470 471 441 471 442 442 471 472 442 472 443 443 472 473 443 473 444 444 473 474 444 474 445 445 474 475 445 475 446 446 475 476 446 476 447 447 476 477 447 477 448 448 477 478 448 478 449 449 478 479 449 479 450 450 479 480 450 480 451 451 480 481 451 481 452 452 481 482 452 482 453 453 482 483 453 483 454 454 483 484 454 484 455 455 484 485 455 485 456 456 485 486 456 486 457 457 486 487 457 487 458 458 487 488 458 488 459 459 488 489 459 489 460 460 489 490 460 490 461 461 490 491 461 491 462 462 491 492 462 492 463 463 492 493 463 493 103 464 72 494 464 494 465 465 494 495 465 495 466 466 495 496 466 496 467 467 496 497 467 497 468 468 497 498 468 498 469 469 498 499 469 499 470 470 499 500 470 500 471 471 500 501 471 501 472 472 501 502 472 502 473 473 502 503 473 503 474 474 503 504 474 504 475 475 504 505 475 505 476 476 505 506 476 506 477 477 506 507 477 507 478 478 507 508 478 508 479 479 508 509 479 509 480 480 509 510 480 510 481 481 510 511 481 511 482 482 511 512 482 512 483 483 512 513 483 513 484 484 513 514 484 514 485 485 514 515 485 515 486 486 515 516 486 516 487 487 516 517 487 517 488 488 517 518 488 518 489 489 518 519 489 519 490 490 519 520 490 520 491 491 520 521 491 521 492 492 521 522 492 522 493 493 522 523 493 523 103 494 72 524 494 524 495 495 524 525 495 525 496 496 525 526 496 526 497 497 526 527 497 527 498 498 527 528 498 528 499 499 528 529 499 529 500 500 529 530 500 530 501 501 530 531 501 531 502 502 531 532 502 532 503 503 532 533 503 533 504 504 533 534 504 534 505 505 534 535 505 535 506 506 535 536 506 536 507 507 536 537 507 537 508 508 537 538 508 538 509 509 538 539 509 539 510 510 539 540 510 540 511 511 540 541 511 541 512 512 541 542 512 542 513 513 542 543 513 543 514 514 543 544 514 544 515 515 544 545 515 545 516 516 545 546 516 546 517 517 546 547 517 547 518 518 547 548 518 548 519 519 548 549 519 549 520 520 549 550 520 550 521 521 550 551 521 551 522 522 551 552 522 552 523 523 552 553 523 553 103 524 72 554 524 554 525 525 554 555 525 555 526 526 555 556 526 556 527 527 556 557 527 557 528 528 557 558 528 558 529 529 558 559 529 559 530 530 559 560 530 560 531 531 560 561 531 561 532 532 561 562 532 562 533 533 562 563 533 563 534 534 563 564 534 564 535 535 564 565 535 565 536 536 565 566 536 566 537 537 566 567 537 567 538 538 567 568 538 568 539 539 568 569 539 569 540 540 569 570 540 570 541 541 570 571 541 571 542 542 571 572 542 572 543 543 572 573 543 573 544 544 573 574 544 574 545 545 574 575 545 575 546 546 575 576 546 576 547 547 576 577 547 577 548 548 577 578 548 578 549 549 578 579 549 579 550 550 579 580 550 580 551 551 580 581 551 581 552 552 581 582 552 582 553 553 582 583 553 583 103 554 72 584 554 584 555 555 584 585 555 585 556 556 585 586 556 586 557 557 586 587 557 587 558 558 587 588 558 588 559 559 588 589 559 589 560 560 589 590 560 590 561 561 590 591 561 591 562 562 591 592 562 592 563 563 592 593 563 593 564 564 593 594 564 594 565 565 594 595 565 595 566 566 595 596 566 596 567 567 596 597 567 597 568 568 597 598 568 598 569 569 598 599 569 599 570 570 599 600 570 600 571 571 600 601 571 601 572 572 601 602 572 602 573 573 602 603 573 603 574 574 603 604 574 604 575 575 604 605 575 605 576 576 605 606 576 606 577 577 606 607 577 607 578 578 607 608 578 608 579 579 608 609 579 609 580 580 609 610 580 610 581 581 610 611 581 611 582 582 611 612 582 612 583 583 612 613 583 613 103 584 72 614 584 614 585 585 614 615 585 615 586 586 615 616 586 616 587 587 616 617 587 617 588 588 617 618 588 618 589 589 618 619 589 619 590 590 619 620 590 620 591 591 620 621 591 621 592 592 621 622 592 622 593 593 622 623 593 623 594 594 623 624 594 624 595 595 624 625 595 625 596 596 625 626 596 626 597 597 626 627 597 627 598 598 627 628 598 628 599 599 628 629 599 629 600 600 629 630 600 630 601 601 630 631 601 631 602 602 631 632 602 632 603 603 632 633 603 633 604 604 633 634 604 634 605 605 634 635 605 635 606 606 635 636 606 636 607 607 636 637 607 637 608 608 637 638 608 638 609 609 638 639 609 639 610 610 639 640 610 640 611 611 640 641 611 641 612 612 641 642 612 642 613 613 642 643 613 643 103 614 72 644 614 644 615 615 644 645 615 645 616 616 645 646 616 646 617 617 646 647 617 647 618 618 647 648 618 648 619 619 648 649 619 649 620 620 649 650 620 650 621 621 650 651 621 651 622 622 651 652 622 652 623 623 652 653 623 653 624 624 653 654 624 654 625 625 654 655 625 655 626 626 655 656 626 656 627 627 656 657 627 657 628 628 657 658 628 658 629 629 658 659 629 659 630 630 659 660 630 660 631 631 660 661 631 661 632 632 661 662 632 662 633 633 662 663 633 663 634 634 663 664 634 664 635 635 664 665 635 665 636 636 665 666 636 666 637 637 666 667 637 667 638 638 667 668 638 668 639 639 668 669 639 669 640 640 669 670 640 670 641 641 670 671 641 671 642 642 671 672 642 672 643 643 672 673 643 673 103 644 72 674 644 674 645 645 674 675 645 675 646 646 675 676 646 676 647 647 676 677 647 677 648 648 677 678 648 678 649 649 678 679 649 679 650 650 679 680 650 680 651 651 680 681 651 681 652 652 681 682 652 682 653 653 682 683 653 683 654 654 683 684 654 684 655 655 684 685 655 685 656 656 685 686 656 686 657 657 686 687 657 687 658 658 687 688 658 688 659 659 688 689 659 689 660 660 689 690 660 690 661 661 690 691 661 691 662 662 691 692 662 692 663 663 692 693 663 693 664 664 693 694 664 694 665 665 694 695 665 695 666 666 695 696 666 696 667 667 696 697 667 697 668 668 697 698 668 698 669 669 698 699 669 699 670 670 699 700 670 700 671 671 700 701 671 701 672 672 701 702 672 702 673 673 702 703 673 703 103 674 72 704 674 704 675 675 704 705 675 705 676 676 705 706 676 706 677 677 706 707 677 707 678 678 707 708 678 708 679 679 708 709 679 709 680 680 709 710 680 710 681 681 710 711 681 711 682 682 711 712 682 712 683 683 712 713 683 713 684 684 713 714 684 714 685 685 714 715 685 715 686 686 715 716 686 716 687 687 716 717 687 717 688 688 717 718 688 718 689 689 718 719 689 719 690 690 719 720 690 720 691 691 720 721 691 721 692 692 721 722 692 722 693 693 722 723 693 723 694 694 723 724 694 724 695 695 724 725 695 725 696 696 725 726 696 726 697 697 726 727 697 727 698 698 727 728 698 728 699 699 728 729 699 729 700 700 729 730 700 730 701 701 730 731 701 731 702 702 731 732 702 732 703 703 732 733 703 733 103 704 72 734 704 734 705 705 734 735 705 735 706 706 735 736 706 736 707 707 736 737 707 737 708 708 737 738 708 738 709 709 738 739 709 739 710 710 739 740 710 740 711 711 740 741 711 741 712 712 741 742 712 742 713 713 742 743 713 743 714 714 743 744 714 744 715 715 744 745 715 745 716 716 745 746 716 746 717 717 746 747 717 747 718 718 747 748 718 748 719 719 748 749 719 749 720 720 749 750 720 750 721 721 750 751 721 751 722 722 751 752 722 752 723 723 752 753 723 753 724 724 753 754 724 754 725 725 754 755 725 755 726 726 755 756 726 756 727 727 756 757 727 757 728 728 757 758 728 758 729 729 758 759 729 759 730 730 759 760 730 760 731 731 760 761 731 761 732 732 761 762 732 762 733 733 762 763 733 763 103 734 72 764 734 764 735 735 764 765 735 765 736 736 765 766 736 766 737 737 766 767 737 767 738 738 767 768 738 768 739 739 768 769 739 769 740 740 769 770 740 770 741 741 770 771 741 771 742 742 771 772 742 772 743 743 772 773 743 773 744 744 773 774 744 774 745 745 774 775 745 775 746 746 775 776 746 776 747 747 776 777 747 777 748 748 777 778 748 778 749 749 778 779 749 779 750 750 779 780 750 780 751 751 780 781 751 781 752 752 781 782 752 782 753 753 782 783 753 783 754 754 783 784 754 784 755 755 784 785 755 785 756 756 785 786 756 786 757 757 786 787 757 787 758 758 787 788 758 788 759 759 788 789 759 789 760 760 789 790 760 790 761 761 790 791 761 791 762 762 791 792 762 792 763 763 792 793 763 793 103 764 72 794 764 794 765 765 794 795 765 795 766 766 795 796 766 796 767 767 796 797 767 797 768 768 797 798 768 798 769 769 798 799 769 799 770 770 799 800 770 800 771 771 800 801 771 801 772 772 801 802 772 802 773 773 802 803 773 803 774 774 803 804 774 804 775 775 804 805 775 805 776 776 805 806 776 806 777 777 806 807 777 807 778 778 807 808 778 808 779 779 808 809 779 809 780 780 809 810 780 810 781 781 810 811 781 811 782 782 811 812 782 812 783 783 812 813 783 813 784 784 813 814 784 814 785 785 814 815 785 815 786 786 815 816 786 816 787 787 816 817 787 817 788 788 817 818 788 818 789 789 818 819 789 819 790 790 819 820 790 820 791 791 820 821 791 821 792 792 821 822 792 822 793 793 822 823 793 823 103 794 72 824 794 824 795 795 824 825 795 825 796 796 825 826 796 826 797 797 826 827 797 827 798 798 827 828 798 828 799 799 828 829 799 829 800 800 829 830 800 830 801 801 830 831 801 831 802 802 831 832 802 832 803 803 832 833 803 833 804 804 833 834 804 834 805 805 834 835 805 835 806 806 835 836 806 836 807 807 836 837 807 837 808 808 837 838 808 838 809 809 838 839 809 839 810 810 839 840 810 840 811 811 840 841 811 841 812 812 841 842 812 842 813 813 842 843 813 843 814 814 843 844 814 844 815 815 844 845 815 845 816 816 845 846 816 846 817 817 846 847 817 847 818 818 847 848 818 848 819 819 848 849 819 849 820 820 849 850 820 850 821 821 850 851 821 851 822 822 851 852 822 852 823 823 852 853 823 853 103 824 72 854 824 854 825 825 854 855 825 855 826 826 855 856 826 856 827 827 856 857 827 857 828 828 857 858 828 858 829 829 858 859 829 859 830 830 859 860 830 860 831 831 860 861 831 861 832 832 861 862 832 862 833 833 862 863 833 863 834 834 863 864 834 864 835 835 864 865 835 865 836 836 865 866 836 866 837 837 866 867 837 867 838 838 867 868 838 868 839 839 868 869 839 869 840 840 869 870 840 870 841 841 870 871 841 871 842 842 871 872 842 872 843 843 872 873 843 873 844 844 873 874 844 874 845 845 874 875 845 875 846 846 875 876 846 876 847 847 876 877 847 877 848 848 877 878 848 878 849 849 878 879 849 879 850 850 879 880 850 880 851 851 880 881 851 881 852 852 881 882 852 882 853 853 882 883 853 883 103 854 72 884 854 884 855 855 884 885 855 885 856 856 885 886 856 886 857 857 886 887 857 887 858 858 887 888 858 888 859 859 888 889 859 889 860 860 889 890 860 890 861 861 890 891 861 891 862 862 891 892 862 892 863 863 892 893 863 893 864 864 893 894 864 894 865 865 894 895 865 895 866 866 895 896 866 896 867 867 896 897 867 897 868 868 897 898 868 898 869 869 898 899 869 899 870 870 899 900 870 900 871 871 900 901 871 901 872 872 901 902 872 902 873 873 902 903 873 903 874 874 903 904 874 904 875 875 904 905 875 905 876 876 905 906 876 906 877 877 906 907 877 907 878 878 907 908 878 908 879 879 908 909 879 909 880 880 909 910 880 910 881 881 910 911 881 911 882 882 911 912 882 912 883 883 912 913 883 913 103 884 72 914 884 914 885 885 914 915 885 915 886 886 915 916 886 916 887 887 916 917 887 917 888 888 917 918 888 918 889 889 918 919 889 919 890 890 919 920 890 920 891 891 920 921 891 921 892 892 921 922 892 922 893 893 922 923 893 923 894 894 923 924 894 924 895 895 924 925 895 925 896 896 925 926 896 926 897 897 926 927 897 927 898 898 927 928 898 928 899 899 928 929 899 929 900 900 929 930 900 930 901 901 930 931 901 931 902 902 931 932 902 932 903 903 932 933 903 933 904 904 933 934 904 934 905 905 934 935 905 935 906 906 935 936 906 936 907 907 936 937 907 937 908 908 937 938 908 938 909 909 938 939 909 939 910 910 939 940 910 940 911 911 940 941 911 941 912 912 941 942 912 942 913 913 942 943 913 943 103 914 72 944 914 944 915 915 944 945 915 945 916 916 945 946 916 946 917 917 946 947 917 947 918 918 947 948 918 948 919 919 948 949 919 949 920 920 949 950 920 950 921 921 950 951 921 951 922 922 951 952 922 952 923 923 952 953 923 953 924 924 953 954 924 954 925 925 954 955 925 955 926 926 955 956 926 956 927 927 956 957 927 957 928 928 957 958 928 958 929 929 958 959 929 959 930 930 959 960 930 960 931 931 960 961 931 961 932 932 961 962 932 962 933 933 962 963 933 963 934 934 963 964 934 964 935 935 964 965 935 965 936 936 965 966 936 966 937 937 966 967 937 967 938 938 967 968 938 968 939 939 968 969 939 969 940 940 969 970 940 970 941 941 970 971 941 971 942 942 971 972 942 972 943 943 972 973 943 973 103 944 72 974 944 974 945 945 974 975 945 975 946 946 975 976 946 976 947 947 976 977 947 977 948 948 977 978 948 978 949 949 978 979 949 979 950 950 979 980 950 980 951 951 980 981 951 981 952 952 981 982 952 982 953 953 982 983 953 983 954 954 983 984 954 984 955 955 984 985 955 985 956 956 985 986 956 986 957 957 986 987 957 987 958 958 987 988 958 988 959 959 988 989 959 989 960 960 989 990 960 990 961 961 990 991 961 991 962 962 991 992 962 992 963 963 992 993 963 993 964 964 993 994 964 994 965 965 994 995 965 995 966 966 995 996 966 996 967 967 996 997 967 997 968 968 997 998 968 998 969 969 998 999 969 999 970 970 999 1000 970 1000 971 971 1000 1001 971 1001 972 972 1001 1002 972 1002 973 973 1002 1003 973 1003 103 974 72 1004 974 1004 975 975 1004 1005 975 1005 976 976 1005 1006 976 1006 977 977 1006 1007 977 1007 978 978 1007 1008 978 1008 979 979 1008 1009 979 1009 980 980 1009 1010 980 1010 981 981 1010 1011 981 1011 982 982 1011 1012 982 1012 983 983 1012 1013 983 1013 984 984 1013 1014 984 1014 985 985 1014 1015 985 1015 986 986 1015 1016 986 1016 987 987 1016 1017 987 1017 988 988 1017 1018 988 1018 989 989 1018 1019 989 1019 990 990 1019 1020 990 1020 991 991 1020 1021 991 1021 992 992 1021 1022 992 1022 993 993 1022 1023 993 1023 994 994 1023 1024 994 1024 995 995 1024 1025 995 1025 996 996 1025 1026 996 1026 997 997 1026 1027 997 1027 998 998 1027 1028 998 1028 999 999 1028 1029 999 1029 1000 1000 1029 1030 1000 1030 1001 1001 1030 1031 1001 1031 1002 1002 1031 1032 1002 1032 1003 1003 1032 1033 1003 1033 103 1004 72 1034 1004 1034 1005 1005 1034 1035 1005 1035 1006 1006 1035 1036 1006 1036 1007 1007 1036 1037 1007 1037 1008 1008 1037 1038 1008 1038 1009 1009 1038 1039 1009 1039 1010 1010 1039 1040 1010 1040 1011 1011 1040 1041 1011 1041 1012 1012 1041 1042 1012 1042 1013 1013 1042 1043 1013 1043 1014 1014 1043 1044 1014 1044 1015 1015 1044 1045 1015 1045 1016 1016 1045 1046 1016 1046 1017 1017 1046 1047 1017 1047 1018 1018 1047 1048 1018 1048 1019 1019 1048 1049 1019 1049 1020 1020 1049 1050 1020 1050 1021 1021 1050 1051 1021 1051 1022 1022 1051 1052 1022 1052 1023 1023 1052 1053 1023 1053 1024 1024 1053 1054 1024 1054 1025 1025 1054 1055 1025 1055 1026 1026 1055 1056 1026 1056 1027 1027 1056 1057 1027 1057 1028 1028 1057 1058 1028 1058 1029 1029 1058 1059 1029 1059 1030 1030 1059 1060 1030 1060 1031 1031 1060 1061 1031 1061 1032 1032 1061 1062 1032 1062 1033 1033 1062 1063 1033 1063 103 1034 72 1064 1034 1064 1035 1035 1064 1065 1035 1065 1036 1036 1065 1066 1036 1066 1037 1037 1066 1067 1037 1067 1038 1038 1067 1068 1038 1068 1039 1039 1068 1069 1039 1069 1040 1040 1069 1070 1040 1070 1041 1041 1070 1071 1041 1071 1042 1042 1071 1072 1042 1072 1043 1043 1072 1073 1043 1073 1044 1044 1073 1074 1044 1074 1045 1045 1074 1075 1045 1075 1046 1046 1075 1076 1046 1076 1047 1047 1076 1077 1047 1077 1048 1048 1077 1078 1048 1078 1049 1049 1078 1079 1049 1079 1050 1050 1079 1080 1050 1080 1051 1051 1080 1081 1051 1081 1052 1052 1081 1082 1052 1082 1053 1053 1082 1083 1053 1083 1054 1054 1083 1084 1054 1084 1055 1055 1084 1085 1055 1085 1056 1056 1085 1086 1056 1086 1057 1057 1086 1087 1057 1087 1058 1058 1087 1088 1058 1088 1059 1059 1088 1089 1059 1089 1060 1060 1089 1090 1060 1090 1061 1061 1090 1091 1061 1091 1062 1062 1091 1092 1062 1092 1063 1063 1092 1093 1063 1093 103 1064 72 1094 1064 1094 1065 1065 1094 1095 1065 1095 1066 1066 1095 1096 1066 1096 1067 1067 1096 1097 1067 1097 1068 1068 1097 1098 1068 1098 1069 1069 1098 1099 1069 1099 1070 1070 1099 1100 1070 1100 1071 1071 1100 1101 1071 1101 1072 1072 1101 1102 1072 1102 1073 1073 1102 1103 1073 1103 1074 1074 1103 1104 1074 1104 1075 1075 1104 1105 1075 1105 1076 1076 1105 1106 1076 1106 1077 1077 1106 1107 1077 1107 1078 1078 1107 1108 1078 1108 1079 1079 1108 1109 1079 1109 1080 1080 1109 1110 1080 1110 1081 1081 1110 1111 1081 1111 1082 1082 1111 1112 1082 1112 1083 1083 1112 1113 1083 1113 1084 1084 1113 1114 1084 1114 1085 1085 1114 1115 1085 1115 1086 1086 1115 1116 1086 1116 1087 1087 1116 1117 1087 1117 1088 1088 1117 1118 1088 1118 1089 1089 1118 1119 1089 1119 1090 1090 1119 1120 1090 1120 1091 1091 1120 1121 1091 1121 1092 1092 1121 1122 1092 1122 1093 1093 1122 1123 1093 1123 103 1094 72 1124 1094 1124 1095 1095 1124 1125 1095 1125 1096 1096 1125 1126 1096 1126 1097 1097 1126 1127 1097 1127 1098 1098 1127 1128 1098 1128 1099 1099 1128 1129 1099 1129 1100 1100 1129 1130 1100 1130 1101 1101 1130 1131 1101 1131 1102 1102 1131 1132 1102 1132 1103 1103 1132 1133 1103 1133 1104 1104 1133 1134 1104 1134 1105 1105 1134 1135 1105 1135 1106 1106 1135 1136 1106 1136 1107 1107 1136 1137 1107 1137 1108 1108 1137 1138 1108 1138 1109 1109 1138 1139 1109 1139 1110 1110 1139 1140 1110 1140 1111 1111 1140 1141 1111 1141 1112 1112 1141 1142 1112 1142 1113 1113 1142 1143 1113 1143 1114 1114 1143 1144 1114 1144 1115 1115 1144 1145 1115 1145 1116 1116 1145 1146 1116 1146 1117 1117 1146 1147 1117 1147 1118 1118 1147 1148 1118 1148 1119 1119 1148 1149 1119 1149 1120 1120 1149 1150 1120 1150 1121 1121 1150 1151 1121 1151 1122 1122 1151 1152 1122 1152 1123 1123 1152 1153 1123 1153 103 1124 72 1154 1124 1154 1125 1125 1154 1155 1125 1155 1126 1126 1155 1156 1126 1156 1127 1127 1156 1157 1127 1157 1128 1128 1157 1158 1128 1158 1129 1129 1158 1159 1129 1159 1130 1130 1159 1160 1130 1160 1131 1131 1160 1161 1131 1161 1132 1132 1161 1162 1132 1162 1133 1133 1162 1163 1133 1163 1134 1134 1163 1164 1134 1164 1135 1135 1164 1165 1135 1165 1136 1136 1165 1166 1136 1166 1137 1137 1166 1167 1137 1167 1138 1138 1167 1168 1138 1168 1139 1139 1168 1169 1139 1169 1140 1140 1169 1170 1140 1170 1141 1141 1170 1171 1141 1171 1142 1142 1171 1172 1142 1172 1143 1143 1172 1173 1143 1173 1144 1144 1173 1174 1144 1174 1145 1145 1174 1175 1145 1175 1146 1146 1175 1176 1146 1176 1147 1147 1176 1177 1147 1177 1148 1148 1177 1178 1148 1178 1149 1149 1178 1179 1149 1179 1150 1150 1179 1180 1150 1180 1151 1151 1180 1181 1151 1181 1152 1152 1181 1182 1152 1182 1153 1153 1182 1183 1153 1183 103 1154 72 1184 1154 1184 1155 1155 1184 1185 1155 1185 1156 1156 1185 1186 1156 1186 1157 1157 1186 1187 1157 1187 1158 1158 1187 1188 1158 1188 1159 1159 1188 1189 1159 1189 1160 1160 1189 1190 1160 1190 1161 1161 1190 1191 1161 1191 1162 1162 1191 1192 1162 1192 1163 1163 1192 1193 1163 1193 1164 1164 1193 1194 1164 1194 1165 1165 1194 1195 1165 1195 1166 1166 1195 1196 1166 1196 1167 1167 1196 1197 1167 1197 1168 1168 1197 1198 1168 1198 1169 1169 1198 1199 1169 1199 1170 1170 1199 1200 1170 1200 1171 1171 1200 1201 1171 1201 1172 1172 1201 1202 1172 1202 1173 1173 1202 1203 1173 1203 1174 1174 1203 1204 1174 1204 1175 1175 1204 1205 1175 1205 1176 1176 1205 1206 1176 1206 1177 1177 1206 1207 1177 1207 1178 1178 1207 1208 1178 1208 1179 1179 1208 1209 1179 1209 1180 1180 1209 1210 1180 1210 1181 1181 1210 1211 1181 1211 1182 1182 1211 1212 1182 1212 1183 1183 1212 1213 1183 1213 103 1184 72 1214 1184 1214 1185 1185 1214 1215 1185 1215 1186 1186 1215 1216 1186 1216 1187 1187 1216 1217 1187 1217 1188 1188 1217 1218 1188 1218 1189 1189 1218 1219 1189 1219 1190 1190 1219 1220 1190 1220 1191 1191 1220 1221 1191 1221 1192 1192 1221 1222 1192 1222 1193 1193 1222 1223 1193 1223 1194 1194 1223 1224 1194 1224 1195 1195 1224 1225 1195 1225 1196 1196 1225 1226 1196 1226 1197 1197 1226 1227 1197 1227 1198 1198 1227 1228 1198 1228 1199 1199 1228 1229 1199 1229 1200 1200 1229 1230 1200 1230 1201 1201 1230 1231 1201 1231 1202 1202 1231 1232 1202 1232 1203 1203 1232 1233 1203 1233 1204 1204 1233 1234 1204 1234 1205 1205 1234 1235 1205 1235 1206 1206 1235 1236 1206 1236 1207 1207 1236 1237 1207 1237 1208 1208 1237 1238 1208 1238 1209 1209 1238 1239 1209 1239 1210 1210 1239 1240 1210 1240 1211 1211 1240 1241 1211 1241 1212 1212 1241 1242 1212 1242 1213 1213 1242 1243 1213 1243 103 1214 72 1244 1214 1244 1215 1215 1244 1245 1215 1245 1216 1216 1245 1246 1216 1246 1217 1217 1246 1247 1217 1247 1218 1218 1247 1248 1218 1248 1219 1219 1248 1249 1219 1249 1220 1220 1249 1250 1220 1250 1221 1221 1250 1251 1221 1251 1222 1222 1251 1252 1222 1252 1223 1223 1252 1253 1223 1253 1224 1224 1253 1254 1224 1254 1225 1225 1254 1255 1225 1255 1226 1226 1255 1256 1226 1256 1227 1227 1256 1257 1227 1257 1228 1228 1257 1258 1228 1258 1229 1229 1258 1259 1229 1259 1230 1230 1259 1260 1230 1260 1231 1231 1260 1261 1231 1261 1232 1232 1261 1262 1232 1262 1233 1233 1262 1263 1233 1263 1234 1234 1263 1264 1234 1264 1235 1235 1264 1265 1235 1265 1236 1236 1265 1266 1236 1266 1237 1237 1266 1267 1237 1267 1238 1238 1267 1268 1238 1268 1239 1239 1268 1269 1239 1269 1240 1240 1269 1270 1240 1270 1241 1241 1270 1271 1241 1271 1242 1242 1271 1272 1242 1272 1243 1243 1272 1273 1243 1273 103 1244 72 1274 1244 1274 1245 1245 1274 1275 1245 1275 1246 1246 1275 1276 1246 1276 1247 1247 1276 1277 1247 1277 1248 1248 1277 1278 1248 1278 1249 1249 1278 1279 1249 1279 1250 1250 1279 1280 1250 1280 1251 1251 1280 1281 1251 1281 1252 1252 1281 1282 1252 1282 1253 1253 1282 1283 1253 1283 1254 1254 1283 1284 1254 1284 1255 1255 1284 1285 1255 1285 1256 1256 1285 1286 1256 1286 1257 1257 1286 1287 1257 1287 1258 1258 1287 1288 1258 1288 1259 1259 1288 1289 1259 1289 1260 1260 1289 1290 1260 1290 1261 1261 1290 1291 1261 1291 1262 1262 1291 1292 1262 1292 1263 1263 1292 1293 1263 1293 1264 1264 1293 1294 1264 1294 1265 1265 1294 1295 1265 1295 1266 1266 1295 1296 1266 1296 1267 1267 1296 1297 1267 1297 1268 1268 1297 1298 1268 1298 1269 1269 1298 1299 1269 1299 1270 1270 1299 1300 1270 1300 1271 1271 1300 1301 1271 1301 1272 1272 1301 1302 1272 1302 1273 1273 1302 1303 1273 1303 103 1274 72 1304 1274 1304 1275 1275 1304 1305 1275 1305 1276 1276 1305 1306 1276 1306 1277 1277 1306 1307 1277 1307 1278 1278 1307 1308 1278 1308 1279 1279 1308 1309 1279 1309 1280 1280 1309 1310 1280 1310 1281 1281 1310 1311 1281 1311 1282 1282 1311 1312 1282 1312 1283 1283 1312 1313 1283 1313 1284 1284 1313 1314 1284 1314 1285 1285 1314 1315 1285 1315 1286 1286 1315 1316 1286 1316 1287 1287 1316 1317 1287 1317 1288 1288 1317 1318 1288 1318 1289 1289 1318 1319 1289 1319 1290 1290 1319 1320 1290 1320 1291 1291 1320 1321 1291 1321 1292 1292 1321 1322 1292 1322 1293 1293 1322 1323 1293 1323 1294 1294 1323 1324 1294 1324 1295 1295 1324 1325 1295 1325 1296 1296 1325 1326 1296 1326 1297 1297 1326 1327 1297 1327 1298 1298 1327 1328 1298 1328 1299 1299 1328 1329 1299 1329 1300 1300 1329 1330 1300 1330 1301 1301 1330 1331 1301 1331 1302 1302 1331 1332 1302 1332 1303 1303 1332 1333 1303 1333 103 1304 72 1334 1304 1334 1305 1305 1334 1335 1305 1335 1306 1306 1335 1336 1306 1336 1307 1307 1336 1337 1307 1337 1308 1308 1337 1338 1308 1338 1309 1309 1338 1339 1309 1339 1310 1310 1339 1340 1310 1340 1311 1311 1340 1341 1311 1341 1312 1312 1341 1342 1312 1342 1313 1313 1342 1343 1313 1343 1314 1314 1343 1344 1314 1344 1315 1315 1344 1345 1315 1345 1316 1316 1345 1346 1316 1346 1317 1317 1346 1347 1317 1347 1318 1318 1347 1348 1318 1348 1319 1319 1348 1349 1319 1349 1320 1320 1349 1350 1320 1350 1321 1321 1350 1351 1321 1351 1322 1322 1351 1352 1322 1352 1323 1323 1352 1353 1323 1353 1324 1324 1353 1354 1324 1354 1325 1325 1354 1355 1325 1355 1326 1326 1355 1356 1326 1356 1327 1327 1356 1357 1327 1357 1328 1328 1357 1358 1328 1358 1329 1329 1358 1359 1329 1359 1330 1330 1359 1360 1330 1360 1331 1331 1360 1361 1331 1361 1332 1332 1361 1362 1332 1362 1333 1333 1362 1363 1333 1363 103 1334 72 1364 1334 1364 1335 1335 1364 1365 1335 1365 1336 1336 1365 1366 1336 1366 1337 1337 1366 1367 1337 1367 1338 1338 1367 1368 1338 1368 1339 1339 1368 1369 1339 1369 1340 1340 1369 1370 1340 1370 1341 1341 1370 1371 1341 1371 1342 1342 1371 1372 1342 1372 1343 1343 1372 1373 1343 1373 1344 1344 1373 1374 1344 1374 1345 1345 1374 1375 1345 1375 1346 1346 1375 1376 1346 1376 1347 1347 1376 1377 1347 1377 1348 1348 1377 1378 1348 1378 1349 1349 1378 1379 1349 1379 1350 1350 1379 1380 1350 1380 1351 1351 1380 1381 1351 1381 1352 1352 1381 1382 1352 1382 1353 1353 1382 1383 1353 1383 1354 1354 1383 1384 1354 1384 1355 1355 1384 1385 1355 1385 1356 1356 1385 1386 1356 1386 1357 1357 1386 1387 1357 1387 1358 1358 1387 1388 1358 1388 1359 1359 1388 1389 1359 1389 1360 1360 1389 1390 1360 1390 1361 1361 1390 1391 1361 1391 1362 1362 1391 1392 1362 1392 1363 1363 1392 1393 1363 1393 103 1364 72 1394 1364 1394 1365 1365 1394 1395 1365 1395 1366 1366 1395 1396 1366 1396 1367 1367 1396 1397 1367 1397 1368 1368 1397 1398 1368 1398 1369 1369 1398 1399 1369 1399 1370 1370 1399 1400 1370 1400 1371 1371 1400 1401 1371 1401 1372 1372 1401 1402 1372 1402 1373 1373 1402 1403 1373 1403 1374 1374 1403 1404 1374 1404 1375 1375 1404 1405 1375 1405 1376 1376 1405 1406 1376 1406 1377 1377 1406 1407 1377 1407 1378 1378 1407 1408 1378 1408 1379 1379 1408 1409 1379 1409 1380 1380 1409 1410 1380 1410 1381 1381 1410 1411 1381 1411 1382 1382 1411 1412 1382 1412 1383 1383 1412 1413 1383 1413 1384 1384 1413 1414 1384 1414 1385 1385 1414 1415 1385 1415 1386 1386 1415 1416 1386 1416 1387 1387 1416 1417 1387 1417 1388 1388 1417 1418 1388 1418 1389 1389 1418 1419 1389 1419 1390 1390 1419 1420 1390 1420 1391 1391 1420 1421 1391 1421 1392 1392 1421 1422 1392 1422 1393 1393 1422 1423 1393 1423 103 1394 72 1424 1394 1424 1395 1395 1424 1425 1395 1425 1396 1396 1425 1426 1396 1426 1397 1397 1426 1427 1397 1427 1398 1398 1427 1428 1398 1428 1399 1399 1428 1429 1399 1429 1400 1400 1429 1430 1400 1430 1401 1401 1430 1431 1401 1431 1402 1402 1431 1432 1402 1432 1403 1403 1432 1433 1403 1433 1404 1404 1433 1434 1404 1434 1405 1405 1434 1435 1405 1435 1406 1406 1435 1436 1406 1436 1407 1407 1436 1437 1407 1437 1408 1408 1437 1438 1408 1438 1409 1409 1438 1439 1409 1439 1410 1410 1439 1440 1410 1440 1411 1411 1440 1441 1411 1441 1412 1412 1441 1442 1412 1442 1413 1413 1442 1443 1413 1443 1414 1414 1443 1444 1414 1444 1415 1415 1444 1445 1415 1445 1416 1416 1445 1446 1416 1446 1417 1417 1446 1447 1417 1447 1418 1418 1447 1448 1418 1448 1419 1419 1448 1449 1419 1449 1420 1420 1449 1450 1420 1450 1421 1421 1450 1451 1421 1451 1422 1422 1451 1452 1422 1452 1423 1423 1452 1453 1423 1453 103 1424 72 1454 1424 1454 1425 1425 1454 1455 1425 1455 1426 1426 1455 1456 1426 1456 1427 1427 1456 1457 1427 1457 1428 1428 1457 1458 1428 1458 1429 1429 1458 1459 1429 1459 1430 1430 1459 1460 1430 1460 1431 1431 1460 1461 1431 1461 1432 1432 1461 1462 1432 1462 1433 1433 1462 1463 1433 1463 1434 1434 1463 1464 1434 1464 1435 1435 1464 1465 1435 1465 1436 1436 1465 1466 1436 1466 1437 1437 1466 1467 1437 1467 1438 1438 1467 1468 1438 1468 1439 1439 1468 1469 1439 1469 1440 1440 1469 1470 1440 1470 1441 1441 1470 1471 1441 1471 1442 1442 1471 1472 1442 1472 1443 1443 1472 1473 1443 1473 1444 1444 1473 1474 1444 1474 1445 1445 1474 1475 1445 1475 1446 1446 1475 1476 1446 1476 1447 1447 1476 1477 1447 1477 1448 1448 1477 1478 1448 1478 1449 1449 1478 1479 1449 1479 1450 1450 1479 1480 1450 1480 1451 1451 1480 1481 1451 1481 1452 1452 1481 1482 1452 1482 1453 1453 1482 1483 1453 1483 103 1454 72 1484 1454 1484 1455 1455 1484 1485 1455 1485 1456 1456 1485 1486 1456 1486 1457 1457 1486 1487 1457 1487 1458 1458 1487 1488 1458 1488 1459 1459 1488 1489 1459 1489 1460 1460 1489 1490 1460 1490 1461 1461 1490 1491 1461 1491 1462 1462 1491 1492 1462 1492 1463 1463 1492 1493 1463 1493 1464 1464 1493 1494 1464 1494 1465 1465 1494 1495 1465 1495 1466 1466 1495 1496 1466 1496 1467 1467 1496 1497 1467 1497 1468 1468 1497 1498 1468 1498 1469 1469 1498 1499 1469 1499 1470 1470 1499 1500 1470 1500 1471 1471 1500 1501 1471 1501 1472 1472 1501 1502 1472 1502 1473 1473 1502 1503 1473 1503 1474 1474 1503 1504 1474 1504 1475 1475 1504 1505 1475 1505 1476 1476 1505 1506 1476 1506 1477 1477 1506 1507 1477 1507 1478 1478 1507 1508 1478 1508 1479 1479 1508 1509 1479 1509 1480 1480 1509 1510 1480 1510 1481 1481 1510 1511 1481 1511 1482 1482 1511 1512 1482 1512 1483 1483 1512 1513 1483 1513 103 1484 72 1514 1484 1514 1485 1485 1514 1515 1485 1515 1486 1486 1515 1516 1486 1516 1487 1487 1516 1517 1487 1517 1488 1488 1517 1518 1488 1518 1489 1489 1518 1519 1489 1519 1490 1490 1519 1520 1490 1520 1491 1491 1520 1521 1491 1521 1492 1492 1521 1522 1492 1522 1493 1493 1522 1523 1493 1523 1494 1494 1523 1524 1494 1524 1495 1495 1524 1525 1495 1525 1496 1496 1525 1526 1496 1526 1497 1497 1526 1527 1497 1527 1498 1498 1527 1528 1498 1528 1499 1499 1528 1529 1499 1529 1500 1500 1529 1530 1500 1530 1501 1501 1530 1531 1501 1531 1502 1502 1531 1532 1502 1532 1503 1503 1532 1533 1503 1533 1504 1504 1533 1534 1504 1534 1505 1505 1534 1535 1505 1535 1506 1506 1535 1536 1506 1536 1507 1507 1536 1537 1507 1537 1508 1508 1537 1538 1508 1538 1509 1509 1538 1539 1509 1539 1510 1510 1539 1540 1510 1540 1511 1511 1540 1541 1511 1541 1512 1512 1541 1542 1512 1542 1513 1513 1542 1543 1513 1543 103 1514 72 1544 1514 1544 1515 1515 1544 1545 1515 1545 1516 1516 1545 1546 1516 1546 1517 1517 1546 1547 1517 1547 1518 1518 1547 1548 1518 1548 1519 1519 1548 1549 1519 1549 1520 1520 1549 1550 1520 1550 1521 1521 1550 1551 1521 1551 1522 1522 1551 1552 1522 1552 1523 1523 1552 1553 1523 1553 1524 1524 1553 1554 1524 1554 1525 1525 1554 1555 1525 1555 1526 1526 1555 1556 1526 1556 1527 1527 1556 1557 1527 1557 1528 1528 1557 1558 1528 1558 1529 1529 1558 1559 1529 1559 1530 1530 1559 1560 1530 1560 1531 1531 1560 1561 1531 1561 1532 1532 1561 1562 1532 1562 1533 1533 1562 1563 1533 1563 1534 1534 1563 1564 1534 1564 1535 1535 1564 1565 1535 1565 1536 1536 1565 1566 1536 1566 1537 1537 1566 1567 1537 1567 1538 1538 1567 1568 1538 1568 1539 1539 1568 1569 1539 1569 1540 1540 1569 1570 1540 1570 1541 1541 1570 1571 1541 1571 1542 1542 1571 1572 1542 1572 1543 1543 1572 1573 1543 1573 103 1544 72 1574 1544 1574 1545 1545 1574 1575 1545 1575 1546 1546 1575 1576 1546 1576 1547 1547 1576 1577 1547 1577 1548 1548 1577 1578 1548 1578 1549 1549 1578 1579 1549 1579 1550 1550 1579 1580 1550 1580 1551 1551 1580 1581 1551 1581 1552 1552 1581 1582 1552 1582 1553 1553 1582 1583 1553 1583 1554 1554 1583 1584 1554 1584 1555 1555 1584 1585 1555 1585 1556 1556 1585 1586 1556 1586 1557 1557 1586 1587 1557 1587 1558 1558 1587 1588 1558 1588 1559 1559 1588 1589 1559 1589 1560 1560 1589 1590 1560 1590 1561 1561 1590 1591 1561 1591 1562 1562 1591 1592 1562 1592 1563 1563 1592 1593 1563 1593 1564 1564 1593 1594 1564 1594 1565 1565 1594 1595 1565 1595 1566 1566 1595 1596 1566 1596 1567 1567 1596 1597 1567 1597 1568 1568 1597 1598 1568 1598 1569 1569 1598 1599 1569 1599 1570 1570 1599 1600 1570 1600 1571 1571 1600 1601 1571 1601 1572 1572 1601 1602 1572 1602 1573 1573 1602 1603 1573 1603 103 1574 72 1604 1574 1604 1575 1575 1604 1605 1575 1605 1576 1576 1605 1606 1576 1606 1577 1577 1606 1607 1577 1607 1578 1578 1607 1608 1578 1608 1579 1579 1608 1609 1579 1609 1580 1580 1609 1610 1580 1610 1581 1581 1610 1611 1581 1611 1582 1582 1611 1612 1582 1612 1583 1583 1612 1613 1583 1613 1584 1584 1613 1614 1584 1614 1585 1585 1614 1615 1585 1615 1586 1586 1615 1616 1586 1616 1587 1587 1616 1617 1587 1617 1588 1588 1617 1618 1588 1618 1589 1589 1618 1619 1589 1619 1590 1590 1619 1620 1590 1620 1591 1591 1620 1621 1591 1621 1592 1592 1621 1622 1592 1622 1593 1593 1622 1623 1593 1623 1594 1594 1623 1624 1594 1624 1595 1595 1624 1625 1595 1625 1596 1596 1625 1626 1596 1626 1597 1597 1626 1627 1597 1627 1598 1598 1627 1628 1598 1628 1599 1599 1628 1629 1599 1629 1600 1600 1629 1630 1600 1630 1601 1601 1630 1631 1601 1631 1602 1602 1631 1632 1602 1632 1603 1603 1632 1633 1603 1633 103 1604 72 1634 1604 1634 1605 1605 1634 1635 1605 1635 1606 1606 1635 1636 1606 1636 1607 1607 1636 1637 1607 1637 1608 1608 1637 1638 1608 1638 1609 1609 1638 1639 1609 1639 1610 1610 1639 1640 1610 1640 1611 1611 1640 1641 1611 1641 1612 1612 1641 1642 1612 1642 1613 1613 1642 1643 1613 1643 1614 1614 1643 1644 1614 1644 1615 1615 1644 1645 1615 1645 1616 1616 1645 1646 1616 1646 1617 1617 1646 1647 1617 1647 1618 1618 1647 1648 1618 1648 1619 1619 1648 1649 1619 1649 1620 1620 1649 1650 1620 1650 1621 1621 1650 1651 1621 1651 1622 1622 1651 1652 1622 1652 1623 1623 1652 1653 1623 1653 1624 1624 1653 1654 1624 1654 1625 1625 1654 1655 1625 1655 1626 1626 1655 1656 1626 1656 1627 1627 1656 1657 1627 1657 1628 1628 1657 1658 1628 1658 1629 1629 1658 1659 1629 1659 1630 1630 1659 1660 1630 1660 1631 1631 1660 1661 1631 1661 1632 1632 1661 1662 1632 1662 1633 1633 1662 1663 1633 1663 103 1634 72 1664 1634 1664 1635 1635 1664 1665 1635 1665 1636 1636 1665 1666 1636 1666 1637 1637 1666 1667 1637 1667 1638 1638 1667 1668 1638 1668 1639 1639 1668 1669 1639 1669 1640 1640 1669 1670 1640 1670 1641 1641 1670 1671 1641 1671 1642 1642 1671 1672 1642 1672 1643 1643 1672 1673 1643 1673 1644 1644 1673 1674 1644 1674 1645 1645 1674 1675 1645 1675 1646 1646 1675 1676 1646 1676 1647 1647 1676 1677 1647 1677 1648 1648 1677 1678 1648 1678 1649 1649 1678 1679 1649 1679 1650 1650 1679 1680 1650 1680 1651 1651 1680 1681 1651 1681 1652 1652 1681 1682 1652 1682 1653 1653 1682 1683 1653 1683 1654 1654 1683 1684 1654 1684 1655 1655 1684 1685 1655 1685 1656 1656 1685 1686 1656 1686 1657 1657 1686 1687 1657 1687 1658 1658 1687 1688 1658 1688 1659 1659 1688 1689 1659 1689 1660 1660 1689 1690 1660 1690 1661 1661 1690 1691 1661 1691 1662 1662 1691 1692 1662 1692 1663 1663 1692 1693 1663 1693 103 1664 72 1694 1664 1694 1665 1665 1694 1695 1665 1695 1666 1666 1695 1696 1666 1696 1667 1667 1696 1697 1667 1697 1668 1668 1697 1698 1668 1698 1669 1669 1698 1699 1669 1699 1670 1670 1699 1700 1670 1700 1671 1671 1700 1701 1671 1701 1672 1672 1701 1702 1672 1702 1673 1673 1702 1703 1673 1703 1674 1674 1703 1704 1674 1704 1675 1675 1704 1705 1675 1705 1676 1676 1705 1706 1676 1706 1677 1677 1706 1707 1677 1707 1678 1678 1707 1708 1678 1708 1679 1679 1708 1709 1679 1709 1680 1680 1709 1710 1680 1710 1681 1681 1710 1711 1681 1711 1682 1682 1711 1712 1682 1712 1683 1683 1712 1713 1683 1713 1684 1684 1713 1714 1684 1714 1685 1685 1714 1715 1685 1715 1686 1686 1715 1716 1686 1716 1687 1687 1716 1717 1687 1717 1688 1688 1717 1718 1688 1718 1689 1689 1718 1719 1689 1719 1690 1690 1719 1720 1690 1720 1691 1691 1720 1721 1691 1721 1692 1692 1721 1722 1692 1722 1693 1693 1722 1723 1693 1723 103 1694 72 1724 1694 1724 1695 1695 1724 1725 1695 1725 1696 1696 1725 1726 1696 1726 1697 1697 1726 1727 1697 1727 1698 1698 1727 1728 1698 1728 1699 1699 1728 1729 1699 1729 1700 1700 1729 1730 1700 1730 1701 1701 1730 1731 1701 1731 1702 1702 1731 1732 1702 1732 1703 1703 1732 1733 1703 1733 1704 1704 1733 1734 1704 1734 1705 1705 1734 1735 1705 1735 1706 1706 1735 1736 1706 1736 1707 1707 1736 1737 1707 1737 1708 1708 1737 1738 1708 1738 1709 1709 1738 1739 1709 1739 1710 1710 1739 1740 1710 1740 1711 1711 1740 1741 1711 1741 1712 1712 1741 1742 1712 1742 1713 1713 1742 1743 1713 1743 1714 1714 1743 1744 1714 1744 1715 1715 1744 1745 1715 1745 1716 1716 1745 1746 1716 1746 1717 1717 1746 1747 1717 1747 1718 1718 1747 1748 1718 1748 1719 1719 1748 1749 1719 1749 1720 1720 1749 1750 1720 1750 1721 1721 1750 1751 1721 1751 1722 1722 1751 1752 1722 1752 1723 1723 1752 1753 1723 1753 103 1724 72 1754 1724 1754 1725 1725 1754 1755 1725 1755 1726 1726 1755 1756 1726 1756 1727 1727 1756 1757 1727 1757 1728 1728 1757 1758 1728 1758 1729 1729 1758 1759 1729 1759 1730 1730 1759 1760 1730 1760 1731 1731 1760 1761 1731 1761 1732 1732 1761 1762 1732 1762 1733 1733 1762 1763 1733 1763 1734 1734 1763 1764 1734 1764 1735 1735 1764 1765 1735 1765 1736 1736 1765 1766 1736 1766 1737 1737 1766 1767 1737 1767 1738 1738 1767 1768 1738 1768 1739 1739 1768 1769 1739 1769 1740 1740 1769 1770 1740 1770 1741 1741 1770 1771 1741 1771 1742 1742 1771 1772 1742 1772 1743 1743 1772 1773 1743 1773 1744 1744 1773 1774 1744 1774 1745 1745 1774 1775 1745 1775 1746 1746 1775 1776 1746 1776 1747 1747 1776 1777 1747 1777 1748 1748 1777 1778 1748 1778 1749 1749 1778 1779 1749 1779 1750 1750 1779 1780 1750 1780 1751 1751 1780 1781 1751 1781 1752 1752 1781 1782 1752 1782 1753 1753 1782 1783 1753 1783 103 1754 72 1784 1754 1784 1755 1755 1784 1785 1755 1785 1756 1756 1785 1786 1756 1786 1757 1757 1786 1787 1757 1787 1758 1758 1787 1788 1758 1788 1759 1759 1788 1789 1759 1789 1760 1760 1789 1790 1760 1790 1761 1761 1790 1791 1761 1791 1762 1762 1791 1792 1762 1792 1763 1763 1792 1793 1763 1793 1764 1764 1793 1794 1764 1794 1765 1765 1794 1795 1765 1795 1766 1766 1795 1796 1766 1796 1767 1767 1796 1797 1767 1797 1768 1768 1797 1798 1768 1798 1769 1769 1798 1799 1769 1799 1770 1770 1799 1800 1770 1800 1771 1771 1800 1801 1771 1801 1772 1772 1801 1802 1772 1802 1773 1773 1802 1803 1773 1803 1774 1774 1803 1804 1774 1804 1775 1775 1804 1805 1775 1805 1776 1776 1805 1806 1776 1806 1777 1777 1806 1807 1777 1807 1778 1778 1807 1808 1778 1808 1779 1779 1808 1809 1779 1809 1780 1780 1809 1810 1780 1810 1781 1781 1810 1811 1781 1811 1782 1782 1811 1812 1782 1812 1783 1783 1812 1813 1783 1813 103 1784 72 1814 1784 1814 1785 1785 1814 1815 1785 1815 1786 1786 1815 1816 1786 1816 1787 1787 1816 1817 1787 1817 1788 1788 1817 1818 1788 1818 1789 1789 1818 1819 1789 1819 1790 1790 1819 1820 1790 1820 1791 1791 1820 1821 1791 1821 1792 1792 1821 1822 1792 1822 1793 1793 1822 1823 1793 1823 1794 1794 1823 1824 1794 1824 1795 1795 1824 1825 1795 1825 1796 1796 1825 1826 1796 1826 1797 1797 1826 1827 1797 1827 1798 1798 1827 1828 1798 1828 1799 1799 1828 1829 1799 1829 1800 1800 1829 1830 1800 1830 1801 1801 1830 1831 1801 1831 1802 1802 1831 1832 1802 1832 1803 1803 1832 1833 1803 1833 1804 1804 1833 1834 1804 1834 1805 1805 1834 1835 1805 1835 1806 1806 1835 1836 1806 1836 1807 1807 1836 1837 1807 1837 1808 1808 1837 1838 1808 1838 1809 1809 1838 1839 1809 1839 1810 1810 1839 1840 1810 1840 1811 1811 1840 1841 1811 1841 1812 1812 1841 1842 1812 1842 1813 1813 1842 1843 1813 1843 103 1814 72 1844 1814 1844 1815 1815 1844 1845 1815 1845 1816 1816 1845 1846 1816 1846 1817 1817 1846 1847 1817 1847 1818 1818 1847 1848 1818 1848 1819 1819 1848 1849 1819 1849 1820 1820 1849 1850 1820 1850 1821 1821 1850 1851 1821 1851 1822 1822 1851 1852 1822 1852 1823 1823 1852 1853 1823 1853 1824 1824 1853 1854 1824 1854 1825 1825 1854 1855 1825 1855 1826 1826 1855 1856 1826 1856 1827 1827 1856 1857 1827 1857 1828 1828 1857 1858 1828 1858 1829 1829 1858 1859 1829 1859 1830 1830 1859 1860 1830 1860 1831 1831 1860 1861 1831 1861 1832 1832 1861 1862 1832 1862 1833 1833 1862 1863 1833 1863 1834 1834 1863 1864 1834 1864 1835 1835 1864 1865 1835 1865 1836 1836 1865 1866 1836 1866 1837 1837 1866 1867 1837 1867 1838 1838 1867 1868 1838 1868 1839 1839 1868 1869 1839 1869 1840 1840 1869 1870 1840 1870 1841 1841 1870 1871 1841 1871 1842 1842 1871 1872 1842 1872 1843 1843 1872 1873 1843 1873 103 1844 72 1874 1844 1874 1845 1845 1874 1875 1845 1875 1846 1846 1875 1876 1846 1876 1847 1847 1876 1877 1847 1877 1848 1848 1877 1878 1848 1878 1849 1849 1878 1879 1849 1879 1850 1850 1879 1880 1850 1880 1851 1851 1880 1881 1851 1881 1852 1852 1881 1882 1852 1882 1853 1853 1882 1883 1853 1883 1854 1854 1883 1884 1854 1884 1855 1855 1884 1885 1855 1885 1856 1856 1885 1886 1856 1886 1857 1857 1886 1887 1857 1887 1858 1858 1887 1888 1858 1888 1859 1859 1888 1889 1859 1889 1860 1860 1889 1890 1860 1890 1861 1861 1890 1891 1861 1891 1862 1862 1891 1892 1862 1892 1863 1863 1892 1893 1863 1893 1864 1864 1893 1894 1864 1894 1865 1865 1894 1895 1865 1895 1866 1866 1895 1896 1866 1896 1867 1867 1896 1897 1867 1897 1868 1868 1897 1898 1868 1898 1869 1869 1898 1899 1869 1899 1870 1870 1899 1900 1870 1900 1871 1871 1900 1901 1871 1901 1872 1872 1901 1902 1872 1902 1873 1873 1902 1903 1873 1903 103 1874 72 1904 1874 1904 1875 1875 1904 1905 1875 1905 1876 1876 1905 1906 1876 1906 1877 1877 1906 1907 1877 1907 1878 1878 1907 1908 1878 1908 1879 1879 1908 1909 1879 1909 1880 1880 1909 1910 1880 1910 1881 1881 1910 1911 1881 1911 1882 1882 1911 1912 1882 1912 1883 1883 1912 1913 1883 1913 1884 1884 1913 1914 1884 1914 1885 1885 1914 1915 1885 1915 1886 1886 1915 1916 1886 1916 1887 1887 1916 1917 1887 1917 1888 1888 1917 1918 1888 1918 1889 1889 1918 1919 1889 1919 1890 1890 1919 1920 1890 1920 1891 1891 1920 1921 1891 1921 1892 1892 1921 1922 1892 1922 1893 1893 1922 1923 1893 1923 1894 1894 1923 1924 1894 1924 1895 1895 1924 1925 1895 1925 1896 1896 1925 1926 1896 1926 1897 1897 1926 1927 1897 1927 1898 1898 1927 1928 1898 1928 1899 1899 1928 1929 1899 1929 1900 1900 1929 1930 1900 1930 1901 1901 1930 1931 1901 1931 1902 1902 1931 1932 1902 1932 1903 1903 1932 1933 1903 1933 103 1904 72 1934 1904 1934 1905 1905 1934 1935 1905 1935 1906 1906 1935 1936 1906 1936 1907 1907 1936 1937 1907 1937 1908 1908 1937 1938 1908 1938 1909 1909 1938 1939 1909 1939 1910 1910 1939 1940 1910 1940 1911 1911 1940 1941 1911 1941 1912 1912 1941 1942 1912 1942 1913 1913 1942 1943 1913 1943 1914 1914 1943 1944 1914 1944 1915 1915 1944 1945 1915 1945 1916 1916 1945 1946 1916 1946 1917 1917 1946 1947 1917 1947 1918 1918 1947 1948 1918 1948 1919 1919 1948 1949 1919 1949 1920 1920 1949 1950 1920 1950 1921 1921 1950 1951 1921 1951 1922 1922 1951 1952 1922 1952 1923 1923 1952 1953 1923 1953 1924 1924 1953 1954 1924 1954 1925 1925 1954 1955 1925 1955 1926 1926 1955 1956 1926 1956 1927 1927 1956 1957 1927 1957 1928 1928 1957 1958 1928 1958 1929 1929 1958 1959 1929 1959 1930 1930 1959 1960 1930 1960 1931 1931 1960 1961 1931 1961 1932 1932 1961 1962 1932 1962 1933 1933 1962 1963 1933 1963 103 1934 72 1964 1934 1964 1935 1935 1964 1965 1935 1965 1936 1936 1965 1966 1936 1966 1937 1937 1966 1967 1937 1967 1938 1938 1967 1968 1938 1968 1939 1939 1968 1969 1939 1969 1940 1940 1969 1970 1940 1970 1941 1941 1970 1971 1941 1971 1942 1942 1971 1972 1942 1972 1943 1943 1972 1973 1943 1973 1944 1944 1973 1974 1944 1974 1945 1945 1974 1975 1945 1975 1946 1946 1975 1976 1946 1976 1947 1947 1976 1977 1947 1977 1948 1948 1977 1978 1948 1978 1949 1949 1978 1979 1949 1979 1950 1950 1979 1980 1950 1980 1951 1951 1980 1981 1951 1981 1952 1952 1981 1982 1952 1982 1953 1953 1982 1983 1953 1983 1954 1954 1983 1984 1954 1984 1955 1955 1984 1985 1955 1985 1956 1956 1985 1986 1956 1986 1957 1957 1986 1987 1957 1987 1958 1958 1987 1988 1958 1988 1959 1959 1988 1989 1959 1989 1960 1960 1989 1990 1960 1990 1961 1961 1990 1991 1961 1991 1962 1962 1991 1992 1962 1992 1963 1963 1992 1993 1963 1993 103 1964 72 73 1964 73 1965 1965 73 74 1965 74 1966 1966 74 75 1966 75 1967 1967 75 76 1967 76 1968 1968 76 77 1968 77 1969 1969 77 78 1969 78 1970 1970 78 79 1970 79 1971 1971 79 80 1971 80 1972 1972 80 81 1972 81 1973 1973 81 82 1973 82 1974 1974 82 83 1974 83 1975 1975 83 84 1975 84 1976 1976 84 85 1976 85 1977 1977 85 86 1977 86 1978 1978 86 87 1978 87 1979 1979 87 88 1979 88 1980 1980 88 89 1980 89 1981 1981 89 90 1981 90 1982 1982 90 91 1982 91 1983 1983 91 92 1983 92 1984 1984 92 93 1984 93 1985 1985 93 94 1985 94 1986 1986 94 95 1986 95 1987 1987 95 96 1987 96 1988 1988 96 97 1988 97 1989 1989 97 98 1989 98 1990 1990 98 99 1990 99 1991 1991 99 100 1991 100 1992 1992 100 101 1992 101 1993 1993 101 102 1993 102 103 1995 1994 1998 1995 1998 1996 1996 1998 1999 1996 1999 1997 1998 1994 2000 1998 2000 1999 1999 2000 2001 1999 2001 1997 2000 1994 2002 2000 2002 2001 2001 2002 2003 2001 2003 1997 2002 1994 2004 2002 2004 2003 2003 2004 2005 2003 2005 1997 2004 1994 2006 2004 2006 2005 2005 2006 2007 2005 2007 1997 2006 1994 2008 2006 2008 2007 2007 2008 2009 2007 2009 1997 2008 1994 2010 2008 2010 2009 2009 2010 2011 2009 2011 1997 2010 1994 2012 2010 2012 2011 2011 2012 2013 2011 2013 1997 2012 1994 2014 2012 2014 2013 2013 2014 2015 2013 2015 1997 2014 1994 2016 2014 2016 2015 2015 2016 2017 2015 2017 1997 2016 1994 2018 2016 2018 2017 2017 2018 2019 2017 2019 1997 2018 1994 2020 2018 2020 2019 2019 2020 2021 2019 2021 1997 2020 1994 2022 2020 2022 2021 2021 2022 2023 2021 2023 1997 2022 1994 2024 2022 2024 2023 2023 2024 2025 2023 2025 1997 2024 1994 2026 2024 2026 2025 2025 2026 2027 2025 2027 1997 2026 1994 2028 2026 2028 2027 2027 2028 2029 2027 2029 1997 2028 1994 2030 2028 2030 2029 2029 2030 2031 2029 2031 1997 2030 1994 2032 2030 2032 2031 2031 2032 2033 2031 2033 1997 2032 1994 2034 2032 2034 2033 2033 2034 2035 2033 2035 1997 2034 1994 2036 2034 2036 2035 2035 2036 2037 2035 2037 1997 2036 1994 2038 2036 2038 2037 2037 2038 2039 2037 2039 1997 2038 1994 2040 2038 2040 2039 2039 2040 2041 2039 2041 1997 2040 1994 2042 2040 2042 2041 2041 2042 2043 2041 2043 1997 2042 1994 2044 2042 2044 2043 2043 2044 2045 2043 2045 1997 2044 1994 2046 2044 2046 2045 2045 2046 2047 2045 2047 1997 2046 1994 2048 2046 2048 2047 2047 2048 2049 2047 2049 1997 2048 1994 2050 2048 2050 2049 2049 2050 2051 2049 2051 1997 2050 1994 2052 2050 2052 2051 2051 2052 2053 2051 2053 1997 2052 1994 2054 2052 2054 2053 2053 2054 2055 2053 2055 1997 2054 1994 2056 2054 2056 2055 2055 2056 2057 2055 2057 1997 2056 1994 2058 2056 2058 2057 2057 2058 2059 2057 2059 1997 2058 1994 1995 2058 1995 2059 2059 1995 1996 2059 1996 1997 2061 2060 2092 2061 2092 2062 2062 2092 2093 2062 2093 2063 2063 2093 2094 2063 2094 2064 2064 2094 2095 2064 2095 2065 2065 2095 2096 2065 2096 2066 2066 2096 2097 2066 2097 2067 2067 2097 2098 2067 2098 2068 2068 2098 2099 2068 2099 2069 2069 2099 2100 2069 2100 2070 2070 2100 2101 2070 2101 2071 2071 2101 2102 2071 2102 2072 2072 2102 2103 2072 2103 2073 2073 2103 2104 2073 2104 2074 2074 2104 2105 2074 2105 2075 2075 2105 2106 2075 2106 2076 2076 2106 2107 2076 2107 2077 2077 2107 2108 2077 2108 2078 2078 2108 2109 2078 2109 2079 2079 2109 2110 2079 2110 2080 2080 2110 2111 2080 2111 2081 2081 2111 2112 2081 2112 2082 2082 2112 2113 2082 2113 2083 2083 2113 2114 2083 2114 2084 2084 2114 2115 2084 2115 2085 2085 2115 2116 2085 2116 2086 2086 2116 2117 2086 2117 2087 2087 2117 2118 2087 2118 2088 2088 2118 2119 2088 2119 2089 2089 2119 2120 2089 2120 2090 2090 2120 2121 2090 2121 2091 2092 2060 2122 2092 2122 2093 2093 2122 2123 2093 2123 2094 2094 2123 2124 2094 2124 2095 2095 2124 2125 2095 2125 2096 2096 2125 2126 2096 2126 2097 2097 2126 2127 2097 2127 2098 2098 2127 2128 2098 2128 2099 2099 2128 2129 2099 2129 2100 2100 2129 2130 2100 2130 2101 2101 2130 2131 2101 2131 2102 2102 2131 2132 2102 2132 2103 2103 2132 2133 2103 2133 2104 2104 2133 2134 2104 2134 2105 2105 2134 2135 2105 2135 2106 2106 2135 2136 2106 2136 2107 2107 2136 2137 2107 2137 2108 2108 2137 2138 2108 2138 2109 2109 2138 2139 2109 2139 2110 2110 2139 2140 2110 2140 2111 2111 2140 2141 2111 2141 2112 2112 2141 2142 2112 2142 2113 2113 2142 2143 2113 2143 2114 2114 2143 2144 2114 2144 2115 2115 2144 2145 2115 2145 2116 2116 2145 2146 2116 2146 2117 2117 2146 2147 2117 2147 2118 2118 2147 2148 2118 2148 2119 2119 2148 2149 2119 2149 2120 2120 2149 2150 2120 2150 2121 2121 2150 2151 2121 2151 2091 2122 2060 2152 2122 2152 2123 2123 2152 2153 2123 2153 2124 2124 2153 2154 2124 2154 2125 2125 2154 2155 2125 2155 2126 2126 2155 2156 2126 2156 2127 2127 2156 2157 2127 2157 2128 2128 2157 2158 2128 2158 2129 2129 2158 2159 2129 2159 2130 2130 2159 2160 2130 2160 2131 2131 2160 2161 2131 2161 2132 2132 2161 2162 2132 2162 2133 2133 2162 2163 2133 2163 2134 2134 2163 2164 2134 2164 2135 2135 2164 2165 2135 2165 2136 2136 2165 2166 2136 2166 2137 2137 2166 2167 2137 2167 2138 2138 2167 2168 2138 2168 2139 2139 2168 2169 2139 2169 2140 2140 2169 2170 2140 2170 2141 2141 2170 2171 2141 2171 2142 2142 2171 2172 2142 2172 2143 2143 2172 2173 2143 2173 2144 2144 2173 2174 2144 2174 2145 2145 2174 2175 2145 2175 2146 2146 2175 2176 2146 2176 2147 2147 2176 2177 2147 2177 2148 2148 2177 2178 2148 2178 2149 2149 2178 2179 2149 2179 2150 2150 2179 2180 2150 2180 2151 2151 2180 2181 2151 2181 2091 2152 2060 2182 2152 2182 2153 2153 2182 2183 2153 2183 2154 2154 2183 2184 2154 2184 2155 2155 2184 2185 2155 2185 2156 2156 2185 2186 2156 2186 2157 2157 2186 2187 2157 2187 2158 2158 2187 2188 2158 2188 2159 2159 2188 2189 2159 2189 2160 2160 2189 2190 2160 2190 2161 2161 2190 2191 2161 2191 2162 2162 2191 2192 2162 2192 2163 2163 2192 2193 2163 2193 2164 2164 2193 2194 2164 2194 2165 2165 2194 2195 2165 2195 2166 2166 2195 2196 2166 2196 2167 2167 2196 2197 2167 2197 2168 2168 2197 2198 2168 2198 2169 2169 2198 2199 2169 2199 2170 2170 2199 2200 2170 2200 2171 2171 2200 2201 2171 2201 2172 2172 2201 2202 2172 2202 2173 2173 2202 2203 2173 2203 2174 2174 2203 2204 2174 2204 2175 2175 2204 2205 2175 2205 2176 2176 2205 2206 2176 2206 2177 2177 2206 2207 2177 2207 2178 2178 2207 2208 2178 2208 2179 2179 2208 2209 2179 2209 2180 2180 2209 2210 2180 2210 2181 2181 2210 2211 2181 2211 2091 2182 2060 2212 2182 2212 2183 2183 2212 2213 2183 2213 2184 2184 2213 2214 2184 2214 2185 2185 2214 2215 2185 2215 2186 2186 2215 2216 2186 2216 2187 2187 2216 2217 2187 2217 2188 2188 2217 2218 2188 2218 2189 2189 2218 2219 2189 2219 2190 2190 2219 2220 2190 2220 2191 2191 2220 2221 2191 2221 2192 2192 2221 2222 2192 2222 2193 2193 2222 2223 2193 2223 2194 2194 2223 2224 2194 2224 2195 2195 2224 2225 2195 2225 2196 2196 2225 2226 2196 2226 2197 2197 2226 2227 2197 2227 2198 2198 2227 2228 2198 2228 2199 2199 2228 2229 2199 2229 2200 2200 2229 2230 2200 2230 2201 2201 2230 2231 2201 2231 2202 2202 2231 2232 2202 2232 2203 2203 2232 2233 2203 2233 2204 2204 2233 2234 2204 2234 2205 2205 2234 2235 2205 2235 2206 2206 2235 2236 2206 2236 2207 2207 2236 2237 2207 2237 2208 2208 2237 2238 2208 2238 2209 2209 2238 2239 2209 2239 2210 2210 2239 2240 2210 2240 2211 2211 2240 2241 2211 2241 2091 2212 2060 2242 2212 2242 2213 2213 2242 2243 2213 2243 2214 2214 2243 2244 2214 2244 2215 2215 2244 2245 2215 2245 2216 2216 2245 2246 2216 2246 2217 2217 2246 2247 2217 2247 2218 2218 2247 2248 2218 2248 2219 2219 2248 2249 2219 2249 2220 2220 2249 2250 2220 2250 2221 2221 2250 2251 2221 2251 2222 2222 2251 2252 2222 2252 2223 2223 2252 2253 2223 2253 2224 2224 2253 2254 2224 2254 2225 2225 2254 2255 2225 2255 2226 2226 2255 2256 2226 2256 2227 2227 2256 2257 2227 2257 2228 2228 2257 2258 2228 2258 2229 2229 2258 2259 2229 2259 2230 2230 2259 2260 2230 2260 2231 2231 2260 2261 2231 2261 2232 2232 2261 2262 2232 2262 2233 2233 2262 2263 2233 2263 2234 2234 2263 2264 2234 2264 2235 2235 2264 2265 2235 2265 2236 2236 2265 2266 2236 2266 2237 2237 2266 2267 2237 2267 2238 2238 2267 2268 2238 2268 2239 2239 2268 2269 2239 2269 2240 2240 2269 2270 2240 2270 2241 2241 2270 2271 2241 2271 2091 2242 2060 2272 2242 2272 2243 2243 2272 2273 2243 2273 2244 2244 2273 2274 2244 2274 2245 2245 2274 2275 2245 2275 2246 2246 2275 2276 2246 2276 2247 2247 2276 2277 2247 2277 2248 2248 2277 2278 2248 2278 2249 2249 2278 2279 2249 2279 2250 2250 2279 2280 2250 2280 2251 2251 2280 2281 2251 2281 2252 2252 2281 2282 2252 2282 2253 2253 2282 2283 2253 2283 2254 2254 2283 2284 2254 2284 2255 2255 2284 2285 2255 2285 2256 2256 2285 2286 2256 2286 2257 2257 2286 2287 2257 2287 2258 2258 2287 2288 2258 2288 2259 2259 2288 2289 2259 2289 2260 2260 2289 2290 2260 2290 2261 2261 2290 2291 2261 2291 2262 2262 2291 2292 2262 2292 2263 2263 2292 2293 2263 2293 2264 2264 2293 2294 2264 2294 2265 2265 2294 2295 2265 2295 2266 2266 2295 2296 2266 2296 2267 2267 2296 2297 2267 2297 2268 2268 2297 2298 2268 2298 2269 2269 2298 2299 2269 2299 2270 2270 2299 2300 2270 2300 2271 2271 2300 2301 2271 2301 2091 2272 2060 2302 2272 2302 2273 2273 2302 2303 2273 2303 2274 2274 2303 2304 2274 2304 2275 2275 2304 2305 2275 2305 2276 2276 2305 2306 2276 2306 2277 2277 2306 2307 2277 2307 2278 2278 2307 2308 2278 2308 2279 2279 2308 2309 2279 2309 2280 2280 2309 2310 2280 2310 2281 2281 2310 2311 2281 2311 2282 2282 2311 2312 2282 2312 2283 2283 2312 2313 2283 2313 2284 2284 2313 2314 2284 2314 2285 2285 2314 2315 2285 2315 2286 2286 2315 2316 2286 2316 2287 2287 2316 2317 2287 2317 2288 2288 2317 2318 2288 2318 2289 2289 2318 2319 2289 2319 2290 2290 2319 2320 2290 2320 2291 2291 2320 2321 2291 2321 2292 2292 2321 2322 2292 2322 2293 2293 2322 2323 2293 2323 2294 2294 2323 2324 2294 2324 2295 2295 2324 2325 2295 2325 2296 2296 2325 2326 2296 2326 2297 2297 2326 2327 2297 2327 2298 2298 2327 2328 2298 2328 2299 2299 2328 2329 2299 2329 2300 2300 2329 2330 2300 2330 2301 2301 2330 2331 2301 2331 2091 2302 2060 2332 2302 2332 2303 2303 2332 2333 2303 2333 2304 2304 2333 2334 2304 2334 2305 2305 2334 2335 2305 2335 2306 2306 2335 2336 2306 2336 2307 2307 2336 2337 2307 2337 2308 2308 2337 2338 2308 2338 2309 2309 2338 2339 2309 2339 2310 2310 2339 2340 2310 2340 2311 2311 2340 2341 2311 2341 2312 2312 2341 2342 2312 2342 2313 2313 2342 2343 2313 2343 2314 2314 2343 2344 2314 2344 2315 2315 2344 2345 2315 2345 2316 2316 2345 2346 2316 2346 2317 2317 2346 2347 2317 2347 2318 2318 2347 2348 2318 2348 2319 2319 2348 2349 2319 2349 2320 2320 2349 2350 2320 2350 2321 2321 2350 2351 2321 2351 2322 2322 2351 2352 2322 2352 2323 2323 2352 2353 2323 2353 2324 2324 2353 2354 2324 2354 2325 2325 2354 2355 2325 2355 2326 2326 2355 2356 2326 2356 2327 2327 2356 2357 2327 2357 2328 2328 2357 2358 2328 2358 2329 2329 2358 2359 2329 2359 2330 2330 2359 2360 2330 2360 2331 2331 2360 2361 2331 2361 2091 2332 2060 2362 2332 2362 2333 2333 2362 2363 2333 2363 2334 2334 2363 2364 2334 2364 2335 2335 2364 2365 2335 2365 2336 2336 2365 2366 2336 2366 2337 2337 2366 2367 2337 2367 2338 2338 2367 2368 2338 2368 2339 2339 2368 2369 2339 2369 2340 2340 2369 2370 2340 2370 2341 2341 2370 2371 2341 2371 2342 2342 2371 2372 2342 2372 2343 2343 2372 2373 2343 2373 2344 2344 2373 2374 2344 2374 2345 2345 2374 2375 2345 2375 2346 2346 2375 2376 2346 2376 2347 2347 2376 2377 2347 2377 2348 2348 2377 2378 2348 2378 2349 2349 2378 2379 2349 2379 2350 2350 2379 2380 2350 2380 2351 2351 2380 2381 2351 2381 2352 2352 2381 2382 2352 2382 2353 2353 2382 2383 2353 2383 2354 2354 2383 2384 2354 2384 2355 2355 2384 2385 2355 2385 2356 2356 2385 2386 2356 2386 2357 2357 2386 2387 2357 2387 2358 2358 2387 2388 2358 2388 2359 2359 2388 2389 2359 2389 2360 2360 2389 2390 2360 2390 2361 2361 2390 2391 2361 2391 2091 2362 2060 2392 2362 2392 2363 2363 2392 2393 2363 2393 2364 2364 2393 2394 2364 2394 2365 2365 2394 2395 2365 2395 2366 2366 2395 2396 2366 2396 2367 2367 2396 2397 2367 2397 2368 2368 2397 2398 2368 2398 2369 2369 2398 2399 2369 2399 2370 2370 2399 2400 2370 2400 2371 2371 2400 2401 2371 2401 2372 2372 2401 2402 2372 2402 2373 2373 2402 2403 2373 2403 2374 2374 2403 2404 2374 2404 2375 2375 2404 2405 2375 2405 2376 2376 2405 2406 2376 2406 2377 2377 2406 2407 2377 2407 2378 2378 2407 2408 2378 2408 2379 2379 2408 2409 2379 2409 2380 2380 2409 2410 2380 2410 2381 2381 2410 2411 2381 2411 2382 2382 2411 2412 2382 2412 2383 2383 2412 2413 2383 2413 2384 2384 2413 2414 2384 2414 2385 2385 2414 2415 2385 2415 2386 2386 2415 2416 2386 2416 2387 2387 2416 2417 2387 2417 2388 2388 2417 2418 2388 2418 2389 2389 2418 2419 2389 2419 2390 2390 2419 2420 2390 2420 2391 2391 2420 2421 2391 2421 2091 2392 2060 2422 2392 2422 2393 2393 2422 2423 2393 2423 2394 2394 2423 2424 2394 2424 2395 2395 2424 2425 2395 2425 2396 2396 2425 2426 2396 2426 2397 2397 2426 2427 2397 2427 2398 2398 2427 2428 2398 2428 2399 2399 2428 2429 2399 2429 2400 2400 2429 2430 2400 2430 2401 2401 2430 2431 2401 2431 2402 2402 2431 2432 2402 2432 2403 2403 2432 2433 2403 2433 2404 2404 2433 2434 2404 2434 2405 2405 2434 2435 2405 2435 2406 2406 2435 2436 2406 2436 2407 2407 2436 2437 2407 2437 2408 2408 2437 2438 2408 2438 2409 2409 2438 2439 2409 2439 2410 2410 2439 2440 2410 2440 2411 2411 2440 2441 2411 2441 2412 2412 2441 2442 2412 2442 2413 2413 2442 2443 2413 2443 2414 2414 2443 2444 2414 2444 2415 2415 2444 2445 2415 2445 2416 2416 2445 2446 2416 2446 2417 2417 2446 2447 2417 2447 2418 2418 2447 2448 2418 2448 2419 2419 2448 2449 2419 2449 2420 2420 2449 2450 2420 2450 2421 2421 2450 2451 2421 2451 2091 2422 2060 2452 2422 2452 2423 2423 2452 2453 2423 2453 2424 2424 2453 2454 2424 2454 2425 2425 2454 2455 2425 2455 2426 2426 2455 2456 2426 2456 2427 2427 2456 2457 2427 2457 2428 2428 2457 2458 2428 2458 2429 2429 2458 2459 2429 2459 2430 2430 2459 2460 2430 2460 2431 2431 2460 2461 2431 2461 2432 2432 2461 2462 2432 2462 2433 2433 2462 2463 2433 2463 2434 2434 2463 2464 2434 2464 2435 2435 2464 2465 2435 2465 2436 2436 2465 2466 2436 2466 2437 2437 2466 2467 2437 2467 2438 2438 2467 2468 2438 2468 2439 2439 2468 2469 2439 2469 2440 2440 2469 2470 2440 2470 2441 2441 2470 2471 2441 2471 2442 2442 2471 2472 2442 2472 2443 2443 2472 2473 2443 2473 2444 2444 2473 2474 2444 2474 2445 2445 2474 2475 2445 2475 2446 2446 2475 2476 2446 2476 2447 2447 2476 2477 2447 2477 2448 2448 2477 2478 2448 2478 2449 2449 2478 2479 2449 2479 2450 2450 2479 2480 2450 2480 2451 2451 2480 2481 2451 2481 2091 2452 2060 2482 2452 2482 2453 2453 2482 2483 2453 2483 2454 2454 2483 2484 2454 2484 2455 2455 2484 2485 2455 2485 2456 2456 2485 2486 2456 2486 2457 2457 2486 2487 2457 2487 2458 2458 2487 2488 2458 2488 2459 2459 2488 2489 2459 2489 2460 2460 2489 2490 2460 2490 2461 2461 2490 2491 2461 2491 2462 2462 2491 2492 2462 2492 2463 2463 2492 2493 2463 2493 2464 2464 2493 2494 2464 2494 2465 2465 2494 2495 2465 2495 2466 2466 2495 2496 2466 2496 2467 2467 2496 2497 2467 2497 2468 2468 2497 2498 2468 2498 2469 2469 2498 2499 2469 2499 2470 2470 2499 2500 2470 2500 2471 2471 2500 2501 2471 2501 2472 2472 2501 2502 2472 2502 2473 2473 2502 2503 2473 2503 2474 2474 2503 2504 2474 2504 2475 2475 2504 2505 2475 2505 2476 2476 2505 2506 2476 2506 2477 2477 2506 2507 2477 2507 2478 2478 2507 2508 2478 2508 2479 2479 2508 2509 2479 2509 2480 2480 2509 2510 2480 2510 2481 2481 2510 2511 2481 2511 2091 2482 2060 2512 2482 2512 2483 2483 2512 2513 2483 2513 2484 2484 2513 2514 2484 2514 2485 2485 2514 2515 2485 2515 2486 2486 2515 2516 2486 2516 2487 2487 2516 2517 2487 2517 2488 2488 2517 2518 2488 2518 2489 2489 2518 2519 2489 2519 2490 2490 2519 2520 2490 2520 2491 2491 2520 2521 2491 2521 2492 2492 2521 2522 2492 2522 2493 2493 2522 2523 2493 2523 2494 2494 2523 2524 2494 2524 2495 2495 2524 2525 2495 2525 2496 2496 2525 2526 2496 2526 2497 2497 2526 2527 2497 2527 2498 2498 2527 2528 2498 2528 2499 2499 2528 2529 2499 2529 2500 2500 2529 2530 2500 2530 2501 2501 2530 2531 2501 2531 2502 2502 2531 2532 2502 2532 2503 2503 2532 2533 2503 2533 2504 2504 2533 2534 2504 2534 2505 2505 2534 2535 2505 2535 2506 2506 2535 2536 2506 2536 2507 2507 2536 2537 2507 2537 2508 2508 2537 2538 2508 2538 2509 2509 2538 2539 2509 2539 2510 2510 2539 2540 2510 2540 2511 2511 2540 2541 2511 2541 2091 2512 2060 2542 2512 2542 2513 2513 2542 2543 2513 2543 2514 2514 2543 2544 2514 2544 2515 2515 2544 2545 2515 2545 2516 2516 2545 2546 2516 2546 2517 2517 2546 2547 2517 2547 2518 2518 2547 2548 2518 2548 2519 2519 2548 2549 2519 2549 2520 2520 2549 2550 2520 2550 2521 2521 2550 2551 2521 2551 2522 2522 2551 2552 2522 2552 2523 2523 2552 2553 2523 2553 2524 2524 2553 2554 2524 2554 2525 2525 2554 2555 2525 2555 2526 2526 2555 2556 2526 2556 2527 2527 2556 2557 2527 2557 2528 2528 2557 2558 2528 2558 2529 2529 2558 2559 2529 2559 2530 2530 2559 2560 2530 2560 2531 2531 2560 2561 2531 2561 2532 2532 2561 2562 2532 2562 2533 2533 2562 2563 2533 2563 2534 2534 2563 2564 2534 2564 2535 2535 2564 2565 2535 2565 2536 2536 2565 2566 2536 2566 2537 2537 2566 2567 2537 2567 2538 2538 2567 2568 2538 2568 2539 2539 2568 2569 2539 2569 2540 2540 2569 2570 2540 2570 2541 2541 2570 2571 2541 2571 2091 2542 2060 2572 2542 2572 2543 2543 2572 2573 2543 2573 2544 2544 2573 2574 2544 2574 2545 2545 2574 2575 2545 2575 2546 2546 2575 2576 2546 2576 2547 2547 2576 2577 2547 2577 2548 2548 2577 2578 2548 2578 2549 2549 2578 2579 2549 2579 2550 2550 2579 2580 2550 2580 2551 2551 2580 2581 2551 2581 2552 2552 2581 2582 2552 2582 2553 2553 2582 2583 2553 2583 2554 2554 2583 2584 2554 2584 2555 2555 2584 2585 2555 2585 2556 2556 2585 2586 2556 2586 2557 2557 2586 2587 2557 2587 2558 2558 2587 2588 2558 2588 2559 2559 2588 2589 2559 2589 2560 2560 2589 2590 2560 2590 2561 2561 2590 2591 2561 2591 2562 2562 2591 2592 2562 2592 2563 2563 2592 2593 2563 2593 2564 2564 2593 2594 2564 2594 2565 2565 2594 2595 2565 2595 2566 2566 2595 2596 2566 2596 2567 2567 2596 2597 2567 2597 2568 2568 2597 2598 2568 2598 2569 2569 2598 2599 2569 2599 2570 2570 2599 2600 2570 2600 2571 2571 2600 2601 2571 2601 2091 2572 2060 2602 2572 2602 2573 2573 2602 2603 2573 2603 2574 2574 2603 2604 2574 2604 2575 2575 2604 2605 2575 2605 2576 2576 2605 2606 2576 2606 2577 2577 2606 2607 2577 2607 2578 2578 2607 2608 2578 2608 2579 2579 2608 2609 2579 2609 2580 2580 2609 2610 2580 2610 2581 2581 2610 2611 2581 2611 2582 2582 2611 2612 2582 2612 2583 2583 2612 2613 2583 2613 2584 2584 2613 2614 2584 2614 2585 2585 2614 2615 2585 2615 2586 2586 2615 2616 2586 2616 2587 2587 2616 2617 2587 2617 2588 2588 2617 2618 2588 2618 2589 2589 2618 2619 2589 2619 2590 2590 2619 2620 2590 2620 2591 2591 2620 2621 2591 2621 2592 2592 2621 2622 2592 2622 2593 2593 2622 2623 2593 2623 2594 2594 2623 2624 2594 2624 2595 2595 2624 2625 2595 2625 2596 2596 2625 2626 2596 2626 2597 2597 2626 2627 2597 2627 2598 2598 2627 2628 2598 2628 2599 2599 2628 2629 2599 2629 2600 2600 2629 2630 2600 2630 2601 2601 2630 2631 2601 2631 2091 2602 2060 2632 2602 2632 2603 2603 2632 2633 2603 2633 2604 2604 2633 2634 2604 2634 2605 2605 2634 2635 2605 2635 2606 2606 2635 2636 2606 2636 2607 2607 2636 2637 2607 2637 2608 2608 2637 2638 2608 2638 2609 2609 2638 2639 2609 2639 2610 2610 2639 2640 2610 2640 2611 2611 2640 2641 2611 2641 2612 2612 2641 2642 2612 2642 2613 2613 2642 2643 2613 2643 2614 2614 2643 2644 2614 2644 2615 2615 2644 2645 2615 2645 2616 2616 2645 2646 2616 2646 2617 2617 2646 2647 2617 2647 2618 2618 2647 2648 2618 2648 2619 2619 2648 2649 2619 2649 2620 2620 2649 2650 2620 2650 2621 2621 2650 2651 2621 2651 2622 2622 2651 2652 2622 2652 2623 2623 2652 2653 2623 2653 2624 2624 2653 2654 2624 2654 2625 2625 2654 2655 2625 2655 2626 2626 2655 2656 2626 2656 2627 2627 2656 2657 2627 2657 2628 2628 2657 2658 2628 2658 2629 2629 2658 2659 2629 2659 2630 2630 2659 2660 2630 2660 2631 2631 2660 2661 2631 2661 2091 2632 2060 2662 2632 2662 2633 2633 2662 2663 2633 2663 2634 2634 2663 2664 2634 2664 2635 2635 2664 2665 2635 2665 2636 2636 2665 2666 2636 2666 2637 2637 2666 2667 2637 2667 2638 2638 2667 2668 2638 2668 2639 2639 2668 2669 2639 2669 2640 2640 2669 2670 2640 2670 2641 2641 2670 2671 2641 2671 2642 2642 2671 2672 2642 2672 2643 2643 2672 2673 2643 2673 2644 2644 2673 2674 2644 2674 2645 2645 2674 2675 2645 2675 2646 2646 2675 2676 2646 2676 2647 2647 2676 2677 2647 2677 2648 2648 2677 2678 2648 2678 2649 2649 2678 2679 2649 2679 2650 2650 2679 2680 2650 2680 2651 2651 2680 2681 2651 2681 2652 2652 2681 2682 2652 2682 2653 2653 2682 2683 2653 2683 2654 2654 2683 2684 2654 2684 2655 2655 2684 2685 2655 2685 2656 2656 2685 2686 2656 2686 2657 2657 2686 2687 2657 2687 2658 2658 2687 2688 2658 2688 2659 2659 2688 2689 2659 2689 2660 2660 2689 2690 2660 2690 2661 2661 2690 2691 2661 2691 2091 2662 2060 2692 2662 2692 2663 2663 2692 2693 2663 2693 2664 2664 2693 2694 2664 2694 2665 2665 2694 2695 2665 2695 2666 2666 2695 2696 2666 2696 2667 2667 2696 2697 2667 2697 2668 2668 2697 2698 2668 2698 2669 2669 2698 2699 2669 2699 2670 2670 2699 2700 2670 2700 2671 2671 2700 2701 2671 2701 2672 2672 2701 2702 2672 2702 2673 2673 2702 2703 2673 2703 2674 2674 2703 2704 2674 2704 2675 2675 2704 2705 2675 2705 2676 2676 2705 2706 2676 2706 2677 2677 2706 2707 2677 2707 2678 2678 2707 2708 2678 2708 2679 2679 2708 2709 2679 2709 2680 2680 2709 2710 2680 2710 2681 2681 2710 2711 2681 2711 2682 2682 2711 2712 2682 2712 2683 2683 2712 2713 2683 2713 2684 2684 2713 2714 2684 2714 2685 2685 2714 2715 2685 2715 2686 2686 2715 2716 2686 2716 2687 2687 2716 2717 2687 2717 2688 2688 2717 2718 2688 2718 2689 2689 2718 2719 2689 2719 2690 2690 2719 2720 2690 2720 2691 2691 2720 2721 2691 2721 2091 2692 2060 2722 2692 2722 2693 2693 2722 2723 2693 2723 2694 2694 2723 2724 2694 2724 2695 2695 2724 2725 2695 2725 2696 2696 2725 2726 2696 2726 2697 2697 2726 2727 2697 2727 2698 2698 2727 2728 2698 2728 2699 2699 2728 2729 2699 2729 2700 2700 2729 2730 2700 2730 2701 2701 2730 2731 2701 2731 2702 2702 2731 2732 2702 2732 2703 2703 2732 2733 2703 2733 2704 2704 2733 2734 2704 2734 2705 2705 2734 2735 2705 2735 2706 2706 2735 2736 2706 2736 2707 2707 2736 2737 2707 2737 2708 2708 2737 2738 2708 2738 2709 2709 2738 2739 2709 2739 2710 2710 2739 2740 2710 2740 2711 2711 2740 2741 2711 2741 2712 2712 2741 2742 2712 2742 2713 2713 2742 2743 2713 2743 2714 2714 2743 2744 2714 2744 2715 2715 2744 2745 2715 2745 2716 2716 2745 2746 2716 2746 2717 2717 2746 2747 2717 2747 2718 2718 2747 2748 2718 2748 2719 2719 2748 2749 2719 2749 2720 2720 2749 2750 2720 2750 2721 2721 2750 2751 2721 2751 2091 2722 2060 2752 2722 2752 2723 2723 2752 2753 2723 2753 2724 2724 2753 2754 2724 2754 2725 2725 2754 2755 2725 2755 2726 2726 2755 2756 2726 2756 2727 2727 2756 2757 2727 2757 2728 2728 2757 2758 2728 2758 2729 2729 2758 2759 2729 2759 2730 2730 2759 2760 2730 2760 2731 2731 2760 2761 2731 2761 2732 2732 2761 2762 2732 2762 2733 2733 2762 2763 2733 2763 2734 2734 2763 2764 2734 2764 2735 2735 2764 2765 2735 2765 2736 2736 2765 2766 2736 2766 2737 2737 2766 2767 2737 2767 2738 2738 2767 2768 2738 2768 2739 2739 2768 2769 2739 2769 2740 2740 2769 2770 2740 2770 2741 2741 2770 2771 2741 2771 2742 2742 2771 2772 2742 2772 2743 2743 2772 2773 2743 2773 2744 2744 2773 2774 2744 2774 2745 2745 2774 2775 2745 2775 2746 2746 2775 2776 2746 2776 2747 2747 2776 2777 2747 2777 2748 2748 2777 2778 2748 2778 2749 2749 2778 2779 2749 2779 2750 2750 2779 2780 2750 2780 2751 2751 2780 2781 2751 2781 2091 2752 2060 2782 2752 2782 2753 2753 2782 2783 2753 2783 2754 2754 2783 2784 2754 2784 2755 2755 2784 2785 2755 2785 2756 2756 2785 2786 2756 2786 2757 2757 2786 2787 2757 2787 2758 2758 2787 2788 2758 2788 2759 2759 2788 2789 2759 2789 2760 2760 2789 2790 2760 2790 2761 2761 2790 2791 2761 2791 2762 2762 2791 2792 2762 2792 2763 2763 2792 2793 2763 2793 2764 2764 2793 2794 2764 2794 2765 2765 2794 2795 2765 2795 2766 2766 2795 2796 2766 2796 2767 2767 2796 2797 2767 2797 2768 2768 2797 2798 2768 2798 2769 2769 2798 2799 2769 2799 2770 2770 2799 2800 2770 2800 2771 2771 2800 2801 2771 2801 2772 2772 2801 2802 2772 2802 2773 2773 2802 2803 2773 2803 2774 2774 2803 2804 2774 2804 2775 2775 2804 2805 2775 2805 2776 2776 2805 2806 2776 2806 2777 2777 2806 2807 2777 2807 2778 2778 2807 2808 2778 2808 2779 2779 2808 2809 2779 2809 2780 2780 2809 2810 2780 2810 2781 2781 2810 2811 2781 2811 2091 2782 2060 2812 2782 2812 2783 2783 2812 2813 2783 2813 2784 2784 2813 2814 2784 2814 2785 2785 2814 2815 2785 2815 2786 2786 2815 2816 2786 2816 2787 2787 2816 2817 2787 2817 2788 2788 2817 2818 2788 2818 2789 2789 2818 2819 2789 2819 2790 2790 2819 2820 2790 2820 2791 2791 2820 2821 2791 2821 2792 2792 2821 2822 2792 2822 2793 2793 2822 2823 2793 2823 2794 2794 2823 2824 2794 2824 2795 2795 2824 2825 2795 2825 2796 2796 2825 2826 2796 2826 2797 2797 2826 2827 2797 2827 2798 2798 2827 2828 2798 2828 2799 2799 2828 2829 2799 2829 2800 2800 2829 2830 2800 2830 2801 2801 2830 2831 2801 2831 2802 2802 2831 2832 2802 2832 2803 2803 2832 2833 2803 2833 2804 2804 2833 2834 2804 2834 2805 2805 2834 2835 2805 2835 2806 2806 2835 2836 2806 2836 2807 2807 2836 2837 2807 2837 2808 2808 2837 2838 2808 2838 2809 2809 2838 2839 2809 2839 2810 2810 2839 2840 2810 2840 2811 2811 2840 2841 2811 2841 2091 2812 2060 2842 2812 2842 2813 2813 2842 2843 2813 2843 2814 2814 2843 2844 2814 2844 2815 2815 2844 2845 2815 2845 2816 2816 2845 2846 2816 2846 2817 2817 2846 2847 2817 2847 2818 2818 2847 2848 2818 2848 2819 2819 2848 2849 2819 2849 2820 2820 2849 2850 2820 2850 2821 2821 2850 2851 2821 2851 2822 2822 2851 2852 2822 2852 2823 2823 2852 2853 2823 2853 2824 2824 2853 2854 2824 2854 2825 2825 2854 2855 2825 2855 2826 2826 2855 2856 2826 2856 2827 2827 2856 2857 2827 2857 2828 2828 2857 2858 2828 2858 2829 2829 2858 2859 2829 2859 2830 2830 2859 2860 2830 2860 2831 2831 2860 2861 2831 2861 2832 2832 2861 2862 2832 2862 2833 2833 2862 2863 2833 2863 2834 2834 2863 2864 2834 2864 2835 2835 2864 2865 2835 2865 2836 2836 2865 2866 2836 2866 2837 2837 2866 2867 2837 2867 2838 2838 2867 2868 2838 2868 2839 2839 2868 2869 2839 2869 2840 2840 2869 2870 2840 2870 2841 2841 2870 2871 2841 2871 2091 2842 2060 2872 2842 2872 2843 2843 2872 2873 2843 2873 2844 2844 2873 2874 2844 2874 2845 2845 2874 2875 2845 2875 2846 2846 2875 2876 2846 2876 2847 2847 2876 2877 2847 2877 2848 2848 2877 2878 2848 2878 2849 2849 2878 2879 2849 2879 2850 2850 2879 2880 2850 2880 2851 2851 2880 2881 2851 2881 2852 2852 2881 2882 2852 2882 2853 2853 2882 2883 2853 2883 2854 2854 2883 2884 2854 2884 2855 2855 2884 2885 2855 2885 2856 2856 2885 2886 2856 2886 2857 2857 2886 2887 2857 2887 2858 2858 2887 2888 2858 2888 2859 2859 2888 2889 2859 2889 2860 2860 2889 2890 2860 2890 2861 2861 2890 2891 2861 2891 2862 2862 2891 2892 2862 2892 2863 2863 2892 2893 2863 2893 2864 2864 2893 2894 2864 2894 2865 2865 2894 2895 2865 2895 2866 2866 2895 2896 2866 2896 2867 2867 2896 2897 2867 2897 2868 2868 2897 2898 2868 2898 2869 2869 2898 2899 2869 2899 2870 2870 2899 2900 2870 2900 2871 2871 2900 2901 2871 2901 2091 2872 2060 2902 2872 2902 2873 2873 2902 2903 2873 2903 2874 2874 2903 2904 2874 2904 2875 2875 2904 2905 2875 2905 2876 2876 2905 2906 2876 2906 2877 2877 2906 2907 2877 2907 2878 2878 2907 2908 2878 2908 2879 2879 2908 2909 2879 2909 2880 2880 2909 2910 2880 2910 2881 2881 2910 2911 2881 2911 2882 2882 2911 2912 2882 2912 2883 2883 2912 2913 2883 2913 2884 2884 2913 2914 2884 2914 2885 2885 2914 2915 2885 2915 2886 2886 2915 2916 2886 2916 2887 2887 2916 2917 2887 2917 2888 2888 2917 2918 2888 2918 2889 2889 2918 2919 2889 2919 2890 2890 2919 2920 2890 2920 2891 2891 2920 2921 2891 2921 2892 2892 2921 2922 2892 2922 2893 2893 2922 2923 2893 2923 2894 2894 2923 2924 2894 2924 2895 2895 2924 2925 2895 2925 2896 2896 2925 2926 2896 2926 2897 2897 2926 2927 2897 2927 2898 2898 2927 2928 2898 2928 2899 2899 2928 2929 2899 2929 2900 2900 2929 2930 2900 2930 2901 2901 2930 2931 2901 2931 2091 2902 2060 2932 2902 2932 2903 2903 2932 2933 2903 2933 2904 2904 2933 2934 2904 2934 2905 2905 2934 2935 2905 2935 2906 2906 2935 2936 2906 2936 2907 2907 2936 2937 2907 2937 2908 2908 2937 2938 2908 2938 2909 2909 2938 2939 2909 2939 2910 2910 2939 2940 2910 2940 2911 2911 2940 2941 2911 2941 2912 2912 2941 2942 2912 2942 2913 2913 2942 2943 2913 2943 2914 2914 2943 2944 2914 2944 2915 2915 2944 2945 2915 2945 2916 2916 2945 2946 2916 2946 2917 2917 2946 2947 2917 2947 2918 2918 2947 2948 2918 2948 2919 2919 2948 2949 2919 2949 2920 2920 2949 2950 2920 2950 2921 2921 2950 2951 2921 2951 2922 2922 2951 2952 2922 2952 2923 2923 2952 2953 2923 2953 2924 2924 2953 2954 2924 2954 2925 2925 2954 2955 2925 2955 2926 2926 2955 2956 2926 2956 2927 2927 2956 2957 2927 2957 2928 2928 2957 2958 2928 2958 2929 2929 2958 2959 2929 2959 2930 2930 2959 2960 2930 2960 2931 2931 2960 2961 2931 2961 2091 2932 2060 2962 2932 2962 2933 2933 2962 2963 2933 2963 2934 2934 2963 2964 2934 2964 2935 2935 2964 2965 2935 2965 2936 2936 2965 2966 2936 2966 2937 2937 2966 2967 2937 2967 2938 2938 2967 2968 2938 2968 2939 2939 2968 2969 2939 2969 2940 2940 2969 2970 2940 2970 2941 2941 2970 2971 2941 2971 2942 2942 2971 2972 2942 2972 2943 2943 2972 2973 2943 2973 2944 2944 2973 2974 2944 2974 2945 2945 2974 2975 2945 2975 2946 2946 2975 2976 2946 2976 2947 2947 2976 2977 2947 2977 2948 2948 2977 2978 2948 2978 2949 2949 2978 2979 2949 2979 2950 2950 2979 2980 2950 2980 2951 2951 2980 2981 2951 2981 2952 2952 2981 2982 2952 2982 2953 2953 2982 2983 2953 2983 2954 2954 2983 2984 2954 2984 2955 2955 2984 2985 2955 2985 2956 2956 2985 2986 2956 2986 2957 2957 2986 2987 2957 2987 2958 2958 2987 2988 2958 2988 2959 2959 2988 2989 2959 2989 2960 2960 2989 2990 2960 2990 2961 2961 2990 2991 2961 2991 2091 2962 2060 2992 2962 2992 2963 2963 2992 2993 2963 2993 2964 2964 2993 2994 2964 2994 2965 2965 2994 2995 2965 2995 2966 2966 2995 2996 2966 2996 2967 2967 2996 2997 2967 2997 2968 2968 2997 2998 2968 2998 2969 2969 2998 2999 2969 2999 2970 2970 2999 3000 2970 3000 2971 2971 3000 3001 2971 3001 2972 2972 3001 3002 2972 3002 2973 2973 3002 3003 2973 3003 2974 2974 3003 3004 2974 3004 2975 2975 3004 3005 2975 3005 2976 2976 3005 3006 2976 3006 2977 2977 3006 3007 2977 3007 2978 2978 3007 3008 2978 3008 2979 2979 3008 3009 2979 3009 2980 2980 3009 3010 2980 3010 2981 2981 3010 3011 2981 3011 2982 2982 3011 3012 2982 3012 2983 2983 3012 3013 2983 3013 2984 2984 3013 3014 2984 3014 2985 2985 3014 3015 2985 3015 2986 2986 3015 3016 2986 3016 2987 2987 3016 3017 2987 3017 2988 2988 3017 3018 2988 3018 2989 2989 3018 3019 2989 3019 2990 2990 3019 3020 2990 3020 2991 2991 3020 3021 2991 3021 2091 2992 2060 3022 2992 3022 2993 2993 3022 3023 2993 3023 2994 2994 3023 3024 2994 3024 2995 2995 3024 3025 2995 3025 2996 2996 3025 3026 2996 3026 2997 2997 3026 3027 2997 3027 2998 2998 3027 3028 2998 3028 2999 2999 3028 3029 2999 3029 3000 3000 3029 3030 3000 3030 3001 3001 3030 3031 3001 3031 3002 3002 3031 3032 3002 3032 3003 3003 3032 3033 3003 3033 3004 3004 3033 3034 3004 3034 3005 3005 3034 3035 3005 3035 3006 3006 3035 3036 3006 3036 3007 3007 3036 3037 3007 3037 3008 3008 3037 3038 3008 3038 3009 3009 3038 3039 3009 3039 3010 3010 3039 3040 3010 3040 3011 3011 3040 3041 3011 3041 3012 3012 3041 3042 3012 3042 3013 3013 3042 3043 3013 3043 3014 3014 3043 3044 3014 3044 3015 3015 3044 3045 3015 3045 3016 3016 3045 3046 3016 3046 3017 3017 3046 3047 3017 3047 3018 3018 3047 3048 3018 3048 3019 3019 3048 3049 3019 3049 3020 3020 3049 3050 3020 3050 3021 3021 3050 3051 3021 3051 2091 3022 2060 3052 3022 3052 3023 3023 3052 3053 3023 3053 3024 3024 3053 3054 3024 3054 3025 3025 3054 3055 3025 3055 3026 3026 3055 3056 3026 3056 3027 3027 3056 3057 3027 3057 3028 3028 3057 3058 3028 3058 3029 3029 3058 3059 3029 3059 3030 3030 3059 3060 3030 3060 3031 3031 3060 3061 3031 3061 3032 3032 3061 3062 3032 3062 3033 3033 3062 3063 3033 3063 3034 3034 3063 3064 3034 3064 3035 3035 3064 3065 3035 3065 3036 3036 3065 3066 3036 3066 3037 3037 3066 3067 3037 3067 3038 3038 3067 3068 3038 3068 3039 3039 3068 3069 3039 3069 3040 3040 3069 3070 3040 3070 3041 3041 3070 3071 3041 3071 3042 3042 3071 3072 3042 3072 3043 3043 3072 3073 3043 3073 3044 3044 3073 3074 3044 3074 3045 3045 3074 3075 3045 3075 3046 3046 3075 3076 3046 3076 3047 3047 3076 3077 3047 3077 3048 3048 3077 3078 3048 3078 3049 3049 3078 3079 3049 3079 3050 3050 3079 3080 3050 3080 3051 3051 3080 3081 3051 3081 2091 3052 2060 3082 3052 3082 3053 3053 3082 3083 3053 3083 3054 3054 3083 3084 3054 3084 3055 3055 3084 3085 3055 3085 3056 3056 3085 3086 3056 3086 3057 3057 3086 3087 3057 3087 3058 3058 3087 3088 3058 3088 3059 3059 3088 3089 3059 3089 3060 3060 3089 3090 3060 3090 3061 3061 3090 3091 3061 3091 3062 3062 3091 3092 3062 3092 3063 3063 3092 3093 3063 3093 3064 3064 3093 3094 3064 3094 3065 3065 3094 3095 3065 3095 3066 3066 3095 3096 3066 3096 3067 3067 3096 3097 3067 3097 3068 3068 3097 3098 3068 3098 3069 3069 3098 3099 3069 3099 3070 3070 3099 3100 3070 3100 3071 3071 3100 3101 3071 3101 3072 3072 3101 3102 3072 3102 3073 3073 3102 3103 3073 3103 3074 3074 3103 3104 3074 3104 3075 3075 3104 3105 3075 3105 3076 3076 3105 3106 3076 3106 3077 3077 3106 3107 3077 3107 3078 3078 3107 3108 3078 3108 3079 3079 3108 3109 3079 3109 3080 3080 3109 3110 3080 3110 3081 3081 3110 3111 3081 3111 2091 3082 2060 3112 3082 3112 3083 3083 3112 3113 3083 3113 3084 3084 3113 3114 3084 3114 3085 3085 3114 3115 3085 3115 3086 3086 3115 3116 3086 3116 3087 3087 3116 3117 3087 3117 3088 3088 3117 3118 3088 3118 3089 3089 3118 3119 3089 3119 3090 3090 3119 3120 3090 3120 3091 3091 3120 3121 3091 3121 3092 3092 3121 3122 3092 3122 3093 3093 3122 3123 3093 3123 3094 3094 3123 3124 3094 3124 3095 3095 3124 3125 3095 3125 3096 3096 3125 3126 3096 3126 3097 3097 3126 3127 3097 3127 3098 3098 3127 3128 3098 3128 3099 3099 3128 3129 3099 3129 3100 3100 3129 3130 3100 3130 3101 3101 3130 3131 3101 3131 3102 3102 3131 3132 3102 3132 3103 3103 3132 3133 3103 3133 3104 3104 3133 3134 3104 3134 3105 3105 3134 3135 3105 3135 3106 3106 3135 3136 3106 3136 3107 3107 3136 3137 3107 3137 3108 3108 3137 3138 3108 3138 3109 3109 3138 3139 3109 3139 3110 3110 3139 3140 3110 3140 3111 3111 3140 3141 3111 3141 2091 3112 2060 3142 3112 3142 3113 3113 3142 3143 3113 3143 3114 3114 3143 3144 3114 3144 3115 3115 3144 3145 3115 3145 3116 3116 3145 3146 3116 3146 3117 3117 3146 3147 3117 3147 3118 3118 3147 3148 3118 3148 3119 3119 3148 3149 3119 3149 3120 3120 3149 3150 3120 3150 3121 3121 3150 3151 3121 3151 3122 3122 3151 3152 3122 3152 3123 3123 3152 3153 3123 3153 3124 3124 3153 3154 3124 3154 3125 3125 3154 3155 3125 3155 3126 3126 3155 3156 3126 3156 3127 3127 3156 3157 3127 3157 3128 3128 3157 3158 3128 3158 3129 3129 3158 3159 3129 3159 3130 3130 3159 3160 3130 3160 3131 3131 3160 3161 3131 3161 3132 3132 3161 3162 3132 3162 3133 3133 3162 3163 3133 3163 3134 3134 3163 3164 3134 3164 3135 3135 3164 3165 3135 3165 3136 3136 3165 3166 3136 3166 3137 3137 3166 3167 3137 3167 3138 3138 3167 3168 3138 3168 3139 3139 3168 3169 3139 3169 3140 3140 3169 3170 3140 3170 3141 3141 3170 3171 3141 3171 2091 3142 2060 3172 3142 3172 3143 3143 3172 3173 3143 3173 3144 3144 3173 3174 3144 3174 3145 3145 3174 3175 3145 3175 3146 3146 3175 3176 3146 3176 3147 3147 3176 3177 3147 3177 3148 3148 3177 3178 3148 3178 3149 3149 3178 3179 3149 3179 3150 3150 3179 3180 3150 3180 3151 3151 3180 3181 3151 3181 3152 3152 3181 3182 3152 3182 3153 3153 3182 3183 3153 3183 3154 3154 3183 3184 3154 3184 3155 3155 3184 3185 3155 3185 3156 3156 3185 3186 3156 3186 3157 3157 3186 3187 3157 3187 3158 3158 3187 3188 3158 3188 3159 3159 3188 3189 3159 3189 3160 3160 3189 3190 3160 3190 3161 3161 3190 3191 3161 3191 3162 3162 3191 3192 3162 3192 3163 3163 3192 3193 3163 3193 3164 3164 3193 3194 3164 3194 3165 3165 3194 3195 3165 3195 3166 3166 3195 3196 3166 3196 3167 3167 3196 3197 3167 3197 3168 3168 3197 3198 3168 3198 3169 3169 3198 3199 3169 3199 3170 3170 3199 3200 3170 3200 3171 3171 3200 3201 3171 3201 2091 3172 2060 3202 3172 3202 3173 3173 3202 3203 3173 3203 3174 3174 3203 3204 3174 3204 3175 3175 3204 3205 3175 3205 3176 3176 3205 3206 3176 3206 3177 3177 3206 3207 3177 3207 3178 3178 3207 3208 3178 3208 3179 3179 3208 3209 3179 3209 3180 3180 3209 3210 3180 3210 3181 3181 3210 3211 3181 3211 3182 3182 3211 3212 3182 3212 3183 3183 3212 3213 3183 3213 3184 3184 3213 3214 3184 3214 3185 3185 3214 3215 3185 3215 3186 3186 3215 3216 3186 3216 3187 3187 3216 3217 3187 3217 3188 3188 3217 3218 3188 3218 3189 3189 3218 3219 3189 3219 3190 3190 3219 3220 3190 3220 3191 3191 3220 3221 3191 3221 3192 3192 3221 3222 3192 3222 3193 3193 3222 3223 3193 3223 3194 3194 3223 3224 3194 3224 3195 3195 3224 3225 3195 3225 3196 3196 3225 3226 3196 3226 3197 3197 3226 3227 3197 3227 3198 3198 3227 3228 3198 3228 3199 3199 3228 3229 3199 3229 3200 3200 3229 3230 3200 3230 3201 3201 3230 3231 3201 3231 2091 3202 2060 3232 3202 3232 3203 3203 3232 3233 3203 3233 3204 3204 3233 3234 3204 3234 3205 3205 3234 3235 3205 3235 3206 3206 3235 3236 3206 3236 3207 3207 3236 3237 3207 3237 3208 3208 3237 3238 3208 3238 3209 3209 3238 3239 3209 3239 3210 3210 3239 3240 3210 3240 3211 3211 3240 3241 3211 3241 3212 3212 3241 3242 3212 3242 3213 3213 3242 3243 3213 3243 3214 3214 3243 3244 3214 3244 3215 3215 3244 3245 3215 3245 3216 3216 3245 3246 3216 3246 3217 3217 3246 3247 3217 3247 3218 3218 3247 3248 3218 3248 3219 3219 3248 3249 3219 3249 3220 3220 3249 3250 3220 3250 3221 3221 3250 3251 3221 3251 3222 3222 3251 3252 3222 3252 3223 3223 3252 3253 3223 3253 3224 3224 3253 3254 3224 3254 3225 3225 3254 3255 3225 3255 3226 3226 3255 3256 3226 3256 3227 3227 3256 3257 3227 3257 3228 3228 3257 3258 3228 3258 3229 3229 3258 3259 3229 3259 3230 3230 3259 3260 3230 3260 3231 3231 3260 3261 3231 3261 2091 3232 2060 3262 3232 3262 3233 3233 3262 3263 3233 3263 3234 3234 3263 3264 3234 3264 3235 3235 3264 3265 3235 3265 3236 3236 3265 3266 3236 3266 3237 3237 3266 3267 3237 3267 3238 3238 3267 3268 3238 3268 3239 3239 3268 3269 3239 3269 3240 3240 3269 3270 3240 3270 3241 3241 3270 3271 3241 3271 3242 3242 3271 3272 3242 3272 3243 3243 3272 3273 3243 3273 3244 3244 3273 3274 3244 3274 3245 3245 3274 3275 3245 3275 3246 3246 3275 3276 3246 3276 3247 3247 3276 3277 3247 3277 3248 3248 3277 3278 3248 3278 3249 3249 3278 3279 3249 3279 3250 3250 3279 3280 3250 3280 3251 3251 3280 3281 3251 3281 3252 3252 3281 3282 3252 3282 3253 3253 3282 3283 3253 3283 3254 3254 3283 3284 3254 3284 3255 3255 3284 3285 3255 3285 3256 3256 3285 3286 3256 3286 3257 3257 3286 3287 3257 3287 3258 3258 3287 3288 3258 3288 3259 3259 3288 3289 3259 3289 3260 3260 3289 3290 3260 3290 3261 3261 3290 3291 3261 3291 2091 3262 2060 3292 3262 3292 3263 3263 3292 3293 3263 3293 3264 3264 3293 3294 3264 3294 3265 3265 3294 3295 3265 3295 3266 3266 3295 3296 3266 3296 3267 3267 3296 3297 3267 3297 3268 3268 3297 3298 3268 3298 3269 3269 3298 3299 3269 3299 3270 3270 3299 3300 3270 3300 3271 3271 3300 3301 3271 3301 3272 3272 3301 3302 3272 3302 3273 3273 3302 3303 3273 3303 3274 3274 3303 3304 3274 3304 3275 3275 3304 3305 3275 3305 3276 3276 3305 3306 3276 3306 3277 3277 3306 3307 3277 3307 3278 3278 3307 3308 3278 3308 3279 3279 3308 3309 3279 3309 3280 3280 3309 3310 3280 3310 3281 3281 3310 3311 3281 3311 3282 3282 3311 3312 3282 3312 3283 3283 3312 3313 3283 3313 3284 3284 3313 3314 3284 3314 3285 3285 3314 3315 3285 3315 3286 3286 3315 3316 3286 3316 3287 3287 3316 3317 3287 3317 3288 3288 3317 3318 3288 3318 3289 3289 3318 3319 3289 3319 3290 3290 3319 3320 3290 3320 3291 3291 3320 3321 3291 3321 2091 3292 2060 3322 3292 3322 3293 3293 3322 3323 3293 3323 3294 3294 3323 3324 3294 3324 3295 3295 3324 3325 3295 3325 3296 3296 3325 3326 3296 3326 3297 3297 3326 3327 3297 3327 3298 3298 3327 3328 3298 3328 3299 3299 3328 3329 3299 3329 3300 3300 3329 3330 3300 3330 3301 3301 3330 3331 3301 3331 3302 3302 3331 3332 3302 3332 3303 3303 3332 3333 3303 3333 3304 3304 3333 3334 3304 3334 3305 3305 3334 3335 3305 3335 3306 3306 3335 3336 3306 3336 3307 3307 3336 3337 3307 3337 3308 3308 3337 3338 3308 3338 3309 3309 3338 3339 3309 3339 3310 3310 3339 3340 3310 3340 3311 3311 3340 3341 3311 3341 3312 3312 3341 3342 3312 3342 3313 3313 3342 3343 3313 3343 3314 3314 3343 3344 3314 3344 3315 3315 3344 3345 3315 3345 3316 3316 3345 3346 3316 3346 3317 3317 3346 3347 3317 3347 3318 3318 3347 3348 3318 3348 3319 3319 3348 3349 3319 3349 3320 3320 3349 3350 3320 3350 3321 3321 3350 3351 3321 3351 2091 3322 2060 3352 3322 3352 3323 3323 3352 3353 3323 3353 3324 3324 3353 3354 3324 3354 3325 3325 3354 3355 3325 3355 3326 3326 3355 3356 3326 3356 3327 3327 3356 3357 3327 3357 3328 3328 3357 3358 3328 3358 3329 3329 3358 3359 3329 3359 3330 3330 3359 3360 3330 3360 3331 3331 3360 3361 3331 3361 3332 3332 3361 3362 3332 3362 3333 3333 3362 3363 3333 3363 3334 3334 3363 3364 3334 3364 3335 3335 3364 3365 3335 3365 3336 3336 3365 3366 3336 3366 3337 3337 3366 3367 3337 3367 3338 3338 3367 3368 3338 3368 3339 3339 3368 3369 3339 3369 3340 3340 3369 3370 3340 3370 3341 3341 3370 3371 3341 3371 3342 3342 3371 3372 3342 3372 3343 3343 3372 3373 3343 3373 3344 3344 3373 3374 3344 3374 3345 3345 3374 3375 3345 3375 3346 3346 3375 3376 3346 3376 3347 3347 3376 3377 3347 3377 3348 3348 3377 3378 3348 3378 3349 3349 3378 3379 3349 3379 3350 3350 3379 3380 3350 3380 3351 3351 3380 3381 3351 3381 2091 3352 2060 3382 3352 3382 3353 3353 3382 3383 3353 3383 3354 3354 3383 3384 3354 3384 3355 3355 3384 3385 3355 3385 3356 3356 3385 3386 3356 3386 3357 3357 3386 3387 3357 3387 3358 3358 3387 3388 3358 3388 3359 3359 3388 3389 3359 3389 3360 3360 3389 3390 3360 3390 3361 3361 3390 3391 3361 3391 3362 3362 3391 3392 3362 3392 3363 3363 3392 3393 3363 3393 3364 3364 3393 3394 3364 3394 3365 3365 3394 3395 3365 3395 3366 3366 3395 3396 3366 3396 3367 3367 3396 3397 3367 3397 3368 3368 3397 3398 3368 3398 3369 3369 3398 3399 3369 3399 3370 3370 3399 3400 3370 3400 3371 3371 3400 3401 3371 3401 3372 3372 3401 3402 3372 3402 3373 3373 3402 3403 3373 3403 3374 3374 3403 3404 3374 3404 3375 3375 3404 3405 3375 3405 3376 3376 3405 3406 3376 3406 3377 3377 3406 3407 3377 3407 3378 3378 3407 3408 3378 3408 3379 3379 3408 3409 3379 3409 3380 3380 3409 3410 3380 3410 3381 3381 3410 3411 3381 3411 2091 3382 2060 3412 3382 3412 3383 3383 3412 3413 3383 3413 3384 3384 3413 3414 3384 3414 3385 3385 3414 3415 3385 3415 3386 3386 3415 3416 3386 3416 3387 3387 3416 3417 3387 3417 3388 3388 3417 3418 3388 3418 3389 3389 3418 3419 3389 3419 3390 3390 3419 3420 3390 3420 3391 3391 3420 3421 3391 3421 3392 3392 3421 3422 3392 3422 3393 3393 3422 3423 3393 3423 3394 3394 3423 3424 3394 3424 3395 3395 3424 3425 3395 3425 3396 3396 3425 3426 3396 3426 3397 3397 3426 3427 3397 3427 3398 3398 3427 3428 3398 3428 3399 3399 3428 3429 3399 3429 3400 3400 3429 3430 3400 3430 3401 3401 3430 3431 3401 3431 3402 3402 3431 3432 3402 3432 3403 3403 3432 3433 3403 3433 3404 3404 3433 3434 3404 3434 3405 3405 3434 3435 3405 3435 3406 3406 3435 3436 3406 3436 3407 3407 3436 3437 3407 3437 3408 3408 3437 3438 3408 3438 3409 3409 3438 3439 3409 3439 3410 3410 3439 3440 3410 3440 3411 3411 3440 3441 3411 3441 2091 3412 2060 3442 3412 3442 3413 3413 3442 3443 3413 3443 3414 3414 3443 3444 3414 3444 3415 3415 3444 3445 3415 3445 3416 3416 3445 3446 3416 3446 3417 3417 3446 3447 3417 3447 3418 3418 3447 3448 3418 3448 3419 3419 3448 3449 3419 3449 3420 3420 3449 3450 3420 3450 3421 3421 3450 3451 3421 3451 3422 3422 3451 3452 3422 3452 3423 3423 3452 3453 3423 3453 3424 3424 3453 3454 3424 3454 3425 3425 3454 3455 3425 3455 3426 3426 3455 3456 3426 3456 3427 3427 3456 3457 3427 3457 3428 3428 3457 3458 3428 3458 3429 3429 3458 3459 3429 3459 3430 3430 3459 3460 3430 3460 3431 3431 3460 3461 3431 3461 3432 3432 3461 3462 3432 3462 3433 3433 3462 3463 3433 3463 3434 3434 3463 3464 3434 3464 3435 3435 3464 3465 3435 3465 3436 3436 3465 3466 3436 3466 3437 3437 3466 3467 3437 3467 3438 3438 3467 3468 3438 3468 3439 3439 3468 3469 3439 3469 3440 3440 3469 3470 3440 3470 3441 3441 3470 3471 3441 3471 2091 3442 2060 3472 3442 3472 3443 3443 3472 3473 3443 3473 3444 3444 3473 3474 3444 3474 3445 3445 3474 3475 3445 3475 3446 3446 3475 3476 3446 3476 3447 3447 3476 3477 3447 3477 3448 3448 3477 3478 3448 3478 3449 3449 3478 3479 3449 3479 3450 3450 3479 3480 3450 3480 3451 3451 3480 3481 3451 3481 3452 3452 3481 3482 3452 3482 3453 3453 3482 3483 3453 3483 3454 3454 3483 3484 3454 3484 3455 3455 3484 3485 3455 3485 3456 3456 3485 3486 3456 3486 3457 3457 3486 3487 3457 3487 3458 3458 3487 3488 3458 3488 3459 3459 3488 3489 3459 3489 3460 3460 3489 3490 3460 3490 3461 3461 3490 3491 3461 3491 3462 3462 3491 3492 3462 3492 3463 3463 3492 3493 3463 3493 3464 3464 3493 3494 3464 3494 3465 3465 3494 3495 3465 3495 3466 3466 3495 3496 3466 3496 3467 3467 3496 3497 3467 3497 3468 3468 3497 3498 3468 3498 3469 3469 3498 3499 3469 3499 3470 3470 3499 3500 3470 3500 3471 3471 3500 3501 3471 3501 2091 3472 2060 3502 3472 3502 3473 3473 3502 3503 3473 3503 3474 3474 3503 3504 3474 3504 3475 3475 3504 3505 3475 3505 3476 3476 3505 3506 3476 3506 3477 3477 3506 3507 3477 3507 3478 3478 3507 3508 3478 3508 3479 3479 3508 3509 3479 3509 3480 3480 3509 3510 3480 3510 3481 3481 3510 3511 3481 3511 3482 3482 3511 3512 3482 3512 3483 3483 3512 3513 3483 3513 3484 3484 3513 3514 3484 3514 3485 3485 3514 3515 3485 3515 3486 3486 3515 3516 3486 3516 3487 3487 3516 3517 3487 3517 3488 3488 3517 3518 3488 3518 3489 3489 3518 3519 3489 3519 3490 3490 3519 3520 3490 3520 3491 3491 3520 3521 3491 3521 3492 3492 3521 3522 3492 3522 3493 3493 3522 3523 3493 3523 3494 3494 3523 3524 3494 3524 3495 3495 3524 3525 3495 3525 3496 3496 3525 3526 3496 3526 3497 3497 3526 3527 3497 3527 3498 3498 3527 3528 3498 3528 3499 3499 3528 3529 3499 3529 3500 3500 3529 3530 3500 3530 3501 3501 3530 3531 3501 3531 2091 3502 2060 3532 3502 3532 3503 3503 3532 3533 3503 3533 3504 3504 3533 3534 3504 3534 3505 3505 3534 3535 3505 3535 3506 3506 3535 3536 3506 3536 3507 3507 3536 3537 3507 3537 3508 3508 3537 3538 3508 3538 3509 3509 3538 3539 3509 3539 3510 3510 3539 3540 3510 3540 3511 3511 3540 3541 3511 3541 3512 3512 3541 3542 3512 3542 3513 3513 3542 3543 3513 3543 3514 3514 3543 3544 3514 3544 3515 3515 3544 3545 3515 3545 3516 3516 3545 3546 3516 3546 3517 3517 3546 3547 3517 3547 3518 3518 3547 3548 3518 3548 3519 3519 3548 3549 3519 3549 3520 3520 3549 3550 3520 3550 3521 3521 3550 3551 3521 3551 3522 3522 3551 3552 3522 3552 3523 3523 3552 3553 3523 3553 3524 3524 3553 3554 3524 3554 3525 3525 3554 3555 3525 3555 3526 3526 3555 3556 3526 3556 3527 3527 3556 3557 3527 3557 3528 3528 3557 3558 3528 3558 3529 3529 3558 3559 3529 3559 3530 3530 3559 3560 3530 3560 3531 3531 3560 3561 3531 3561 2091 3532 2060 3562 3532 3562 3533 3533 3562 3563 3533 3563 3534 3534 3563 3564 3534 3564 3535 3535 3564 3565 3535 3565 3536 3536 3565 3566 3536 3566 3537 3537 3566 3567 3537 3567 3538 3538 3567 3568 3538 3568 3539 3539 3568 3569 3539 3569 3540 3540 3569 3570 3540 3570 3541 3541 3570 3571 3541 3571 3542 3542 3571 3572 3542 3572 3543 3543 3572 3573 3543 3573 3544 3544 3573 3574 3544 3574 3545 3545 3574 3575 3545 3575 3546 3546 3575 3576 3546 3576 3547 3547 3576 3577 3547 3577 3548 3548 3577 3578 3548 3578 3549 3549 3578 3579 3549 3579 3550 3550 3579 3580 3550 3580 3551 3551 3580 3581 3551 3581 3552 3552 3581 3582 3552 3582 3553 3553 3582 3583 3553 3583 3554 3554 3583 3584 3554 3584 3555 3555 3584 3585 3555 3585 3556 3556 3585 3586 3556 3586 3557 3557 3586 3587 3557 3587 3558 3558 3587 3588 3558 3588 3559 3559 3588 3589 3559 3589 3560 3560 3589 3590 3560 3590 3561 3561 3590 3591 3561 3591 2091 3562 2060 3592 3562 3592 3563 3563 3592 3593 3563 3593 3564 3564 3593 3594 3564 3594 3565 3565 3594 3595 3565 3595 3566 3566 3595 3596 3566 3596 3567 3567 3596 3597 3567 3597 3568 3568 3597 3598 3568 3598 3569 3569 3598 3599 3569 3599 3570 3570 3599 3600 3570 3600 3571 3571 3600 3601 3571 3601 3572 3572 3601 3602 3572 3602 3573 3573 3602 3603 3573 3603 3574 3574 3603 3604 3574 3604 3575 3575 3604 3605 3575 3605 3576 3576 3605 3606 3576 3606 3577 3577 3606 3607 3577 3607 3578 3578 3607 3608 3578 3608 3579 3579 3608 3609 3579 3609 3580 3580 3609 3610 3580 3610 3581 3581 3610 3611 3581 3611 3582 3582 3611 3612 3582 3612 3583 3583 3612 3613 3583 3613 3584 3584 3613 3614 3584 3614 3585 3585 3614 3615 3585 3615 3586 3586 3615 3616 3586 3616 3587 3587 3616 3617 3587 3617 3588 3588 3617 3618 3588 3618 3589 3589 3618 3619 3589 3619 3590 3590 3619 3620 3590 3620 3591 3591 3620 3621 3591 3621 2091 3592 2060 3622 3592 3622 3593 3593 3622 3623 3593 3623 3594 3594 3623 3624 3594 3624 3595 3595 3624 3625 3595 3625 3596 3596 3625 3626 3596 3626 3597 3597 3626 3627 3597 3627 3598 3598 3627 3628 3598 3628 3599 3599 3628 3629 3599 3629 3600 3600 3629 3630 3600 3630 3601 3601 3630 3631 3601 3631 3602 3602 3631 3632 3602 3632 3603 3603 3632 3633 3603 3633 3604 3604 3633 3634 3604 3634 3605 3605 3634 3635 3605 3635 3606 3606 3635 3636 3606 3636 3607 3607 3636 3637 3607 3637 3608 3608 3637 3638 3608 3638 3609 3609 3638 3639 3609 3639 3610 3610 3639 3640 3610 3640 3611 3611 3640 3641 3611 3641 3612 3612 3641 3642 3612 3642 3613 3613 3642 3643 3613 3643 3614 3614 3643 3644 3614 3644 3615 3615 3644 3645 3615 3645 3616 3616 3645 3646 3616 3646 3617 3617 3646 3647 3617 3647 3618 3618 3647 3648 3618 3648 3619 3619 3648 3649 3619 3649 3620 3620 3649 3650 3620 3650 3621 3621 3650 3651 3621 3651 2091 3622 2060 3652 3622 3652 3623 3623 3652 3653 3623 3653 3624 3624 3653 3654 3624 3654 3625 3625 3654 3655 3625 3655 3626 3626 3655 3656 3626 3656 3627 3627 3656 3657 3627 3657 3628 3628 3657 3658 3628 3658 3629 3629 3658 3659 3629 3659 3630 3630 3659 3660 3630 3660 3631 3631 3660 3661 3631 3661 3632 3632 3661 3662 3632 3662 3633 3633 3662 3663 3633 3663 3634 3634 3663 3664 3634 3664 3635 3635 3664 3665 3635 3665 3636 3636 3665 3666 3636 3666 3637 3637 3666 3667 3637 3667 3638 3638 3667 3668 3638 3668 3639 3639 3668 3669 3639 3669 3640 3640 3669 3670 3640 3670 3641 3641 3670 3671 3641 3671 3642 3642 3671 3672 3642 3672 3643 3643 3672 3673 3643 3673 3644 3644 3673 3674 3644 3674 3645 3645 3674 3675 3645 3675 3646 3646 3675 3676 3646 3676 3647 3647 3676 3677 3647 3677 3648 3648 3677 3678 3648 3678 3649 3649 3678 3679 3649 3679 3650 3650 3679 3680 3650 3680 3651 3651 3680 3681 3651 3681 2091 3652 2060 3682 3652 3682 3653 3653 3682 3683 3653 3683 3654 3654 3683 3684 3654 3684 3655 3655 3684 3685 3655 3685 3656 3656 3685 3686 3656 3686 3657 3657 3686 3687 3657 3687 3658 3658 3687 3688 3658 3688 3659 3659 3688 3689 3659 3689 3660 3660 3689 3690 3660 3690 3661 3661 3690 3691 3661 3691 3662 3662 3691 3692 3662 3692 3663 3663 3692 3693 3663 3693 3664 3664 3693 3694 3664 3694 3665 3665 3694 3695 3665 3695 3666 3666 3695 3696 3666 3696 3667 3667 3696 3697 3667 3697 3668 3668 3697 3698 3668 3698 3669 3669 3698 3699 3669 3699 3670 3670 3699 3700 3670 3700 3671 3671 3700 3701 3671 3701 3672 3672 3701 3702 3672 3702 3673 3673 3702 3703 3673 3703 3674 3674 3703 3704 3674 3704 3675 3675 3704 3705 3675 3705 3676 3676 3705 3706 3676 3706 3677 3677 3706 3707 3677 3707 3678 3678 3707 3708 3678 3708 3679 3679 3708 3709 3679 3709 3680 3680 3709 3710 3680 3710 3681 3681 3710 3711 3681 3711 2091 3682 2060 3712 3682 3712 3683 3683 3712 3713 3683 3713 3684 3684 3713 3714 3684 3714 3685 3685 3714 3715 3685 3715 3686 3686 3715 3716 3686 3716 3687 3687 3716 3717 3687 3717 3688 3688 3717 3718 3688 3718 3689 3689 3718 3719 3689 3719 3690 3690 3719 3720 3690 3720 3691 3691 3720 3721 3691 3721 3692 3692 3721 3722 3692 3722 3693 3693 3722 3723 3693 3723 3694 3694 3723 3724 3694 3724 3695 3695 3724 3725 3695 3725 3696 3696 3725 3726 3696 3726 3697 3697 3726 3727 3697 3727 3698 3698 3727 3728 3698 3728 3699 3699 3728 3729 3699 3729 3700 3700 3729 3730 3700 3730 3701 3701 3730 3731 3701 3731 3702 3702 3731 3732 3702 3732 3703 3703 3732 3733 3703 3733 3704 3704 3733 3734 3704 3734 3705 3705 3734 3735 3705 3735 3706 3706 3735 3736 3706 3736 3707 3707 3736 3737 3707 3737 3708 3708 3737 3738 3708 3738 3709 3709 3738 3739 3709 3739 3710 3710 3739 3740 3710 3740 3711 3711 3740 3741 3711 3741 2091 3712 2060 3742 3712 3742 3713 3713 3742 3743 3713 3743 3714 3714 3743 3744 3714 3744 3715 3715 3744 3745 3715 3745 3716 3716 3745 3746 3716 3746 3717 3717 3746 3747 3717 3747 3718 3718 3747 3748 3718 3748 3719 3719 3748 3749 3719 3749 3720 3720 3749 3750 3720 3750 3721 3721 3750 3751 3721 3751 3722 3722 3751 3752 3722 3752 3723 3723 3752 3753 3723 3753 3724 3724 3753 3754 3724 3754 3725 3725 3754 3755 3725 3755 3726 3726 3755 3756 3726 3756 3727 3727 3756 3757 3727 3757 3728 3728 3757 3758 3728 3758 3729 3729 3758 3759 3729 3759 3730 3730 3759 3760 3730 3760 3731 3731 3760 3761 3731 3761 3732 3732 3761 3762 3732 3762 3733 3733 3762 3763 3733 3763 3734 3734 3763 3764 3734 3764 3735 3735 3764 3765 3735 3765 3736 3736 3765 3766 3736 3766 3737 3737 3766 3767 3737 3767 3738 3738 3767 3768 3738 3768 3739 3739 3768 3769 3739 3769 3740 3740 3769 3770 3740 3770 3741 3741 3770 3771 3741 3771 2091 3742 2060 3772 3742 3772 3743 3743 3772 3773 3743 3773 3744 3744 3773 3774 3744 3774 3745 3745 3774 3775 3745 3775 3746 3746 3775 3776 3746 3776 3747 3747 3776 3777 3747 3777 3748 3748 3777 3778 3748 3778 3749 3749 3778 3779 3749 3779 3750 3750 3779 3780 3750 3780 3751 3751 3780 3781 3751 3781 3752 3752 3781 3782 3752 3782 3753 3753 3782 3783 3753 3783 3754 3754 3783 3784 3754 3784 3755 3755 3784 3785 3755 3785 3756 3756 3785 3786 3756 3786 3757 3757 3786 3787 3757 3787 3758 3758 3787 3788 3758 3788 3759 3759 3788 3789 3759 3789 3760 3760 3789 3790 3760 3790 3761 3761 3790 3791 3761 3791 3762 3762 3791 3792 3762 3792 3763 3763 3792 3793 3763 3793 3764 3764 3793 3794 3764 3794 3765 3765 3794 3795 3765 3795 3766 3766 3795 3796 3766 3796 3767 3767 3796 3797 3767 3797 3768 3768 3797 3798 3768 3798 3769 3769 3798 3799 3769 3799 3770 3770 3799 3800 3770 3800 3771 3771 3800 3801 3771 3801 2091 3772 2060 3802 3772 3802 3773 3773 3802 3803 3773 3803 3774 3774 3803 3804 3774 3804 3775 3775 3804 3805 3775 3805 3776 3776 3805 3806 3776 3806 3777 3777 3806 3807 3777 3807 3778 3778 3807 3808 3778 3808 3779 3779 3808 3809 3779 3809 3780 3780 3809 3810 3780 3810 3781 3781 3810 3811 3781 3811 3782 3782 3811 3812 3782 3812 3783 3783 3812 3813 3783 3813 3784 3784 3813 3814 3784 3814 3785 3785 3814 3815 3785 3815 3786 3786 3815 3816 3786 3816 3787 3787 3816 3817 3787 3817 3788 3788 3817 3818 3788 3818 3789 3789 3818 3819 3789 3819 3790 3790 3819 3820 3790 3820 3791 3791 3820 3821 3791 3821 3792 3792 3821 3822 3792 3822 3793 3793 3822 3823 3793 3823 3794 3794 3823 3824 3794 3824 3795 3795 3824 3825 3795 3825 3796 3796 3825 3826 3796 3826 3797 3797 3826 3827 3797 3827 3798 3798 3827 3828 3798 3828 3799 3799 3828 3829 3799 3829 3800 3800 3829 3830 3800 3830 3801 3801 3830 3831 3801 3831 2091 3802 2060 3832 3802 3832 3803 3803 3832 3833 3803 3833 3804 3804 3833 3834 3804 3834 3805 3805 3834 3835 3805 3835 3806 3806 3835 3836 3806 3836 3807 3807 3836 3837 3807 3837 3808 3808 3837 3838 3808 3838 3809 3809 3838 3839 3809 3839 3810 3810 3839 3840 3810 3840 3811 3811 3840 3841 3811 3841 3812 3812 3841 3842 3812 3842 3813 3813 3842 3843 3813 3843 3814 3814 3843 3844 3814 3844 3815 3815 3844 3845 3815 3845 3816 3816 3845 3846 3816 3846 3817 3817 3846 3847 3817 3847 3818 3818 3847 3848 3818 3848 3819 3819 3848 3849 3819 3849 3820 3820 3849 3850 3820 3850 3821 3821 3850 3851 3821 3851 3822 3822 3851 3852 3822 3852 3823 3823 3852 3853 3823 3853 3824 3824 3853 3854 3824 3854 3825 3825 3854 3855 3825 3855 3826 3826 3855 3856 3826 3856 3827 3827 3856 3857 3827 3857 3828 3828 3857 3858 3828 3858 3829 3829 3858 3859 3829 3859 3830 3830 3859 3860 3830 3860 3831 3831 3860 3861 3831 3861 2091 3832 2060 3862 3832 3862 3833 3833 3862 3863 3833 3863 3834 3834 3863 3864 3834 3864 3835 3835 3864 3865 3835 3865 3836 3836 3865 3866 3836 3866 3837 3837 3866 3867 3837 3867 3838 3838 3867 3868 3838 3868 3839 3839 3868 3869 3839 3869 3840 3840 3869 3870 3840 3870 3841 3841 3870 3871 3841 3871 3842 3842 3871 3872 3842 3872 3843 3843 3872 3873 3843 3873 3844 3844 3873 3874 3844 3874 3845 3845 3874 3875 3845 3875 3846 3846 3875 3876 3846 3876 3847 3847 3876 3877 3847 3877 3848 3848 3877 3878 3848 3878 3849 3849 3878 3879 3849 3879 3850 3850 3879 3880 3850 3880 3851 3851 3880 3881 3851 3881 3852 3852 3881 3882 3852 3882 3853 3853 3882 3883 3853 3883 3854 3854 3883 3884 3854 3884 3855 3855 3884 3885 3855 3885 3856 3856 3885 3886 3856 3886 3857 3857 3886 3887 3857 3887 3858 3858 3887 3888 3858 3888 3859 3859 3888 3889 3859 3889 3860 3860 3889 3890 3860 3890 3861 3861 3890 3891 3861 3891 2091 3862 2060 3892 3862 3892 3863 3863 3892 3893 3863 3893 3864 3864 3893 3894 3864 3894 3865 3865 3894 3895 3865 3895 3866 3866 3895 3896 3866 3896 3867 3867 3896 3897 3867 3897 3868 3868 3897 3898 3868 3898 3869 3869 3898 3899 3869 3899 3870 3870 3899 3900 3870 3900 3871 3871 3900 3901 3871 3901 3872 3872 3901 3902 3872 3902 3873 3873 3902 3903 3873 3903 3874 3874 3903 3904 3874 3904 3875 3875 3904 3905 3875 3905 3876 3876 3905 3906 3876 3906 3877 3877 3906 3907 3877 3907 3878 3878 3907 3908 3878 3908 3879 3879 3908 3909 3879 3909 3880 3880 3909 3910 3880 3910 3881 3881 3910 3911 3881 3911 3882 3882 3911 3912 3882 3912 3883 3883 3912 3913 3883 3913 3884 3884 3913 3914 3884 3914 3885 3885 3914 3915 3885 3915 3886 3886 3915 3916 3886 3916 3887 3887 3916 3917 3887 3917 3888 3888 3917 3918 3888 3918 3889 3889 3918 3919 3889 3919 3890 3890 3919 3920 3890 3920 3891 3891 3920 3921 3891 3921 2091 3892 2060 3922 3892 3922 3893 3893 3922 3923 3893 3923 3894 3894 3923 3924 3894 3924 3895 3895 3924 3925 3895 3925 3896 3896 3925 3926 3896 3926 3897 3897 3926 3927 3897 3927 3898 3898 3927 3928 3898 3928 3899 3899 3928 3929 3899 3929 3900 3900 3929 3930 3900 3930 3901 3901 3930 3931 3901 3931 3902 3902 3931 3932 3902 3932 3903 3903 3932 3933 3903 3933 3904 3904 3933 3934 3904 3934 3905 3905 3934 3935 3905 3935 3906 3906 3935 3936 3906 3936 3907 3907 3936 3937 3907 3937 3908 3908 3937 3938 3908 3938 3909 3909 3938 3939 3909 3939 3910 3910 3939 3940 3910 3940 3911 3911 3940 3941 3911 3941 3912 3912 3941 3942 3912 3942 3913 3913 3942 3943 3913 3943 3914 3914 3943 3944 3914 3944 3915 3915 3944 3945 3915 3945 3916 3916 3945 3946 3916 3946 3917 3917 3946 3947 3917 3947 3918 3918 3947 3948 3918 3948 3919 3919 3948 3949 3919 3949 3920 3920 3949 3950 3920 3950 3921 3921 3950 3951 3921 3951 2091 3922 2060 3952 3922 3952 3923 3923 3952 3953 3923 3953 3924 3924 3953 3954 3924 3954 3925 3925 3954 3955 3925 3955 3926 3926 3955 3956 3926 3956 3927 3927 3956 3957 3927 3957 3928 3928 3957 3958 3928 3958 3929 3929 3958 3959 3929 3959 3930 3930 3959 3960 3930 3960 3931 3931 3960 3961 3931 3961 3932 3932 3961 3962 3932 3962 3933 3933 3962 3963 3933 3963 3934 3934 3963 3964 3934 3964 3935 3935 3964 3965 3935 3965 3936 3936 3965 3966 3936 3966 3937 3937 3966 3967 3937 3967 3938 3938 3967 3968 3938 3968 3939 3939 3968 3969 3939 3969 3940 3940 3969 3970 3940 3970 3941 3941 3970 3971 3941 3971 3942 3942 3971 3972 3942 3972 3943 3943 3972 3973 3943 3973 3944 3944 3973 3974 3944 3974 3945 3945 3974 3975 3945 3975 3946 3946 3975 3976 3946 3976 3947 3947 3976 3977 3947 3977 3948 3948 3977 3978 3948 3978 3949 3949 3978 3979 3949 3979 3950 3950 3979 3980 3950 3980 3951 3951 3980 3981 3951 3981 2091 3952 2060 2061 3952 2061 3953 3953 2061 2062 3953 2062 3954 3954 2062 2063 3954 2063 3955 3955 2063 2064 3955 2064 3956 3956 2064 2065 3956 2065 3957 3957 2065 2066 3957 2066 3958 3958 2066 2067 3958 2067 3959 3959 2067 2068 3959 2068 3960 3960 2068 2069 3960 2069 3961 3961 2069 2070 3961 2070 3962 3962 2070 2071 3962 2071 3963 3963 2071 2072 3963 2072 3964 3964 2072 2073 3964 2073 3965 3965 2073 2074 3965 2074 3966 3966 2074 2075 3966 2075 3967 3967 2075 2076 3967 2076 3968 3968 2076 2077 3968 2077 3969 3969 2077 2078 3969 2078 3970 3970 2078 2079 3970 2079 3971 3971 2079 2080 3971 2080 3972 3972 2080 2081 3972 2081 3973 3973 2081 2082 3973 2082 3974 3974 2082 2083 3974 2083 3975 3975 2083 2084 3975 2084 3976 3976 2084 2085 3976 2085 3977 3977 2085 2086 3977 2086 3978 3978 2086 2087 3978 2087 3979 3979 2087 2088 3979 2088 3980 3980 2088 2089 3980 2089 3981 3981 2089 2090 3981 2090 2091 3983 3985 3982 3986 3983 3982 3982 3985 3984 3984 3986 3982 3983 3989 3985 3987 3983 3986 3987 3989 3983 3985 3989 3984 3988 3986 3984 3984 3989 3988 3988 3987 3986 3989 3987 3988 3991 3990 4022 3991 4022 3992 3992 4022 4023 3992 4023 3993 3993 4023 4024 3993 4024 3994 3994 4024 4025 3994 4025 3995 3995 4025 4026 3995 4026 3996 3996 4026 4027 3996 4027 3997 3997 4027 4028 3997 4028 3998 3998 4028 4029 3998 4029 3999 3999 4029 4030 3999 4030 4000 4000 4030 4031 4000 4031 4001 4001 4031 4032 4001 4032 4002 4002 4032 4033 4002 4033 4003 4003 4033 4034 4003 4034 4004 4004 4034 4035 4004 4035 4005 4005 4035 4036 4005 4036 4006 4006 4036 4037 4006 4037 4007 4007 4037 4038 4007 4038 4008 4008 4038 4039 4008 4039 4009 4009 4039 4040 4009 4040 4010 4010 4040 4041 4010 4041 4011 4011 4041 4042 4011 4042 4012 4012 4042 4043 4012 4043 4013 4013 4043 4044 4013 4044 4014 4014 4044 4045 4014 4045 4015 4015 4045 4046 4015 4046 4016 4016 4046 4047 4016 4047 4017 4017 4047 4048 4017 4048 4018 4018 4048 4049 4018 4049 4019 4019 4049 4050 4019 4050 4020 4020 4050 4051 4020 4051 4021 4022 3990 4052 4022 4052 4023 4023 4052 4053 4023 4053 4024 4024 4053 4054 4024 4054 4025 4025 4054 4055 4025 4055 4026 4026 4055 4056 4026 4056 4027 4027 4056 4057 4027 4057 4028 4028 4057 4058 4028 4058 4029 4029 4058 4059 4029 4059 4030 4030 4059 4060 4030 4060 4031 4031 4060 4061 4031 4061 4032 4032 4061 4062 4032 4062 4033 4033 4062 4063 4033 4063 4034 4034 4063 4064 4034 4064 4035 4035 4064 4065 4035 4065 4036 4036 4065 4066 4036 4066 4037 4037 4066 4067 4037 4067 4038 4038 4067 4068 4038 4068 4039 4039 4068 4069 4039 4069 4040 4040 4069 4070 4040 4070 4041 4041 4070 4071 4041 4071 4042 4042 4071 4072 4042 4072 4043 4043 4072 4073 4043 4073 4044 4044 4073 4074 4044 4074 4045 4045 4074 4075 4045 4075 4046 4046 4075 4076 4046 4076 4047 4047 4076 4077 4047 4077 4048 4048 4077 4078 4048 4078 4049 4049 4078 4079 4049 4079 4050 4050 4079 4080 4050 4080 4051 4051 4080 4081 4051 4081 4021 4052 3990 4082 4052 4082 4053 4053 4082 4083 4053 4083 4054 4054 4083 4084 4054 4084 4055 4055 4084 4085 4055 4085 4056 4056 4085 4086 4056 4086 4057 4057 4086 4087 4057 4087 4058 4058 4087 4088 4058 4088 4059 4059 4088 4089 4059 4089 4060 4060 4089 4090 4060 4090 4061 4061 4090 4091 4061 4091 4062 4062 4091 4092 4062 4092 4063 4063 4092 4093 4063 4093 4064 4064 4093 4094 4064 4094 4065 4065 4094 4095 4065 4095 4066 4066 4095 4096 4066 4096 4067 4067 4096 4097 4067 4097 4068 4068 4097 4098 4068 4098 4069 4069 4098 4099 4069 4099 4070 4070 4099 4100 4070 4100 4071 4071 4100 4101 4071 4101 4072 4072 4101 4102 4072 4102 4073 4073 4102 4103 4073 4103 4074 4074 4103 4104 4074 4104 4075 4075 4104 4105 4075 4105 4076 4076 4105 4106 4076 4106 4077 4077 4106 4107 4077 4107 4078 4078 4107 4108 4078 4108 4079 4079 4108 4109 4079 4109 4080 4080 4109 4110 4080 4110 4081 4081 4110 4111 4081 4111 4021 4082 3990 4112 4082 4112 4083 4083 4112 4113 4083 4113 4084 4084 4113 4114 4084 4114 4085 4085 4114 4115 4085 4115 4086 4086 4115 4116 4086 4116 4087 4087 4116 4117 4087 4117 4088 4088 4117 4118 4088 4118 4089 4089 4118 4119 4089 4119 4090 4090 4119 4120 4090 4120 4091 4091 4120 4121 4091 4121 4092 4092 4121 4122 4092 4122 4093 4093 4122 4123 4093 4123 4094 4094 4123 4124 4094 4124 4095 4095 4124 4125 4095 4125 4096 4096 4125 4126 4096 4126 4097 4097 4126 4127 4097 4127 4098 4098 4127 4128 4098 4128 4099 4099 4128 4129 4099 4129 4100 4100 4129 4130 4100 4130 4101 4101 4130 4131 4101 4131 4102 4102 4131 4132 4102 4132 4103 4103 4132 4133 4103 4133 4104 4104 4133 4134 4104 4134 4105 4105 4134 4135 4105 4135 4106 4106 4135 4136 4106 4136 4107 4107 4136 4137 4107 4137 4108 4108 4137 4138 4108 4138 4109 4109 4138 4139 4109 4139 4110 4110 4139 4140 4110 4140 4111 4111 4140 4141 4111 4141 4021 4112 3990 4142 4112 4142 4113 4113 4142 4143 4113 4143 4114 4114 4143 4144 4114 4144 4115 4115 4144 4145 4115 4145 4116 4116 4145 4146 4116 4146 4117 4117 4146 4147 4117 4147 4118 4118 4147 4148 4118 4148 4119 4119 4148 4149 4119 4149 4120 4120 4149 4150 4120 4150 4121 4121 4150 4151 4121 4151 4122 4122 4151 4152 4122 4152 4123 4123 4152 4153 4123 4153 4124 4124 4153 4154 4124 4154 4125 4125 4154 4155 4125 4155 4126 4126 4155 4156 4126 4156 4127 4127 4156 4157 4127 4157 4128 4128 4157 4158 4128 4158 4129 4129 4158 4159 4129 4159 4130 4130 4159 4160 4130 4160 4131 4131 4160 4161 4131 4161 4132 4132 4161 4162 4132 4162 4133 4133 4162 4163 4133 4163 4134 4134 4163 4164 4134 4164 4135 4135 4164 4165 4135 4165 4136 4136 4165 4166 4136 4166 4137 4137 4166 4167 4137 4167 4138 4138 4167 4168 4138 4168 4139 4139 4168 4169 4139 4169 4140 4140 4169 4170 4140 4170 4141 4141 4170 4171 4141 4171 4021 4142 3990 4172 4142 4172 4143 4143 4172 4173 4143 4173 4144 4144 4173 4174 4144 4174 4145 4145 4174 4175 4145 4175 4146 4146 4175 4176 4146 4176 4147 4147 4176 4177 4147 4177 4148 4148 4177 4178 4148 4178 4149 4149 4178 4179 4149 4179 4150 4150 4179 4180 4150 4180 4151 4151 4180 4181 4151 4181 4152 4152 4181 4182 4152 4182 4153 4153 4182 4183 4153 4183 4154 4154 4183 4184 4154 4184 4155 4155 4184 4185 4155 4185 4156 4156 4185 4186 4156 4186 4157 4157 4186 4187 4157 4187 4158 4158 4187 4188 4158 4188 4159 4159 4188 4189 4159 4189 4160 4160 4189 4190 4160 4190 4161 4161 4190 4191 4161 4191 4162 4162 4191 4192 4162 4192 4163 4163 4192 4193 4163 4193 4164 4164 4193 4194 4164 4194 4165 4165 4194 4195 4165 4195 4166 4166 4195 4196 4166 4196 4167 4167 4196 4197 4167 4197 4168 4168 4197 4198 4168 4198 4169 4169 4198 4199 4169 4199 4170 4170 4199 4200 4170 4200 4171 4171 4200 4201 4171 4201 4021 4172 3990 4202 4172 4202 4173 4173 4202 4203 4173 4203 4174 4174 4203 4204 4174 4204 4175 4175 4204 4205 4175 4205 4176 4176 4205 4206 4176 4206 4177 4177 4206 4207 4177 4207 4178 4178 4207 4208 4178 4208 4179 4179 4208 4209 4179 4209 4180 4180 4209 4210 4180 4210 4181 4181 4210 4211 4181 4211 4182 4182 4211 4212 4182 4212 4183 4183 4212 4213 4183 4213 4184 4184 4213 4214 4184 4214 4185 4185 4214 4215 4185 4215 4186 4186 4215 4216 4186 4216 4187 4187 4216 4217 4187 4217 4188 4188 4217 4218 4188 4218 4189 4189 4218 4219 4189 4219 4190 4190 4219 4220 4190 4220 4191 4191 4220 4221 4191 4221 4192 4192 4221 4222 4192 4222 4193 4193 4222 4223 4193 4223 4194 4194 4223 4224 4194 4224 4195 4195 4224 4225 4195 4225 4196 4196 4225 4226 4196 4226 4197 4197 4226 4227 4197 4227 4198 4198 4227 4228 4198 4228 4199 4199 4228 4229 4199 4229 4200 4200 4229 4230 4200 4230 4201 4201 4230 4231 4201 4231 4021 4202 3990 4232 4202 4232 4203 4203 4232 4233 4203 4233 4204 4204 4233 4234 4204 4234 4205 4205 4234 4235 4205 4235 4206 4206 4235 4236 4206 4236 4207 4207 4236 4237 4207 4237 4208 4208 4237 4238 4208 4238 4209 4209 4238 4239 4209 4239 4210 4210 4239 4240 4210 4240 4211 4211 4240 4241 4211 4241 4212 4212 4241 4242 4212 4242 4213 4213 4242 4243 4213 4243 4214 4214 4243 4244 4214 4244 4215 4215 4244 4245 4215 4245 4216 4216 4245 4246 4216 4246 4217 4217 4246 4247 4217 4247 4218 4218 4247 4248 4218 4248 4219 4219 4248 4249 4219 4249 4220 4220 4249 4250 4220 4250 4221 4221 4250 4251 4221 4251 4222 4222 4251 4252 4222 4252 4223 4223 4252 4253 4223 4253 4224 4224 4253 4254 4224 4254 4225 4225 4254 4255 4225 4255 4226 4226 4255 4256 4226 4256 4227 4227 4256 4257 4227 4257 4228 4228 4257 4258 4228 4258 4229 4229 4258 4259 4229 4259 4230 4230 4259 4260 4230 4260 4231 4231 4260 4261 4231 4261 4021 4232 3990 4262 4232 4262 4233 4233 4262 4263 4233 4263 4234 4234 4263 4264 4234 4264 4235 4235 4264 4265 4235 4265 4236 4236 4265 4266 4236 4266 4237 4237 4266 4267 4237 4267 4238 4238 4267 4268 4238 4268 4239 4239 4268 4269 4239 4269 4240 4240 4269 4270 4240 4270 4241 4241 4270 4271 4241 4271 4242 4242 4271 4272 4242 4272 4243 4243 4272 4273 4243 4273 4244 4244 4273 4274 4244 4274 4245 4245 4274 4275 4245 4275 4246 4246 4275 4276 4246 4276 4247 4247 4276 4277 4247 4277 4248 4248 4277 4278 4248 4278 4249 4249 4278 4279 4249 4279 4250 4250 4279 4280 4250 4280 4251 4251 4280 4281 4251 4281 4252 4252 4281 4282 4252 4282 4253 4253 4282 4283 4253 4283 4254 4254 4283 4284 4254 4284 4255 4255 4284 4285 4255 4285 4256 4256 4285 4286 4256 4286 4257 4257 4286 4287 4257 4287 4258 4258 4287 4288 4258 4288 4259 4259 4288 4289 4259 4289 4260 4260 4289 4290 4260 4290 4261 4261 4290 4291 4261 4291 4021 4262 3990 4292 4262 4292 4263 4263 4292 4293 4263 4293 4264 4264 4293 4294 4264 4294 4265 4265 4294 4295 4265 4295 4266 4266 4295 4296 4266 4296 4267 4267 4296 4297 4267 4297 4268 4268 4297 4298 4268 4298 4269 4269 4298 4299 4269 4299 4270 4270 4299 4300 4270 4300 4271 4271 4300 4301 4271 4301 4272 4272 4301 4302 4272 4302 4273 4273 4302 4303 4273 4303 4274 4274 4303 4304 4274 4304 4275 4275 4304 4305 4275 4305 4276 4276 4305 4306 4276 4306 4277 4277 4306 4307 4277 4307 4278 4278 4307 4308 4278 4308 4279 4279 4308 4309 4279 4309 4280 4280 4309 4310 4280 4310 4281 4281 4310 4311 4281 4311 4282 4282 4311 4312 4282 4312 4283 4283 4312 4313 4283 4313 4284 4284 4313 4314 4284 4314 4285 4285 4314 4315 4285 4315 4286 4286 4315 4316 4286 4316 4287 4287 4316 4317 4287 4317 4288 4288 4317 4318 4288 4318 4289 4289 4318 4319 4289 4319 4290 4290 4319 4320 4290 4320 4291 4291 4320 4321 4291 4321 4021 4292 3990 4322 4292 4322 4293 4293 4322 4323 4293 4323 4294 4294 4323 4324 4294 4324 4295 4295 4324 4325 4295 4325 4296 4296 4325 4326 4296 4326 4297 4297 4326 4327 4297 4327 4298 4298 4327 4328 4298 4328 4299 4299 4328 4329 4299 4329 4300 4300 4329 4330 4300 4330 4301 4301 4330 4331 4301 4331 4302 4302 4331 4332 4302 4332 4303 4303 4332 4333 4303 4333 4304 4304 4333 4334 4304 4334 4305 4305 4334 4335 4305 4335 4306 4306 4335 4336 4306 4336 4307 4307 4336 4337 4307 4337 4308 4308 4337 4338 4308 4338 4309 4309 4338 4339 4309 4339 4310 4310 4339 4340 4310 4340 4311 4311 4340 4341 4311 4341 4312 4312 4341 4342 4312 4342 4313 4313 4342 4343 4313 4343 4314 4314 4343 4344 4314 4344 4315 4315 4344 4345 4315 4345 4316 4316 4345 4346 4316 4346 4317 4317 4346 4347 4317 4347 4318 4318 4347 4348 4318 4348 4319 4319 4348 4349 4319 4349 4320 4320 4349 4350 4320 4350 4321 4321 4350 4351 4321 4351 4021 4322 3990 4352 4322 4352 4323 4323 4352 4353 4323 4353 4324 4324 4353 4354 4324 4354 4325 4325 4354 4355 4325 4355 4326 4326 4355 4356 4326 4356 4327 4327 4356 4357 4327 4357 4328 4328 4357 4358 4328 4358 4329 4329 4358 4359 4329 4359 4330 4330 4359 4360 4330 4360 4331 4331 4360 4361 4331 4361 4332 4332 4361 4362 4332 4362 4333 4333 4362 4363 4333 4363 4334 4334 4363 4364 4334 4364 4335 4335 4364 4365 4335 4365 4336 4336 4365 4366 4336 4366 4337 4337 4366 4367 4337 4367 4338 4338 4367 4368 4338 4368 4339 4339 4368 4369 4339 4369 4340 4340 4369 4370 4340 4370 4341 4341 4370 4371 4341 4371 4342 4342 4371 4372 4342 4372 4343 4343 4372 4373 4343 4373 4344 4344 4373 4374 4344 4374 4345 4345 4374 4375 4345 4375 4346 4346 4375 4376 4346 4376 4347 4347 4376 4377 4347 4377 4348 4348 4377 4378 4348 4378 4349 4349 4378 4379 4349 4379 4350 4350 4379 4380 4350 4380 4351 4351 4380 4381 4351 4381 4021 4352 3990 4382 4352 4382 4353 4353 4382 4383 4353 4383 4354 4354 4383 4384 4354 4384 4355 4355 4384 4385 4355 4385 4356 4356 4385 4386 4356 4386 4357 4357 4386 4387 4357 4387 4358 4358 4387 4388 4358 4388 4359 4359 4388 4389 4359 4389 4360 4360 4389 4390 4360 4390 4361 4361 4390 4391 4361 4391 4362 4362 4391 4392 4362 4392 4363 4363 4392 4393 4363 4393 4364 4364 4393 4394 4364 4394 4365 4365 4394 4395 4365 4395 4366 4366 4395 4396 4366 4396 4367 4367 4396 4397 4367 4397 4368 4368 4397 4398 4368 4398 4369 4369 4398 4399 4369 4399 4370 4370 4399 4400 4370 4400 4371 4371 4400 4401 4371 4401 4372 4372 4401 4402 4372 4402 4373 4373 4402 4403 4373 4403 4374 4374 4403 4404 4374 4404 4375 4375 4404 4405 4375 4405 4376 4376 4405 4406 4376 4406 4377 4377 4406 4407 4377 4407 4378 4378 4407 4408 4378 4408 4379 4379 4408 4409 4379 4409 4380 4380 4409 4410 4380 4410 4381 4381 4410 4411 4381 4411 4021 4382 3990 4412 4382 4412 4383 4383 4412 4413 4383 4413 4384 4384 4413 4414 4384 4414 4385 4385 4414 4415 4385 4415 4386 4386 4415 4416 4386 4416 4387 4387 4416 4417 4387 4417 4388 4388 4417 4418 4388 4418 4389 4389 4418 4419 4389 4419 4390 4390 4419 4420 4390 4420 4391 4391 4420 4421 4391 4421 4392 4392 4421 4422 4392 4422 4393 4393 4422 4423 4393 4423 4394 4394 4423 4424 4394 4424 4395 4395 4424 4425 4395 4425 4396 4396 4425 4426 4396 4426 4397 4397 4426 4427 4397 4427 4398 4398 4427 4428 4398 4428 4399 4399 4428 4429 4399 4429 4400 4400 4429 4430 4400 4430 4401 4401 4430 4431 4401 4431 4402 4402 4431 4432 4402 4432 4403 4403 4432 4433 4403 4433 4404 4404 4433 4434 4404 4434 4405 4405 4434 4435 4405 4435 4406 4406 4435 4436 4406 4436 4407 4407 4436 4437 4407 4437 4408 4408 4437 4438 4408 4438 4409 4409 4438 4439 4409 4439 4410 4410 4439 4440 4410 4440 4411 4411 4440 4441 4411 4441 4021 4412 3990 4442 4412 4442 4413 4413 4442 4443 4413 4443 4414 4414 4443 4444 4414 4444 4415 4415 4444 4445 4415 4445 4416 4416 4445 4446 4416 4446 4417 4417 4446 4447 4417 4447 4418 4418 4447 4448 4418 4448 4419 4419 4448 4449 4419 4449 4420 4420 4449 4450 4420 4450 4421 4421 4450 4451 4421 4451 4422 4422 4451 4452 4422 4452 4423 4423 4452 4453 4423 4453 4424 4424 4453 4454 4424 4454 4425 4425 4454 4455 4425 4455 4426 4426 4455 4456 4426 4456 4427 4427 4456 4457 4427 4457 4428 4428 4457 4458 4428 4458 4429 4429 4458 4459 4429 4459 4430 4430 4459 4460 4430 4460 4431 4431 4460 4461 4431 4461 4432 4432 4461 4462 4432 4462 4433 4433 4462 4463 4433 4463 4434 4434 4463 4464 4434 4464 4435 4435 4464 4465 4435 4465 4436 4436 4465 4466 4436 4466 4437 4437 4466 4467 4437 4467 4438 4438 4467 4468 4438 4468 4439 4439 4468 4469 4439 4469 4440 4440 4469 4470 4440 4470 4441 4441 4470 4471 4441 4471 4021 4442 3990 4472 4442 4472 4443 4443 4472 4473 4443 4473 4444 4444 4473 4474 4444 4474 4445 4445 4474 4475 4445 4475 4446 4446 4475 4476 4446 4476 4447 4447 4476 4477 4447 4477 4448 4448 4477 4478 4448 4478 4449 4449 4478 4479 4449 4479 4450 4450 4479 4480 4450 4480 4451 4451 4480 4481 4451 4481 4452 4452 4481 4482 4452 4482 4453 4453 4482 4483 4453 4483 4454 4454 4483 4484 4454 4484 4455 4455 4484 4485 4455 4485 4456 4456 4485 4486 4456 4486 4457 4457 4486 4487 4457 4487 4458 4458 4487 4488 4458 4488 4459 4459 4488 4489 4459 4489 4460 4460 4489 4490 4460 4490 4461 4461 4490 4491 4461 4491 4462 4462 4491 4492 4462 4492 4463 4463 4492 4493 4463 4493 4464 4464 4493 4494 4464 4494 4465 4465 4494 4495 4465 4495 4466 4466 4495 4496 4466 4496 4467 4467 4496 4497 4467 4497 4468 4468 4497 4498 4468 4498 4469 4469 4498 4499 4469 4499 4470 4470 4499 4500 4470 4500 4471 4471 4500 4501 4471 4501 4021 4472 3990 4502 4472 4502 4473 4473 4502 4503 4473 4503 4474 4474 4503 4504 4474 4504 4475 4475 4504 4505 4475 4505 4476 4476 4505 4506 4476 4506 4477 4477 4506 4507 4477 4507 4478 4478 4507 4508 4478 4508 4479 4479 4508 4509 4479 4509 4480 4480 4509 4510 4480 4510 4481 4481 4510 4511 4481 4511 4482 4482 4511 4512 4482 4512 4483 4483 4512 4513 4483 4513 4484 4484 4513 4514 4484 4514 4485 4485 4514 4515 4485 4515 4486 4486 4515 4516 4486 4516 4487 4487 4516 4517 4487 4517 4488 4488 4517 4518 4488 4518 4489 4489 4518 4519 4489 4519 4490 4490 4519 4520 4490 4520 4491 4491 4520 4521 4491 4521 4492 4492 4521 4522 4492 4522 4493 4493 4522 4523 4493 4523 4494 4494 4523 4524 4494 4524 4495 4495 4524 4525 4495 4525 4496 4496 4525 4526 4496 4526 4497 4497 4526 4527 4497 4527 4498 4498 4527 4528 4498 4528 4499 4499 4528 4529 4499 4529 4500 4500 4529 4530 4500 4530 4501 4501 4530 4531 4501 4531 4021 4502 3990 4532 4502 4532 4503 4503 4532 4533 4503 4533 4504 4504 4533 4534 4504 4534 4505 4505 4534 4535 4505 4535 4506 4506 4535 4536 4506 4536 4507 4507 4536 4537 4507 4537 4508 4508 4537 4538 4508 4538 4509 4509 4538 4539 4509 4539 4510 4510 4539 4540 4510 4540 4511 4511 4540 4541 4511 4541 4512 4512 4541 4542 4512 4542 4513 4513 4542 4543 4513 4543 4514 4514 4543 4544 4514 4544 4515 4515 4544 4545 4515 4545 4516 4516 4545 4546 4516 4546 4517 4517 4546 4547 4517 4547 4518 4518 4547 4548 4518 4548 4519 4519 4548 4549 4519 4549 4520 4520 4549 4550 4520 4550 4521 4521 4550 4551 4521 4551 4522 4522 4551 4552 4522 4552 4523 4523 4552 4553 4523 4553 4524 4524 4553 4554 4524 4554 4525 4525 4554 4555 4525 4555 4526 4526 4555 4556 4526 4556 4527 4527 4556 4557 4527 4557 4528 4528 4557 4558 4528 4558 4529 4529 4558 4559 4529 4559 4530 4530 4559 4560 4530 4560 4531 4531 4560 4561 4531 4561 4021 4532 3990 4562 4532 4562 4533 4533 4562 4563 4533 4563 4534 4534 4563 4564 4534 4564 4535 4535 4564 4565 4535 4565 4536 4536 4565 4566 4536 4566 4537 4537 4566 4567 4537 4567 4538 4538 4567 4568 4538 4568 4539 4539 4568 4569 4539 4569 4540 4540 4569 4570 4540 4570 4541 4541 4570 4571 4541 4571 4542 4542 4571 4572 4542 4572 4543 4543 4572 4573 4543 4573 4544 4544 4573 4574 4544 4574 4545 4545 4574 4575 4545 4575 4546 4546 4575 4576 4546 4576 4547 4547 4576 4577 4547 4577 4548 4548 4577 4578 4548 4578 4549 4549 4578 4579 4549 4579 4550 4550 4579 4580 4550 4580 4551 4551 4580 4581 4551 4581 4552 4552 4581 4582 4552 4582 4553 4553 4582 4583 4553 4583 4554 4554 4583 4584 4554 4584 4555 4555 4584 4585 4555 4585 4556 4556 4585 4586 4556 4586 4557 4557 4586 4587 4557 4587 4558 4558 4587 4588 4558 4588 4559 4559 4588 4589 4559 4589 4560 4560 4589 4590 4560 4590 4561 4561 4590 4591 4561 4591 4021 4562 3990 4592 4562 4592 4563 4563 4592 4593 4563 4593 4564 4564 4593 4594 4564 4594 4565 4565 4594 4595 4565 4595 4566 4566 4595 4596 4566 4596 4567 4567 4596 4597 4567 4597 4568 4568 4597 4598 4568 4598 4569 4569 4598 4599 4569 4599 4570 4570 4599 4600 4570 4600 4571 4571 4600 4601 4571 4601 4572 4572 4601 4602 4572 4602 4573 4573 4602 4603 4573 4603 4574 4574 4603 4604 4574 4604 4575 4575 4604 4605 4575 4605 4576 4576 4605 4606 4576 4606 4577 4577 4606 4607 4577 4607 4578 4578 4607 4608 4578 4608 4579 4579 4608 4609 4579 4609 4580 4580 4609 4610 4580 4610 4581 4581 4610 4611 4581 4611 4582 4582 4611 4612 4582 4612 4583 4583 4612 4613 4583 4613 4584 4584 4613 4614 4584 4614 4585 4585 4614 4615 4585 4615 4586 4586 4615 4616 4586 4616 4587 4587 4616 4617 4587 4617 4588 4588 4617 4618 4588 4618 4589 4589 4618 4619 4589 4619 4590 4590 4619 4620 4590 4620 4591 4591 4620 4621 4591 4621 4021 4592 3990 4622 4592 4622 4593 4593 4622 4623 4593 4623 4594 4594 4623 4624 4594 4624 4595 4595 4624 4625 4595 4625 4596 4596 4625 4626 4596 4626 4597 4597 4626 4627 4597 4627 4598 4598 4627 4628 4598 4628 4599 4599 4628 4629 4599 4629 4600 4600 4629 4630 4600 4630 4601 4601 4630 4631 4601 4631 4602 4602 4631 4632 4602 4632 4603 4603 4632 4633 4603 4633 4604 4604 4633 4634 4604 4634 4605 4605 4634 4635 4605 4635 4606 4606 4635 4636 4606 4636 4607 4607 4636 4637 4607 4637 4608 4608 4637 4638 4608 4638 4609 4609 4638 4639 4609 4639 4610 4610 4639 4640 4610 4640 4611 4611 4640 4641 4611 4641 4612 4612 4641 4642 4612 4642 4613 4613 4642 4643 4613 4643 4614 4614 4643 4644 4614 4644 4615 4615 4644 4645 4615 4645 4616 4616 4645 4646 4616 4646 4617 4617 4646 4647 4617 4647 4618 4618 4647 4648 4618 4648 4619 4619 4648 4649 4619 4649 4620 4620 4649 4650 4620 4650 4621 4621 4650 4651 4621 4651 4021 4622 3990 4652 4622 4652 4623 4623 4652 4653 4623 4653 4624 4624 4653 4654 4624 4654 4625 4625 4654 4655 4625 4655 4626 4626 4655 4656 4626 4656 4627 4627 4656 4657 4627 4657 4628 4628 4657 4658 4628 4658 4629 4629 4658 4659 4629 4659 4630 4630 4659 4660 4630 4660 4631 4631 4660 4661 4631 4661 4632 4632 4661 4662 4632 4662 4633 4633 4662 4663 4633 4663 4634 4634 4663 4664 4634 4664 4635 4635 4664 4665 4635 4665 4636 4636 4665 4666 4636 4666 4637 4637 4666 4667 4637 4667 4638 4638 4667 4668 4638 4668 4639 4639 4668 4669 4639 4669 4640 4640 4669 4670 4640 4670 4641 4641 4670 4671 4641 4671 4642 4642 4671 4672 4642 4672 4643 4643 4672 4673 4643 4673 4644 4644 4673 4674 4644 4674 4645 4645 4674 4675 4645 4675 4646 4646 4675 4676 4646 4676 4647 4647 4676 4677 4647 4677 4648 4648 4677 4678 4648 4678 4649 4649 4678 4679 4649 4679 4650 4650 4679 4680 4650 4680 4651 4651 4680 4681 4651 4681 4021 4652 3990 4682 4652 4682 4653 4653 4682 4683 4653 4683 4654 4654 4683 4684 4654 4684 4655 4655 4684 4685 4655 4685 4656 4656 4685 4686 4656 4686 4657 4657 4686 4687 4657 4687 4658 4658 4687 4688 4658 4688 4659 4659 4688 4689 4659 4689 4660 4660 4689 4690 4660 4690 4661 4661 4690 4691 4661 4691 4662 4662 4691 4692 4662 4692 4663 4663 4692 4693 4663 4693 4664 4664 4693 4694 4664 4694 4665 4665 4694 4695 4665 4695 4666 4666 4695 4696 4666 4696 4667 4667 4696 4697 4667 4697 4668 4668 4697 4698 4668 4698 4669 4669 4698 4699 4669 4699 4670 4670 4699 4700 4670 4700 4671 4671 4700 4701 4671 4701 4672 4672 4701 4702 4672 4702 4673 4673 4702 4703 4673 4703 4674 4674 4703 4704 4674 4704 4675 4675 4704 4705 4675 4705 4676 4676 4705 4706 4676 4706 4677 4677 4706 4707 4677 4707 4678 4678 4707 4708 4678 4708 4679 4679 4708 4709 4679 4709 4680 4680 4709 4710 4680 4710 4681 4681 4710 4711 4681 4711 4021 4682 3990 4712 4682 4712 4683 4683 4712 4713 4683 4713 4684 4684 4713 4714 4684 4714 4685 4685 4714 4715 4685 4715 4686 4686 4715 4716 4686 4716 4687 4687 4716 4717 4687 4717 4688 4688 4717 4718 4688 4718 4689 4689 4718 4719 4689 4719 4690 4690 4719 4720 4690 4720 4691 4691 4720 4721 4691 4721 4692 4692 4721 4722 4692 4722 4693 4693 4722 4723 4693 4723 4694 4694 4723 4724 4694 4724 4695 4695 4724 4725 4695 4725 4696 4696 4725 4726 4696 4726 4697 4697 4726 4727 4697 4727 4698 4698 4727 4728 4698 4728 4699 4699 4728 4729 4699 4729 4700 4700 4729 4730 4700 4730 4701 4701 4730 4731 4701 4731 4702 4702 4731 4732 4702 4732 4703 4703 4732 4733 4703 4733 4704 4704 4733 4734 4704 4734 4705 4705 4734 4735 4705 4735 4706 4706 4735 4736 4706 4736 4707 4707 4736 4737 4707 4737 4708 4708 4737 4738 4708 4738 4709 4709 4738 4739 4709 4739 4710 4710 4739 4740 4710 4740 4711 4711 4740 4741 4711 4741 4021 4712 3990 4742 4712 4742 4713 4713 4742 4743 4713 4743 4714 4714 4743 4744 4714 4744 4715 4715 4744 4745 4715 4745 4716 4716 4745 4746 4716 4746 4717 4717 4746 4747 4717 4747 4718 4718 4747 4748 4718 4748 4719 4719 4748 4749 4719 4749 4720 4720 4749 4750 4720 4750 4721 4721 4750 4751 4721 4751 4722 4722 4751 4752 4722 4752 4723 4723 4752 4753 4723 4753 4724 4724 4753 4754 4724 4754 4725 4725 4754 4755 4725 4755 4726 4726 4755 4756 4726 4756 4727 4727 4756 4757 4727 4757 4728 4728 4757 4758 4728 4758 4729 4729 4758 4759 4729 4759 4730 4730 4759 4760 4730 4760 4731 4731 4760 4761 4731 4761 4732 4732 4761 4762 4732 4762 4733 4733 4762 4763 4733 4763 4734 4734 4763 4764 4734 4764 4735 4735 4764 4765 4735 4765 4736 4736 4765 4766 4736 4766 4737 4737 4766 4767 4737 4767 4738 4738 4767 4768 4738 4768 4739 4739 4768 4769 4739 4769 4740 4740 4769 4770 4740 4770 4741 4741 4770 4771 4741 4771 4021 4742 3990 4772 4742 4772 4743 4743 4772 4773 4743 4773 4744 4744 4773 4774 4744 4774 4745 4745 4774 4775 4745 4775 4746 4746 4775 4776 4746 4776 4747 4747 4776 4777 4747 4777 4748 4748 4777 4778 4748 4778 4749 4749 4778 4779 4749 4779 4750 4750 4779 4780 4750 4780 4751 4751 4780 4781 4751 4781 4752 4752 4781 4782 4752 4782 4753 4753 4782 4783 4753 4783 4754 4754 4783 4784 4754 4784 4755 4755 4784 4785 4755 4785 4756 4756 4785 4786 4756 4786 4757 4757 4786 4787 4757 4787 4758 4758 4787 4788 4758 4788 4759 4759 4788 4789 4759 4789 4760 4760 4789 4790 4760 4790 4761 4761 4790 4791 4761 4791 4762 4762 4791 4792 4762 4792 4763 4763 4792 4793 4763 4793 4764 4764 4793 4794 4764 4794 4765 4765 4794 4795 4765 4795 4766 4766 4795 4796 4766 4796 4767 4767 4796 4797 4767 4797 4768 4768 4797 4798 4768 4798 4769 4769 4798 4799 4769 4799 4770 4770 4799 4800 4770 4800 4771 4771 4800 4801 4771 4801 4021 4772 3990 4802 4772 4802 4773 4773 4802 4803 4773 4803 4774 4774 4803 4804 4774 4804 4775 4775 4804 4805 4775 4805 4776 4776 4805 4806 4776 4806 4777 4777 4806 4807 4777 4807 4778 4778 4807 4808 4778 4808 4779 4779 4808 4809 4779 4809 4780 4780 4809 4810 4780 4810 4781 4781 4810 4811 4781 4811 4782 4782 4811 4812 4782 4812 4783 4783 4812 4813 4783 4813 4784 4784 4813 4814 4784 4814 4785 4785 4814 4815 4785 4815 4786 4786 4815 4816 4786 4816 4787 4787 4816 4817 4787 4817 4788 4788 4817 4818 4788 4818 4789 4789 4818 4819 4789 4819 4790 4790 4819 4820 4790 4820 4791 4791 4820 4821 4791 4821 4792 4792 4821 4822 4792 4822 4793 4793 4822 4823 4793 4823 4794 4794 4823 4824 4794 4824 4795 4795 4824 4825 4795 4825 4796 4796 4825 4826 4796 4826 4797 4797 4826 4827 4797 4827 4798 4798 4827 4828 4798 4828 4799 4799 4828 4829 4799 4829 4800 4800 4829 4830 4800 4830 4801 4801 4830 4831 4801 4831 4021 4802 3990 4832 4802 4832 4803 4803 4832 4833 4803 4833 4804 4804 4833 4834 4804 4834 4805 4805 4834 4835 4805 4835 4806 4806 4835 4836 4806 4836 4807 4807 4836 4837 4807 4837 4808 4808 4837 4838 4808 4838 4809 4809 4838 4839 4809 4839 4810 4810 4839 4840 4810 4840 4811 4811 4840 4841 4811 4841 4812 4812 4841 4842 4812 4842 4813 4813 4842 4843 4813 4843 4814 4814 4843 4844 4814 4844 4815 4815 4844 4845 4815 4845 4816 4816 4845 4846 4816 4846 4817 4817 4846 4847 4817 4847 4818 4818 4847 4848 4818 4848 4819 4819 4848 4849 4819 4849 4820 4820 4849 4850 4820 4850 4821 4821 4850 4851 4821 4851 4822 4822 4851 4852 4822 4852 4823 4823 4852 4853 4823 4853 4824 4824 4853 4854 4824 4854 4825 4825 4854 4855 4825 4855 4826 4826 4855 4856 4826 4856 4827 4827 4856 4857 4827 4857 4828 4828 4857 4858 4828 4858 4829 4829 4858 4859 4829 4859 4830 4830 4859 4860 4830 4860 4831 4831 4860 4861 4831 4861 4021 4832 3990 4862 4832 4862 4833 4833 4862 4863 4833 4863 4834 4834 4863 4864 4834 4864 4835 4835 4864 4865 4835 4865 4836 4836 4865 4866 4836 4866 4837 4837 4866 4867 4837 4867 4838 4838 4867 4868 4838 4868 4839 4839 4868 4869 4839 4869 4840 4840 4869 4870 4840 4870 4841 4841 4870 4871 4841 4871 4842 4842 4871 4872 4842 4872 4843 4843 4872 4873 4843 4873 4844 4844 4873 4874 4844 4874 4845 4845 4874 4875 4845 4875 4846 4846 4875 4876 4846 4876 4847 4847 4876 4877 4847 4877 4848 4848 4877 4878 4848 4878 4849 4849 4878 4879 4849 4879 4850 4850 4879 4880 4850 4880 4851 4851 4880 4881 4851 4881 4852 4852 4881 4882 4852 4882 4853 4853 4882 4883 4853 4883 4854 4854 4883 4884 4854 4884 4855 4855 4884 4885 4855 4885 4856 4856 4885 4886 4856 4886 4857 4857 4886 4887 4857 4887 4858 4858 4887 4888 4858 4888 4859 4859 4888 4889 4859 4889 4860 4860 4889 4890 4860 4890 4861 4861 4890 4891 4861 4891 4021 4862 3990 4892 4862 4892 4863 4863 4892 4893 4863 4893 4864 4864 4893 4894 4864 4894 4865 4865 4894 4895 4865 4895 4866 4866 4895 4896 4866 4896 4867 4867 4896 4897 4867 4897 4868 4868 4897 4898 4868 4898 4869 4869 4898 4899 4869 4899 4870 4870 4899 4900 4870 4900 4871 4871 4900 4901 4871 4901 4872 4872 4901 4902 4872 4902 4873 4873 4902 4903 4873 4903 4874 4874 4903 4904 4874 4904 4875 4875 4904 4905 4875 4905 4876 4876 4905 4906 4876 4906 4877 4877 4906 4907 4877 4907 4878 4878 4907 4908 4878 4908 4879 4879 4908 4909 4879 4909 4880 4880 4909 4910 4880 4910 4881 4881 4910 4911 4881 4911 4882 4882 4911 4912 4882 4912 4883 4883 4912 4913 4883 4913 4884 4884 4913 4914 4884 4914 4885 4885 4914 4915 4885 4915 4886 4886 4915 4916 4886 4916 4887 4887 4916 4917 4887 4917 4888 4888 4917 4918 4888 4918 4889 4889 4918 4919 4889 4919 4890 4890 4919 4920 4890 4920 4891 4891 4920 4921 4891 4921 4021 4892 3990 4922 4892 4922 4893 4893 4922 4923 4893 4923 4894 4894 4923 4924 4894 4924 4895 4895 4924 4925 4895 4925 4896 4896 4925 4926 4896 4926 4897 4897 4926 4927 4897 4927 4898 4898 4927 4928 4898 4928 4899 4899 4928 4929 4899 4929 4900 4900 4929 4930 4900 4930 4901 4901 4930 4931 4901 4931 4902 4902 4931 4932 4902 4932 4903 4903 4932 4933 4903 4933 4904 4904 4933 4934 4904 4934 4905 4905 4934 4935 4905 4935 4906 4906 4935 4936 4906 4936 4907 4907 4936 4937 4907 4937 4908 4908 4937 4938 4908 4938 4909 4909 4938 4939 4909 4939 4910 4910 4939 4940 4910 4940 4911 4911 4940 4941 4911 4941 4912 4912 4941 4942 4912 4942 4913 4913 4942 4943 4913 4943 4914 4914 4943 4944 4914 4944 4915 4915 4944 4945 4915 4945 4916 4916 4945 4946 4916 4946 4917 4917 4946 4947 4917 4947 4918 4918 4947 4948 4918 4948 4919 4919 4948 4949 4919 4949 4920 4920 4949 4950 4920 4950 4921 4921 4950 4951 4921 4951 4021 4922 3990 4952 4922 4952 4923 4923 4952 4953 4923 4953 4924 4924 4953 4954 4924 4954 4925 4925 4954 4955 4925 4955 4926 4926 4955 4956 4926 4956 4927 4927 4956 4957 4927 4957 4928 4928 4957 4958 4928 4958 4929 4929 4958 4959 4929 4959 4930 4930 4959 4960 4930 4960 4931 4931 4960 4961 4931 4961 4932 4932 4961 4962 4932 4962 4933 4933 4962 4963 4933 4963 4934 4934 4963 4964 4934 4964 4935 4935 4964 4965 4935 4965 4936 4936 4965 4966 4936 4966 4937 4937 4966 4967 4937 4967 4938 4938 4967 4968 4938 4968 4939 4939 4968 4969 4939 4969 4940 4940 4969 4970 4940 4970 4941 4941 4970 4971 4941 4971 4942 4942 4971 4972 4942 4972 4943 4943 4972 4973 4943 4973 4944 4944 4973 4974 4944 4974 4945 4945 4974 4975 4945 4975 4946 4946 4975 4976 4946 4976 4947 4947 4976 4977 4947 4977 4948 4948 4977 4978 4948 4978 4949 4949 4978 4979 4949 4979 4950 4950 4979 4980 4950 4980 4951 4951 4980 4981 4951 4981 4021 4952 3990 4982 4952 4982 4953 4953 4982 4983 4953 4983 4954 4954 4983 4984 4954 4984 4955 4955 4984 4985 4955 4985 4956 4956 4985 4986 4956 4986 4957 4957 4986 4987 4957 4987 4958 4958 4987 4988 4958 4988 4959 4959 4988 4989 4959 4989 4960 4960 4989 4990 4960 4990 4961 4961 4990 4991 4961 4991 4962 4962 4991 4992 4962 4992 4963 4963 4992 4993 4963 4993 4964 4964 4993 4994 4964 4994 4965 4965 4994 4995 4965 4995 4966 4966 4995 4996 4966 4996 4967 4967 4996 4997 4967 4997 4968 4968 4997 4998 4968 4998 4969 4969 4998 4999 4969 4999 4970 4970 4999 5000 4970 5000 4971 4971 5000 5001 4971 5001 4972 4972 5001 5002 4972 5002 4973 4973 5002 5003 4973 5003 4974 4974 5003 5004 4974 5004 4975 4975 5004 5005 4975 5005 4976 4976 5005 5006 4976 5006 4977 4977 5006 5007 4977 5007 4978 4978 5007 5008 4978 5008 4979 4979 5008 5009 4979 5009 4980 4980 5009 5010 4980 5010 4981 4981 5010 5011 4981 5011 4021 4982 3990 5012 4982 5012 4983 4983 5012 5013 4983 5013 4984 4984 5013 5014 4984 5014 4985 4985 5014 5015 4985 5015 4986 4986 5015 5016 4986 5016 4987 4987 5016 5017 4987 5017 4988 4988 5017 5018 4988 5018 4989 4989 5018 5019 4989 5019 4990 4990 5019 5020 4990 5020 4991 4991 5020 5021 4991 5021 4992 4992 5021 5022 4992 5022 4993 4993 5022 5023 4993 5023 4994 4994 5023 5024 4994 5024 4995 4995 5024 5025 4995 5025 4996 4996 5025 5026 4996 5026 4997 4997 5026 5027 4997 5027 4998 4998 5027 5028 4998 5028 4999 4999 5028 5029 4999 5029 5000 5000 5029 5030 5000 5030 5001 5001 5030 5031 5001 5031 5002 5002 5031 5032 5002 5032 5003 5003 5032 5033 5003 5033 5004 5004 5033 5034 5004 5034 5005 5005 5034 5035 5005 5035 5006 5006 5035 5036 5006 5036 5007 5007 5036 5037 5007 5037 5008 5008 5037 5038 5008 5038 5009 5009 5038 5039 5009 5039 5010 5010 5039 5040 5010 5040 5011 5011 5040 5041 5011 5041 4021 5012 3990 5042 5012 5042 5013 5013 5042 5043 5013 5043 5014 5014 5043 5044 5014 5044 5015 5015 5044 5045 5015 5045 5016 5016 5045 5046 5016 5046 5017 5017 5046 5047 5017 5047 5018 5018 5047 5048 5018 5048 5019 5019 5048 5049 5019 5049 5020 5020 5049 5050 5020 5050 5021 5021 5050 5051 5021 5051 5022 5022 5051 5052 5022 5052 5023 5023 5052 5053 5023 5053 5024 5024 5053 5054 5024 5054 5025 5025 5054 5055 5025 5055 5026 5026 5055 5056 5026 5056 5027 5027 5056 5057 5027 5057 5028 5028 5057 5058 5028 5058 5029 5029 5058 5059 5029 5059 5030 5030 5059 5060 5030 5060 5031 5031 5060 5061 5031 5061 5032 5032 5061 5062 5032 5062 5033 5033 5062 5063 5033 5063 5034 5034 5063 5064 5034 5064 5035 5035 5064 5065 5035 5065 5036 5036 5065 5066 5036 5066 5037 5037 5066 5067 5037 5067 5038 5038 5067 5068 5038 5068 5039 5039 5068 5069 5039 5069 5040 5040 5069 5070 5040 5070 5041 5041 5070 5071 5041 5071 4021 5042 3990 5072 5042 5072 5043 5043 5072 5073 5043 5073 5044 5044 5073 5074 5044 5074 5045 5045 5074 5075 5045 5075 5046 5046 5075 5076 5046 5076 5047 5047 5076 5077 5047 5077 5048 5048 5077 5078 5048 5078 5049 5049 5078 5079 5049 5079 5050 5050 5079 5080 5050 5080 5051 5051 5080 5081 5051 5081 5052 5052 5081 5082 5052 5082 5053 5053 5082 5083 5053 5083 5054 5054 5083 5084 5054 5084 5055 5055 5084 5085 5055 5085 5056 5056 5085 5086 5056 5086 5057 5057 5086 5087 5057 5087 5058 5058 5087 5088 5058 5088 5059 5059 5088 5089 5059 5089 5060 5060 5089 5090 5060 5090 5061 5061 5090 5091 5061 5091 5062 5062 5091 5092 5062 5092 5063 5063 5092 5093 5063 5093 5064 5064 5093 5094 5064 5094 5065 5065 5094 5095 5065 5095 5066 5066 5095 5096 5066 5096 5067 5067 5096 5097 5067 5097 5068 5068 5097 5098 5068 5098 5069 5069 5098 5099 5069 5099 5070 5070 5099 5100 5070 5100 5071 5071 5100 5101 5071 5101 4021 5072 3990 5102 5072 5102 5073 5073 5102 5103 5073 5103 5074 5074 5103 5104 5074 5104 5075 5075 5104 5105 5075 5105 5076 5076 5105 5106 5076 5106 5077 5077 5106 5107 5077 5107 5078 5078 5107 5108 5078 5108 5079 5079 5108 5109 5079 5109 5080 5080 5109 5110 5080 5110 5081 5081 5110 5111 5081 5111 5082 5082 5111 5112 5082 5112 5083 5083 5112 5113 5083 5113 5084 5084 5113 5114 5084 5114 5085 5085 5114 5115 5085 5115 5086 5086 5115 5116 5086 5116 5087 5087 5116 5117 5087 5117 5088 5088 5117 5118 5088 5118 5089 5089 5118 5119 5089 5119 5090 5090 5119 5120 5090 5120 5091 5091 5120 5121 5091 5121 5092 5092 5121 5122 5092 5122 5093 5093 5122 5123 5093 5123 5094 5094 5123 5124 5094 5124 5095 5095 5124 5125 5095 5125 5096 5096 5125 5126 5096 5126 5097 5097 5126 5127 5097 5127 5098 5098 5127 5128 5098 5128 5099 5099 5128 5129 5099 5129 5100 5100 5129 5130 5100 5130 5101 5101 5130 5131 5101 5131 4021 5102 3990 5132 5102 5132 5103 5103 5132 5133 5103 5133 5104 5104 5133 5134 5104 5134 5105 5105 5134 5135 5105 5135 5106 5106 5135 5136 5106 5136 5107 5107 5136 5137 5107 5137 5108 5108 5137 5138 5108 5138 5109 5109 5138 5139 5109 5139 5110 5110 5139 5140 5110 5140 5111 5111 5140 5141 5111 5141 5112 5112 5141 5142 5112 5142 5113 5113 5142 5143 5113 5143 5114 5114 5143 5144 5114 5144 5115 5115 5144 5145 5115 5145 5116 5116 5145 5146 5116 5146 5117 5117 5146 5147 5117 5147 5118 5118 5147 5148 5118 5148 5119 5119 5148 5149 5119 5149 5120 5120 5149 5150 5120 5150 5121 5121 5150 5151 5121 5151 5122 5122 5151 5152 5122 5152 5123 5123 5152 5153 5123 5153 5124 5124 5153 5154 5124 5154 5125 5125 5154 5155 5125 5155 5126 5126 5155 5156 5126 5156 5127 5127 5156 5157 5127 5157 5128 5128 5157 5158 5128 5158 5129 5129 5158 5159 5129 5159 5130 5130 5159 5160 5130 5160 5131 5131 5160 5161 5131 5161 4021 5132 3990 5162 5132 5162 5133 5133 5162 5163 5133 5163 5134 5134 5163 5164 5134 5164 5135 5135 5164 5165 5135 5165 5136 5136 5165 5166 5136 5166 5137 5137 5166 5167 5137 5167 5138 5138 5167 5168 5138 5168 5139 5139 5168 5169 5139 5169 5140 5140 5169 5170 5140 5170 5141 5141 5170 5171 5141 5171 5142 5142 5171 5172 5142 5172 5143 5143 5172 5173 5143 5173 5144 5144 5173 5174 5144 5174 5145 5145 5174 5175 5145 5175 5146 5146 5175 5176 5146 5176 5147 5147 5176 5177 5147 5177 5148 5148 5177 5178 5148 5178 5149 5149 5178 5179 5149 5179 5150 5150 5179 5180 5150 5180 5151 5151 5180 5181 5151 5181 5152 5152 5181 5182 5152 5182 5153 5153 5182 5183 5153 5183 5154 5154 5183 5184 5154 5184 5155 5155 5184 5185 5155 5185 5156 5156 5185 5186 5156 5186 5157 5157 5186 5187 5157 5187 5158 5158 5187 5188 5158 5188 5159 5159 5188 5189 5159 5189 5160 5160 5189 5190 5160 5190 5161 5161 5190 5191 5161 5191 4021 5162 3990 5192 5162 5192 5163 5163 5192 5193 5163 5193 5164 5164 5193 5194 5164 5194 5165 5165 5194 5195 5165 5195 5166 5166 5195 5196 5166 5196 5167 5167 5196 5197 5167 5197 5168 5168 5197 5198 5168 5198 5169 5169 5198 5199 5169 5199 5170 5170 5199 5200 5170 5200 5171 5171 5200 5201 5171 5201 5172 5172 5201 5202 5172 5202 5173 5173 5202 5203 5173 5203 5174 5174 5203 5204 5174 5204 5175 5175 5204 5205 5175 5205 5176 5176 5205 5206 5176 5206 5177 5177 5206 5207 5177 5207 5178 5178 5207 5208 5178 5208 5179 5179 5208 5209 5179 5209 5180 5180 5209 5210 5180 5210 5181 5181 5210 5211 5181 5211 5182 5182 5211 5212 5182 5212 5183 5183 5212 5213 5183 5213 5184 5184 5213 5214 5184 5214 5185 5185 5214 5215 5185 5215 5186 5186 5215 5216 5186 5216 5187 5187 5216 5217 5187 5217 5188 5188 5217 5218 5188 5218 5189 5189 5218 5219 5189 5219 5190 5190 5219 5220 5190 5220 5191 5191 5220 5221 5191 5221 4021 5192 3990 5222 5192 5222 5193 5193 5222 5223 5193 5223 5194 5194 5223 5224 5194 5224 5195 5195 5224 5225 5195 5225 5196 5196 5225 5226 5196 5226 5197 5197 5226 5227 5197 5227 5198 5198 5227 5228 5198 5228 5199 5199 5228 5229 5199 5229 5200 5200 5229 5230 5200 5230 5201 5201 5230 5231 5201 5231 5202 5202 5231 5232 5202 5232 5203 5203 5232 5233 5203 5233 5204 5204 5233 5234 5204 5234 5205 5205 5234 5235 5205 5235 5206 5206 5235 5236 5206 5236 5207 5207 5236 5237 5207 5237 5208 5208 5237 5238 5208 5238 5209 5209 5238 5239 5209 5239 5210 5210 5239 5240 5210 5240 5211 5211 5240 5241 5211 5241 5212 5212 5241 5242 5212 5242 5213 5213 5242 5243 5213 5243 5214 5214 5243 5244 5214 5244 5215 5215 5244 5245 5215 5245 5216 5216 5245 5246 5216 5246 5217 5217 5246 5247 5217 5247 5218 5218 5247 5248 5218 5248 5219 5219 5248 5249 5219 5249 5220 5220 5249 5250 5220 5250 5221 5221 5250 5251 5221 5251 4021 5222 3990 5252 5222 5252 5223 5223 5252 5253 5223 5253 5224 5224 5253 5254 5224 5254 5225 5225 5254 5255 5225 5255 5226 5226 5255 5256 5226 5256 5227 5227 5256 5257 5227 5257 5228 5228 5257 5258 5228 5258 5229 5229 5258 5259 5229 5259 5230 5230 5259 5260 5230 5260 5231 5231 5260 5261 5231 5261 5232 5232 5261 5262 5232 5262 5233 5233 5262 5263 5233 5263 5234 5234 5263 5264 5234 5264 5235 5235 5264 5265 5235 5265 5236 5236 5265 5266 5236 5266 5237 5237 5266 5267 5237 5267 5238 5238 5267 5268 5238 5268 5239 5239 5268 5269 5239 5269 5240 5240 5269 5270 5240 5270 5241 5241 5270 5271 5241 5271 5242 5242 5271 5272 5242 5272 5243 5243 5272 5273 5243 5273 5244 5244 5273 5274 5244 5274 5245 5245 5274 5275 5245 5275 5246 5246 5275 5276 5246 5276 5247 5247 5276 5277 5247 5277 5248 5248 5277 5278 5248 5278 5249 5249 5278 5279 5249 5279 5250 5250 5279 5280 5250 5280 5251 5251 5280 5281 5251 5281 4021 5252 3990 5282 5252 5282 5253 5253 5282 5283 5253 5283 5254 5254 5283 5284 5254 5284 5255 5255 5284 5285 5255 5285 5256 5256 5285 5286 5256 5286 5257 5257 5286 5287 5257 5287 5258 5258 5287 5288 5258 5288 5259 5259 5288 5289 5259 5289 5260 5260 5289 5290 5260 5290 5261 5261 5290 5291 5261 5291 5262 5262 5291 5292 5262 5292 5263 5263 5292 5293 5263 5293 5264 5264 5293 5294 5264 5294 5265 5265 5294 5295 5265 5295 5266 5266 5295 5296 5266 5296 5267 5267 5296 5297 5267 5297 5268 5268 5297 5298 5268 5298 5269 5269 5298 5299 5269 5299 5270 5270 5299 5300 5270 5300 5271 5271 5300 5301 5271 5301 5272 5272 5301 5302 5272 5302 5273 5273 5302 5303 5273 5303 5274 5274 5303 5304 5274 5304 5275 5275 5304 5305 5275 5305 5276 5276 5305 5306 5276 5306 5277 5277 5306 5307 5277 5307 5278 5278 5307 5308 5278 5308 5279 5279 5308 5309 5279 5309 5280 5280 5309 5310 5280 5310 5281 5281 5310 5311 5281 5311 4021 5282 3990 5312 5282 5312 5283 5283 5312 5313 5283 5313 5284 5284 5313 5314 5284 5314 5285 5285 5314 5315 5285 5315 5286 5286 5315 5316 5286 5316 5287 5287 5316 5317 5287 5317 5288 5288 5317 5318 5288 5318 5289 5289 5318 5319 5289 5319 5290 5290 5319 5320 5290 5320 5291 5291 5320 5321 5291 5321 5292 5292 5321 5322 5292 5322 5293 5293 5322 5323 5293 5323 5294 5294 5323 5324 5294 5324 5295 5295 5324 5325 5295 5325 5296 5296 5325 5326 5296 5326 5297 5297 5326 5327 5297 5327 5298 5298 5327 5328 5298 5328 5299 5299 5328 5329 5299 5329 5300 5300 5329 5330 5300 5330 5301 5301 5330 5331 5301 5331 5302 5302 5331 5332 5302 5332 5303 5303 5332 5333 5303 5333 5304 5304 5333 5334 5304 5334 5305 5305 5334 5335 5305 5335 5306 5306 5335 5336 5306 5336 5307 5307 5336 5337 5307 5337 5308 5308 5337 5338 5308 5338 5309 5309 5338 5339 5309 5339 5310 5310 5339 5340 5310 5340 5311 5311 5340 5341 5311 5341 4021 5312 3990 5342 5312 5342 5313 5313 5342 5343 5313 5343 5314 5314 5343 5344 5314 5344 5315 5315 5344 5345 5315 5345 5316 5316 5345 5346 5316 5346 5317 5317 5346 5347 5317 5347 5318 5318 5347 5348 5318 5348 5319 5319 5348 5349 5319 5349 5320 5320 5349 5350 5320 5350 5321 5321 5350 5351 5321 5351 5322 5322 5351 5352 5322 5352 5323 5323 5352 5353 5323 5353 5324 5324 5353 5354 5324 5354 5325 5325 5354 5355 5325 5355 5326 5326 5355 5356 5326 5356 5327 5327 5356 5357 5327 5357 5328 5328 5357 5358 5328 5358 5329 5329 5358 5359 5329 5359 5330 5330 5359 5360 5330 5360 5331 5331 5360 5361 5331 5361 5332 5332 5361 5362 5332 5362 5333 5333 5362 5363 5333 5363 5334 5334 5363 5364 5334 5364 5335 5335 5364 5365 5335 5365 5336 5336 5365 5366 5336 5366 5337 5337 5366 5367 5337 5367 5338 5338 5367 5368 5338 5368 5339 5339 5368 5369 5339 5369 5340 5340 5369 5370 5340 5370 5341 5341 5370 5371 5341 5371 4021 5342 3990 5372 5342 5372 5343 5343 5372 5373 5343 5373 5344 5344 5373 5374 5344 5374 5345 5345 5374 5375 5345 5375 5346 5346 5375 5376 5346 5376 5347 5347 5376 5377 5347 5377 5348 5348 5377 5378 5348 5378 5349 5349 5378 5379 5349 5379 5350 5350 5379 5380 5350 5380 5351 5351 5380 5381 5351 5381 5352 5352 5381 5382 5352 5382 5353 5353 5382 5383 5353 5383 5354 5354 5383 5384 5354 5384 5355 5355 5384 5385 5355 5385 5356 5356 5385 5386 5356 5386 5357 5357 5386 5387 5357 5387 5358 5358 5387 5388 5358 5388 5359 5359 5388 5389 5359 5389 5360 5360 5389 5390 5360 5390 5361 5361 5390 5391 5361 5391 5362 5362 5391 5392 5362 5392 5363 5363 5392 5393 5363 5393 5364 5364 5393 5394 5364 5394 5365 5365 5394 5395 5365 5395 5366 5366 5395 5396 5366 5396 5367 5367 5396 5397 5367 5397 5368 5368 5397 5398 5368 5398 5369 5369 5398 5399 5369 5399 5370 5370 5399 5400 5370 5400 5371 5371 5400 5401 5371 5401 4021 5372 3990 5402 5372 5402 5373 5373 5402 5403 5373 5403 5374 5374 5403 5404 5374 5404 5375 5375 5404 5405 5375 5405 5376 5376 5405 5406 5376 5406 5377 5377 5406 5407 5377 5407 5378 5378 5407 5408 5378 5408 5379 5379 5408 5409 5379 5409 5380 5380 5409 5410 5380 5410 5381 5381 5410 5411 5381 5411 5382 5382 5411 5412 5382 5412 5383 5383 5412 5413 5383 5413 5384 5384 5413 5414 5384 5414 5385 5385 5414 5415 5385 5415 5386 5386 5415 5416 5386 5416 5387 5387 5416 5417 5387 5417 5388 5388 5417 5418 5388 5418 5389 5389 5418 5419 5389 5419 5390 5390 5419 5420 5390 5420 5391 5391 5420 5421 5391 5421 5392 5392 5421 5422 5392 5422 5393 5393 5422 5423 5393 5423 5394 5394 5423 5424 5394 5424 5395 5395 5424 5425 5395 5425 5396 5396 5425 5426 5396 5426 5397 5397 5426 5427 5397 5427 5398 5398 5427 5428 5398 5428 5399 5399 5428 5429 5399 5429 5400 5400 5429 5430 5400 5430 5401 5401 5430 5431 5401 5431 4021 5402 3990 5432 5402 5432 5403 5403 5432 5433 5403 5433 5404 5404 5433 5434 5404 5434 5405 5405 5434 5435 5405 5435 5406 5406 5435 5436 5406 5436 5407 5407 5436 5437 5407 5437 5408 5408 5437 5438 5408 5438 5409 5409 5438 5439 5409 5439 5410 5410 5439 5440 5410 5440 5411 5411 5440 5441 5411 5441 5412 5412 5441 5442 5412 5442 5413 5413 5442 5443 5413 5443 5414 5414 5443 5444 5414 5444 5415 5415 5444 5445 5415 5445 5416 5416 5445 5446 5416 5446 5417 5417 5446 5447 5417 5447 5418 5418 5447 5448 5418 5448 5419 5419 5448 5449 5419 5449 5420 5420 5449 5450 5420 5450 5421 5421 5450 5451 5421 5451 5422 5422 5451 5452 5422 5452 5423 5423 5452 5453 5423 5453 5424 5424 5453 5454 5424 5454 5425 5425 5454 5455 5425 5455 5426 5426 5455 5456 5426 5456 5427 5427 5456 5457 5427 5457 5428 5428 5457 5458 5428 5458 5429 5429 5458 5459 5429 5459 5430 5430 5459 5460 5430 5460 5431 5431 5460 5461 5431 5461 4021 5432 3990 5462 5432 5462 5433 5433 5462 5463 5433 5463 5434 5434 5463 5464 5434 5464 5435 5435 5464 5465 5435 5465 5436 5436 5465 5466 5436 5466 5437 5437 5466 5467 5437 5467 5438 5438 5467 5468 5438 5468 5439 5439 5468 5469 5439 5469 5440 5440 5469 5470 5440 5470 5441 5441 5470 5471 5441 5471 5442 5442 5471 5472 5442 5472 5443 5443 5472 5473 5443 5473 5444 5444 5473 5474 5444 5474 5445 5445 5474 5475 5445 5475 5446 5446 5475 5476 5446 5476 5447 5447 5476 5477 5447 5477 5448 5448 5477 5478 5448 5478 5449 5449 5478 5479 5449 5479 5450 5450 5479 5480 5450 5480 5451 5451 5480 5481 5451 5481 5452 5452 5481 5482 5452 5482 5453 5453 5482 5483 5453 5483 5454 5454 5483 5484 5454 5484 5455 5455 5484 5485 5455 5485 5456 5456 5485 5486 5456 5486 5457 5457 5486 5487 5457 5487 5458 5458 5487 5488 5458 5488 5459 5459 5488 5489 5459 5489 5460 5460 5489 5490 5460 5490 5461 5461 5490 5491 5461 5491 4021 5462 3990 5492 5462 5492 5463 5463 5492 5493 5463 5493 5464 5464 5493 5494 5464 5494 5465 5465 5494 5495 5465 5495 5466 5466 5495 5496 5466 5496 5467 5467 5496 5497 5467 5497 5468 5468 5497 5498 5468 5498 5469 5469 5498 5499 5469 5499 5470 5470 5499 5500 5470 5500 5471 5471 5500 5501 5471 5501 5472 5472 5501 5502 5472 5502 5473 5473 5502 5503 5473 5503 5474 5474 5503 5504 5474 5504 5475 5475 5504 5505 5475 5505 5476 5476 5505 5506 5476 5506 5477 5477 5506 5507 5477 5507 5478 5478 5507 5508 5478 5508 5479 5479 5508 5509 5479 5509 5480 5480 5509 5510 5480 5510 5481 5481 5510 5511 5481 5511 5482 5482 5511 5512 5482 5512 5483 5483 5512 5513 5483 5513 5484 5484 5513 5514 5484 5514 5485 5485 5514 5515 5485 5515 5486 5486 5515 5516 5486 5516 5487 5487 5516 5517 5487 5517 5488 5488 5517 5518 5488 5518 5489 5489 5518 5519 5489 5519 5490 5490 5519 5520 5490 5520 5491 5491 5520 5521 5491 5521 4021 5492 3990 5522 5492 5522 5493 5493 5522 5523 5493 5523 5494 5494 5523 5524 5494 5524 5495 5495 5524 5525 5495 5525 5496 5496 5525 5526 5496 5526 5497 5497 5526 5527 5497 5527 5498 5498 5527 5528 5498 5528 5499 5499 5528 5529 5499 5529 5500 5500 5529 5530 5500 5530 5501 5501 5530 5531 5501 5531 5502 5502 5531 5532 5502 5532 5503 5503 5532 5533 5503 5533 5504 5504 5533 5534 5504 5534 5505 5505 5534 5535 5505 5535 5506 5506 5535 5536 5506 5536 5507 5507 5536 5537 5507 5537 5508 5508 5537 5538 5508 5538 5509 5509 5538 5539 5509 5539 5510 5510 5539 5540 5510 5540 5511 5511 5540 5541 5511 5541 5512 5512 5541 5542 5512 5542 5513 5513 5542 5543 5513 5543 5514 5514 5543 5544 5514 5544 5515 5515 5544 5545 5515 5545 5516 5516 5545 5546 5516 5546 5517 5517 5546 5547 5517 5547 5518 5518 5547 5548 5518 5548 5519 5519 5548 5549 5519 5549 5520 5520 5549 5550 5520 5550 5521 5521 5550 5551 5521 5551 4021 5522 3990 5552 5522 5552 5523 5523 5552 5553 5523 5553 5524 5524 5553 5554 5524 5554 5525 5525 5554 5555 5525 5555 5526 5526 5555 5556 5526 5556 5527 5527 5556 5557 5527 5557 5528 5528 5557 5558 5528 5558 5529 5529 5558 5559 5529 5559 5530 5530 5559 5560 5530 5560 5531 5531 5560 5561 5531 5561 5532 5532 5561 5562 5532 5562 5533 5533 5562 5563 5533 5563 5534 5534 5563 5564 5534 5564 5535 5535 5564 5565 5535 5565 5536 5536 5565 5566 5536 5566 5537 5537 5566 5567 5537 5567 5538 5538 5567 5568 5538 5568 5539 5539 5568 5569 5539 5569 5540 5540 5569 5570 5540 5570 5541 5541 5570 5571 5541 5571 5542 5542 5571 5572 5542 5572 5543 5543 5572 5573 5543 5573 5544 5544 5573 5574 5544 5574 5545 5545 5574 5575 5545 5575 5546 5546 5575 5576 5546 5576 5547 5547 5576 5577 5547 5577 5548 5548 5577 5578 5548 5578 5549 5549 5578 5579 5549 5579 5550 5550 5579 5580 5550 5580 5551 5551 5580 5581 5551 5581 4021 5552 3990 5582 5552 5582 5553 5553 5582 5583 5553 5583 5554 5554 5583 5584 5554 5584 5555 5555 5584 5585 5555 5585 5556 5556 5585 5586 5556 5586 5557 5557 5586 5587 5557 5587 5558 5558 5587 5588 5558 5588 5559 5559 5588 5589 5559 5589 5560 5560 5589 5590 5560 5590 5561 5561 5590 5591 5561 5591 5562 5562 5591 5592 5562 5592 5563 5563 5592 5593 5563 5593 5564 5564 5593 5594 5564 5594 5565 5565 5594 5595 5565 5595 5566 5566 5595 5596 5566 5596 5567 5567 5596 5597 5567 5597 5568 5568 5597 5598 5568 5598 5569 5569 5598 5599 5569 5599 5570 5570 5599 5600 5570 5600 5571 5571 5600 5601 5571 5601 5572 5572 5601 5602 5572 5602 5573 5573 5602 5603 5573 5603 5574 5574 5603 5604 5574 5604 5575 5575 5604 5605 5575 5605 5576 5576 5605 5606 5576 5606 5577 5577 5606 5607 5577 5607 5578 5578 5607 5608 5578 5608 5579 5579 5608 5609 5579 5609 5580 5580 5609 5610 5580 5610 5581 5581 5610 5611 5581 5611 4021 5582 3990 5612 5582 5612 5583 5583 5612 5613 5583 5613 5584 5584 5613 5614 5584 5614 5585 5585 5614 5615 5585 5615 5586 5586 5615 5616 5586 5616 5587 5587 5616 5617 5587 5617 5588 5588 5617 5618 5588 5618 5589 5589 5618 5619 5589 5619 5590 5590 5619 5620 5590 5620 5591 5591 5620 5621 5591 5621 5592 5592 5621 5622 5592 5622 5593 5593 5622 5623 5593 5623 5594 5594 5623 5624 5594 5624 5595 5595 5624 5625 5595 5625 5596 5596 5625 5626 5596 5626 5597 5597 5626 5627 5597 5627 5598 5598 5627 5628 5598 5628 5599 5599 5628 5629 5599 5629 5600 5600 5629 5630 5600 5630 5601 5601 5630 5631 5601 5631 5602 5602 5631 5632 5602 5632 5603 5603 5632 5633 5603 5633 5604 5604 5633 5634 5604 5634 5605 5605 5634 5635 5605 5635 5606 5606 5635 5636 5606 5636 5607 5607 5636 5637 5607 5637 5608 5608 5637 5638 5608 5638 5609 5609 5638 5639 5609 5639 5610 5610 5639 5640 5610 5640 5611 5611 5640 5641 5611 5641 4021 5612 3990 5642 5612 5642 5613 5613 5642 5643 5613 5643 5614 5614 5643 5644 5614 5644 5615 5615 5644 5645 5615 5645 5616 5616 5645 5646 5616 5646 5617 5617 5646 5647 5617 5647 5618 5618 5647 5648 5618 5648 5619 5619 5648 5649 5619 5649 5620 5620 5649 5650 5620 5650 5621 5621 5650 5651 5621 5651 5622 5622 5651 5652 5622 5652 5623 5623 5652 5653 5623 5653 5624 5624 5653 5654 5624 5654 5625 5625 5654 5655 5625 5655 5626 5626 5655 5656 5626 5656 5627 5627 5656 5657 5627 5657 5628 5628 5657 5658 5628 5658 5629 5629 5658 5659 5629 5659 5630 5630 5659 5660 5630 5660 5631 5631 5660 5661 5631 5661 5632 5632 5661 5662 5632 5662 5633 5633 5662 5663 5633 5663 5634 5634 5663 5664 5634 5664 5635 5635 5664 5665 5635 5665 5636 5636 5665 5666 5636 5666 5637 5637 5666 5667 5637 5667 5638 5638 5667 5668 5638 5668 5639 5639 5668 5669 5639 5669 5640 5640 5669 5670 5640 5670 5641 5641 5670 5671 5641 5671 4021 5642 3990 5672 5642 5672 5643 5643 5672 5673 5643 5673 5644 5644 5673 5674 5644 5674 5645 5645 5674 5675 5645 5675 5646 5646 5675 5676 5646 5676 5647 5647 5676 5677 5647 5677 5648 5648 5677 5678 5648 5678 5649 5649 5678 5679 5649 5679 5650 5650 5679 5680 5650 5680 5651 5651 5680 5681 5651 5681 5652 5652 5681 5682 5652 5682 5653 5653 5682 5683 5653 5683 5654 5654 5683 5684 5654 5684 5655 5655 5684 5685 5655 5685 5656 5656 5685 5686 5656 5686 5657 5657 5686 5687 5657 5687 5658 5658 5687 5688 5658 5688 5659 5659 5688 5689 5659 5689 5660 5660 5689 5690 5660 5690 5661 5661 5690 5691 5661 5691 5662 5662 5691 5692 5662 5692 5663 5663 5692 5693 5663 5693 5664 5664 5693 5694 5664 5694 5665 5665 5694 5695 5665 5695 5666 5666 5695 5696 5666 5696 5667 5667 5696 5697 5667 5697 5668 5668 5697 5698 5668 5698 5669 5669 5698 5699 5669 5699 5670 5670 5699 5700 5670 5700 5671 5671 5700 5701 5671 5701 4021 5672 3990 5702 5672 5702 5673 5673 5702 5703 5673 5703 5674 5674 5703 5704 5674 5704 5675 5675 5704 5705 5675 5705 5676 5676 5705 5706 5676 5706 5677 5677 5706 5707 5677 5707 5678 5678 5707 5708 5678 5708 5679 5679 5708 5709 5679 5709 5680 5680 5709 5710 5680 5710 5681 5681 5710 5711 5681 5711 5682 5682 5711 5712 5682 5712 5683 5683 5712 5713 5683 5713 5684 5684 5713 5714 5684 5714 5685 5685 5714 5715 5685 5715 5686 5686 5715 5716 5686 5716 5687 5687 5716 5717 5687 5717 5688 5688 5717 5718 5688 5718 5689 5689 5718 5719 5689 5719 5690 5690 5719 5720 5690 5720 5691 5691 5720 5721 5691 5721 5692 5692 5721 5722 5692 5722 5693 5693 5722 5723 5693 5723 5694 5694 5723 5724 5694 5724 5695 5695 5724 5725 5695 5725 5696 5696 5725 5726 5696 5726 5697 5697 5726 5727 5697 5727 5698 5698 5727 5728 5698 5728 5699 5699 5728 5729 5699 5729 5700 5700 5729 5730 5700 5730 5701 5701 5730 5731 5701 5731 4021 5702 3990 5732 5702 5732 5703 5703 5732 5733 5703 5733 5704 5704 5733 5734 5704 5734 5705 5705 5734 5735 5705 5735 5706 5706 5735 5736 5706 5736 5707 5707 5736 5737 5707 5737 5708 5708 5737 5738 5708 5738 5709 5709 5738 5739 5709 5739 5710 5710 5739 5740 5710 5740 5711 5711 5740 5741 5711 5741 5712 5712 5741 5742 5712 5742 5713 5713 5742 5743 5713 5743 5714 5714 5743 5744 5714 5744 5715 5715 5744 5745 5715 5745 5716 5716 5745 5746 5716 5746 5717 5717 5746 5747 5717 5747 5718 5718 5747 5748 5718 5748 5719 5719 5748 5749 5719 5749 5720 5720 5749 5750 5720 5750 5721 5721 5750 5751 5721 5751 5722 5722 5751 5752 5722 5752 5723 5723 5752 5753 5723 5753 5724 5724 5753 5754 5724 5754 5725 5725 5754 5755 5725 5755 5726 5726 5755 5756 5726 5756 5727 5727 5756 5757 5727 5757 5728 5728 5757 5758 5728 5758 5729 5729 5758 5759 5729 5759 5730 5730 5759 5760 5730 5760 5731 5731 5760 5761 5731 5761 4021 5732 3990 5762 5732 5762 5733 5733 5762 5763 5733 5763 5734 5734 5763 5764 5734 5764 5735 5735 5764 5765 5735 5765 5736 5736 5765 5766 5736 5766 5737 5737 5766 5767 5737 5767 5738 5738 5767 5768 5738 5768 5739 5739 5768 5769 5739 5769 5740 5740 5769 5770 5740 5770 5741 5741 5770 5771 5741 5771 5742 5742 5771 5772 5742 5772 5743 5743 5772 5773 5743 5773 5744 5744 5773 5774 5744 5774 5745 5745 5774 5775 5745 5775 5746 5746 5775 5776 5746 5776 5747 5747 5776 5777 5747 5777 5748 5748 5777 5778 5748 5778 5749 5749 5778 5779 5749 5779 5750 5750 5779 5780 5750 5780 5751 5751 5780 5781 5751 5781 5752 5752 5781 5782 5752 5782 5753 5753 5782 5783 5753 5783 5754 5754 5783 5784 5754 5784 5755 5755 5784 5785 5755 5785 5756 5756 5785 5786 5756 5786 5757 5757 5786 5787 5757 5787 5758 5758 5787 5788 5758 5788 5759 5759 5788 5789 5759 5789 5760 5760 5789 5790 5760 5790 5761 5761 5790 5791 5761 5791 4021 5762 3990 5792 5762 5792 5763 5763 5792 5793 5763 5793 5764 5764 5793 5794 5764 5794 5765 5765 5794 5795 5765 5795 5766 5766 5795 5796 5766 5796 5767 5767 5796 5797 5767 5797 5768 5768 5797 5798 5768 5798 5769 5769 5798 5799 5769 5799 5770 5770 5799 5800 5770 5800 5771 5771 5800 5801 5771 5801 5772 5772 5801 5802 5772 5802 5773 5773 5802 5803 5773 5803 5774 5774 5803 5804 5774 5804 5775 5775 5804 5805 5775 5805 5776 5776 5805 5806 5776 5806 5777 5777 5806 5807 5777 5807 5778 5778 5807 5808 5778 5808 5779 5779 5808 5809 5779 5809 5780 5780 5809 5810 5780 5810 5781 5781 5810 5811 5781 5811 5782 5782 5811 5812 5782 5812 5783 5783 5812 5813 5783 5813 5784 5784 5813 5814 5784 5814 5785 5785 5814 5815 5785 5815 5786 5786 5815 5816 5786 5816 5787 5787 5816 5817 5787 5817 5788 5788 5817 5818 5788 5818 5789 5789 5818 5819 5789 5819 5790 5790 5819 5820 5790 5820 5791 5791 5820 5821 5791 5821 4021 5792 3990 5822 5792 5822 5793 5793 5822 5823 5793 5823 5794 5794 5823 5824 5794 5824 5795 5795 5824 5825 5795 5825 5796 5796 5825 5826 5796 5826 5797 5797 5826 5827 5797 5827 5798 5798 5827 5828 5798 5828 5799 5799 5828 5829 5799 5829 5800 5800 5829 5830 5800 5830 5801 5801 5830 5831 5801 5831 5802 5802 5831 5832 5802 5832 5803 5803 5832 5833 5803 5833 5804 5804 5833 5834 5804 5834 5805 5805 5834 5835 5805 5835 5806 5806 5835 5836 5806 5836 5807 5807 5836 5837 5807 5837 5808 5808 5837 5838 5808 5838 5809 5809 5838 5839 5809 5839 5810 5810 5839 5840 5810 5840 5811 5811 5840 5841 5811 5841 5812 5812 5841 5842 5812 5842 5813 5813 5842 5843 5813 5843 5814 5814 5843 5844 5814 5844 5815 5815 5844 5845 5815 5845 5816 5816 5845 5846 5816 5846 5817 5817 5846 5847 5817 5847 5818 5818 5847 5848 5818 5848 5819 5819 5848 5849 5819 5849 5820 5820 5849 5850 5820 5850 5821 5821 5850 5851 5821 5851 4021 5822 3990 5852 5822 5852 5823 5823 5852 5853 5823 5853 5824 5824 5853 5854 5824 5854 5825 5825 5854 5855 5825 5855 5826 5826 5855 5856 5826 5856 5827 5827 5856 5857 5827 5857 5828 5828 5857 5858 5828 5858 5829 5829 5858 5859 5829 5859 5830 5830 5859 5860 5830 5860 5831 5831 5860 5861 5831 5861 5832 5832 5861 5862 5832 5862 5833 5833 5862 5863 5833 5863 5834 5834 5863 5864 5834 5864 5835 5835 5864 5865 5835 5865 5836 5836 5865 5866 5836 5866 5837 5837 5866 5867 5837 5867 5838 5838 5867 5868 5838 5868 5839 5839 5868 5869 5839 5869 5840 5840 5869 5870 5840 5870 5841 5841 5870 5871 5841 5871 5842 5842 5871 5872 5842 5872 5843 5843 5872 5873 5843 5873 5844 5844 5873 5874 5844 5874 5845 5845 5874 5875 5845 5875 5846 5846 5875 5876 5846 5876 5847 5847 5876 5877 5847 5877 5848 5848 5877 5878 5848 5878 5849 5849 5878 5879 5849 5879 5850 5850 5879 5880 5850 5880 5851 5851 5880 5881 5851 5881 4021 5852 3990 5882 5852 5882 5853 5853 5882 5883 5853 5883 5854 5854 5883 5884 5854 5884 5855 5855 5884 5885 5855 5885 5856 5856 5885 5886 5856 5886 5857 5857 5886 5887 5857 5887 5858 5858 5887 5888 5858 5888 5859 5859 5888 5889 5859 5889 5860 5860 5889 5890 5860 5890 5861 5861 5890 5891 5861 5891 5862 5862 5891 5892 5862 5892 5863 5863 5892 5893 5863 5893 5864 5864 5893 5894 5864 5894 5865 5865 5894 5895 5865 5895 5866 5866 5895 5896 5866 5896 5867 5867 5896 5897 5867 5897 5868 5868 5897 5898 5868 5898 5869 5869 5898 5899 5869 5899 5870 5870 5899 5900 5870 5900 5871 5871 5900 5901 5871 5901 5872 5872 5901 5902 5872 5902 5873 5873 5902 5903 5873 5903 5874 5874 5903 5904 5874 5904 5875 5875 5904 5905 5875 5905 5876 5876 5905 5906 5876 5906 5877 5877 5906 5907 5877 5907 5878 5878 5907 5908 5878 5908 5879 5879 5908 5909 5879 5909 5880 5880 5909 5910 5880 5910 5881 5881 5910 5911 5881 5911 4021 5882 3990 3991 5882 3991 5883 5883 3991 3992 5883 3992 5884 5884 3992 3993 5884 3993 5885 5885 3993 3994 5885 3994 5886 5886 3994 3995 5886 3995 5887 5887 3995 3996 5887 3996 5888 5888 3996 3997 5888 3997 5889 5889 3997 3998 5889 3998 5890 5890 3998 3999 5890 3999 5891 5891 3999 4000 5891 4000 5892 5892 4000 4001 5892 4001 5893 5893 4001 4002 5893 4002 5894 5894 4002 4003 5894 4003 5895 5895 4003 4004 5895 4004 5896 5896 4004 4005 5896 4005 5897 5897 4005 4006 5897 4006 5898 5898 4006 4007 5898 4007 5899 5899 4007 4008 5899 4008 5900 5900 4008 4009 5900 4009 5901 5901 4009 4010 5901 4010 5902 5902 4010 4011 5902 4011 5903 5903 4011 4012 5903 4012 5904 5904 4012 4013 5904 4013 5905 5905 4013 4014 5905 4014 5906 5906 4014 4015 5906 4015 5907 5907 4015 4016 5907 4016 5908 5908 4016 4017 5908 4017 5909 5909 4017 4018 5909 4018 5910 5910 4018 4019 5910 4019 5911 5911 4019 4020 5911 4020 4021 5913 5912 5944 5913 5944 5914 5914 5944 5945 5914 5945 5915 5915 5945 5946 5915 5946 5916 5916 5946 5947 5916 5947 5917 5917 5947 5948 5917 5948 5918 5918 5948 5949 5918 5949 5919 5919 5949 5950 5919 5950 5920 5920 5950 5951 5920 5951 5921 5921 5951 5952 5921 5952 5922 5922 5952 5953 5922 5953 5923 5923 5953 5954 5923 5954 5924 5924 5954 5955 5924 5955 5925 5925 5955 5956 5925 5956 5926 5926 5956 5957 5926 5957 5927 5927 5957 5958 5927 5958 5928 5928 5958 5959 5928 5959 5929 5929 5959 5960 5929 5960 5930 5930 5960 5961 5930 5961 5931 5931 5961 5962 5931 5962 5932 5932 5962 5963 5932 5963 5933 5933 5963 5964 5933 5964 5934 5934 5964 5965 5934 5965 5935 5935 5965 5966 5935 5966 5936 5936 5966 5967 5936 5967 5937 5937 5967 5968 5937 5968 5938 5938 5968 5969 5938 5969 5939 5939 5969 5970 5939 5970 5940 5940 5970 5971 5940 5971 5941 5941 5971 5972 5941 5972 5942 5942 5972 5973 5942 5973 5943 5944 5912 5974 5944 5974 5945 5945 5974 5975 5945 5975 5946 5946 5975 5976 5946 5976 5947 5947 5976 5977 5947 5977 5948 5948 5977 5978 5948 5978 5949 5949 5978 5979 5949 5979 5950 5950 5979 5980 5950 5980 5951 5951 5980 5981 5951 5981 5952 5952 5981 5982 5952 5982 5953 5953 5982 5983 5953 5983 5954 5954 5983 5984 5954 5984 5955 5955 5984 5985 5955 5985 5956 5956 5985 5986 5956 5986 5957 5957 5986 5987 5957 5987 5958 5958 5987 5988 5958 5988 5959 5959 5988 5989 5959 5989 5960 5960 5989 5990 5960 5990 5961 5961 5990 5991 5961 5991 5962 5962 5991 5992 5962 5992 5963 5963 5992 5993 5963 5993 5964 5964 5993 5994 5964 5994 5965 5965 5994 5995 5965 5995 5966 5966 5995 5996 5966 5996 5967 5967 5996 5997 5967 5997 5968 5968 5997 5998 5968 5998 5969 5969 5998 5999 5969 5999 5970 5970 5999 6000 5970 6000 5971 5971 6000 6001 5971 6001 5972 5972 6001 6002 5972 6002 5973 5973 6002 6003 5973 6003 5943 5974 5912 6004 5974 6004 5975 5975 6004 6005 5975 6005 5976 5976 6005 6006 5976 6006 5977 5977 6006 6007 5977 6007 5978 5978 6007 6008 5978 6008 5979 5979 6008 6009 5979 6009 5980 5980 6009 6010 5980 6010 5981 5981 6010 6011 5981 6011 5982 5982 6011 6012 5982 6012 5983 5983 6012 6013 5983 6013 5984 5984 6013 6014 5984 6014 5985 5985 6014 6015 5985 6015 5986 5986 6015 6016 5986 6016 5987 5987 6016 6017 5987 6017 5988 5988 6017 6018 5988 6018 5989 5989 6018 6019 5989 6019 5990 5990 6019 6020 5990 6020 5991 5991 6020 6021 5991 6021 5992 5992 6021 6022 5992 6022 5993 5993 6022 6023 5993 6023 5994 5994 6023 6024 5994 6024 5995 5995 6024 6025 5995 6025 5996 5996 6025 6026 5996 6026 5997 5997 6026 6027 5997 6027 5998 5998 6027 6028 5998 6028 5999 5999 6028 6029 5999 6029 6000 6000 6029 6030 6000 6030 6001 6001 6030 6031 6001 6031 6002 6002 6031 6032 6002 6032 6003 6003 6032 6033 6003 6033 5943 6004 5912 6034 6004 6034 6005 6005 6034 6035 6005 6035 6006 6006 6035 6036 6006 6036 6007 6007 6036 6037 6007 6037 6008 6008 6037 6038 6008 6038 6009 6009 6038 6039 6009 6039 6010 6010 6039 6040 6010 6040 6011 6011 6040 6041 6011 6041 6012 6012 6041 6042 6012 6042 6013 6013 6042 6043 6013 6043 6014 6014 6043 6044 6014 6044 6015 6015 6044 6045 6015 6045 6016 6016 6045 6046 6016 6046 6017 6017 6046 6047 6017 6047 6018 6018 6047 6048 6018 6048 6019 6019 6048 6049 6019 6049 6020 6020 6049 6050 6020 6050 6021 6021 6050 6051 6021 6051 6022 6022 6051 6052 6022 6052 6023 6023 6052 6053 6023 6053 6024 6024 6053 6054 6024 6054 6025 6025 6054 6055 6025 6055 6026 6026 6055 6056 6026 6056 6027 6027 6056 6057 6027 6057 6028 6028 6057 6058 6028 6058 6029 6029 6058 6059 6029 6059 6030 6030 6059 6060 6030 6060 6031 6031 6060 6061 6031 6061 6032 6032 6061 6062 6032 6062 6033 6033 6062 6063 6033 6063 5943 6034 5912 6064 6034 6064 6035 6035 6064 6065 6035 6065 6036 6036 6065 6066 6036 6066 6037 6037 6066 6067 6037 6067 6038 6038 6067 6068 6038 6068 6039 6039 6068 6069 6039 6069 6040 6040 6069 6070 6040 6070 6041 6041 6070 6071 6041 6071 6042 6042 6071 6072 6042 6072 6043 6043 6072 6073 6043 6073 6044 6044 6073 6074 6044 6074 6045 6045 6074 6075 6045 6075 6046 6046 6075 6076 6046 6076 6047 6047 6076 6077 6047 6077 6048 6048 6077 6078 6048 6078 6049 6049 6078 6079 6049 6079 6050 6050 6079 6080 6050 6080 6051 6051 6080 6081 6051 6081 6052 6052 6081 6082 6052 6082 6053 6053 6082 6083 6053 6083 6054 6054 6083 6084 6054 6084 6055 6055 6084 6085 6055 6085 6056 6056 6085 6086 6056 6086 6057 6057 6086 6087 6057 6087 6058 6058 6087 6088 6058 6088 6059 6059 6088 6089 6059 6089 6060 6060 6089 6090 6060 6090 6061 6061 6090 6091 6061 6091 6062 6062 6091 6092 6062 6092 6063 6063 6092 6093 6063 6093 5943 6064 5912 6094 6064 6094 6065 6065 6094 6095 6065 6095 6066 6066 6095 6096 6066 6096 6067 6067 6096 6097 6067 6097 6068 6068 6097 6098 6068 6098 6069 6069 6098 6099 6069 6099 6070 6070 6099 6100 6070 6100 6071 6071 6100 6101 6071 6101 6072 6072 6101 6102 6072 6102 6073 6073 6102 6103 6073 6103 6074 6074 6103 6104 6074 6104 6075 6075 6104 6105 6075 6105 6076 6076 6105 6106 6076 6106 6077 6077 6106 6107 6077 6107 6078 6078 6107 6108 6078 6108 6079 6079 6108 6109 6079 6109 6080 6080 6109 6110 6080 6110 6081 6081 6110 6111 6081 6111 6082 6082 6111 6112 6082 6112 6083 6083 6112 6113 6083 6113 6084 6084 6113 6114 6084 6114 6085 6085 6114 6115 6085 6115 6086 6086 6115 6116 6086 6116 6087 6087 6116 6117 6087 6117 6088 6088 6117 6118 6088 6118 6089 6089 6118 6119 6089 6119 6090 6090 6119 6120 6090 6120 6091 6091 6120 6121 6091 6121 6092 6092 6121 6122 6092 6122 6093 6093 6122 6123 6093 6123 5943 6094 5912 6124 6094 6124 6095 6095 6124 6125 6095 6125 6096 6096 6125 6126 6096 6126 6097 6097 6126 6127 6097 6127 6098 6098 6127 6128 6098 6128 6099 6099 6128 6129 6099 6129 6100 6100 6129 6130 6100 6130 6101 6101 6130 6131 6101 6131 6102 6102 6131 6132 6102 6132 6103 6103 6132 6133 6103 6133 6104 6104 6133 6134 6104 6134 6105 6105 6134 6135 6105 6135 6106 6106 6135 6136 6106 6136 6107 6107 6136 6137 6107 6137 6108 6108 6137 6138 6108 6138 6109 6109 6138 6139 6109 6139 6110 6110 6139 6140 6110 6140 6111 6111 6140 6141 6111 6141 6112 6112 6141 6142 6112 6142 6113 6113 6142 6143 6113 6143 6114 6114 6143 6144 6114 6144 6115 6115 6144 6145 6115 6145 6116 6116 6145 6146 6116 6146 6117 6117 6146 6147 6117 6147 6118 6118 6147 6148 6118 6148 6119 6119 6148 6149 6119 6149 6120 6120 6149 6150 6120 6150 6121 6121 6150 6151 6121 6151 6122 6122 6151 6152 6122 6152 6123 6123 6152 6153 6123 6153 5943 6124 5912 6154 6124 6154 6125 6125 6154 6155 6125 6155 6126 6126 6155 6156 6126 6156 6127 6127 6156 6157 6127 6157 6128 6128 6157 6158 6128 6158 6129 6129 6158 6159 6129 6159 6130 6130 6159 6160 6130 6160 6131 6131 6160 6161 6131 6161 6132 6132 6161 6162 6132 6162 6133 6133 6162 6163 6133 6163 6134 6134 6163 6164 6134 6164 6135 6135 6164 6165 6135 6165 6136 6136 6165 6166 6136 6166 6137 6137 6166 6167 6137 6167 6138 6138 6167 6168 6138 6168 6139 6139 6168 6169 6139 6169 6140 6140 6169 6170 6140 6170 6141 6141 6170 6171 6141 6171 6142 6142 6171 6172 6142 6172 6143 6143 6172 6173 6143 6173 6144 6144 6173 6174 6144 6174 6145 6145 6174 6175 6145 6175 6146 6146 6175 6176 6146 6176 6147 6147 6176 6177 6147 6177 6148 6148 6177 6178 6148 6178 6149 6149 6178 6179 6149 6179 6150 6150 6179 6180 6150 6180 6151 6151 6180 6181 6151 6181 6152 6152 6181 6182 6152 6182 6153 6153 6182 6183 6153 6183 5943 6154 5912 6184 6154 6184 6155 6155 6184 6185 6155 6185 6156 6156 6185 6186 6156 6186 6157 6157 6186 6187 6157 6187 6158 6158 6187 6188 6158 6188 6159 6159 6188 6189 6159 6189 6160 6160 6189 6190 6160 6190 6161 6161 6190 6191 6161 6191 6162 6162 6191 6192 6162 6192 6163 6163 6192 6193 6163 6193 6164 6164 6193 6194 6164 6194 6165 6165 6194 6195 6165 6195 6166 6166 6195 6196 6166 6196 6167 6167 6196 6197 6167 6197 6168 6168 6197 6198 6168 6198 6169 6169 6198 6199 6169 6199 6170 6170 6199 6200 6170 6200 6171 6171 6200 6201 6171 6201 6172 6172 6201 6202 6172 6202 6173 6173 6202 6203 6173 6203 6174 6174 6203 6204 6174 6204 6175 6175 6204 6205 6175 6205 6176 6176 6205 6206 6176 6206 6177 6177 6206 6207 6177 6207 6178 6178 6207 6208 6178 6208 6179 6179 6208 6209 6179 6209 6180 6180 6209 6210 6180 6210 6181 6181 6210 6211 6181 6211 6182 6182 6211 6212 6182 6212 6183 6183 6212 6213 6183 6213 5943 6184 5912 6214 6184 6214 6185 6185 6214 6215 6185 6215 6186 6186 6215 6216 6186 6216 6187 6187 6216 6217 6187 6217 6188 6188 6217 6218 6188 6218 6189 6189 6218 6219 6189 6219 6190 6190 6219 6220 6190 6220 6191 6191 6220 6221 6191 6221 6192 6192 6221 6222 6192 6222 6193 6193 6222 6223 6193 6223 6194 6194 6223 6224 6194 6224 6195 6195 6224 6225 6195 6225 6196 6196 6225 6226 6196 6226 6197 6197 6226 6227 6197 6227 6198 6198 6227 6228 6198 6228 6199 6199 6228 6229 6199 6229 6200 6200 6229 6230 6200 6230 6201 6201 6230 6231 6201 6231 6202 6202 6231 6232 6202 6232 6203 6203 6232 6233 6203 6233 6204 6204 6233 6234 6204 6234 6205 6205 6234 6235 6205 6235 6206 6206 6235 6236 6206 6236 6207 6207 6236 6237 6207 6237 6208 6208 6237 6238 6208 6238 6209 6209 6238 6239 6209 6239 6210 6210 6239 6240 6210 6240 6211 6211 6240 6241 6211 6241 6212 6212 6241 6242 6212 6242 6213 6213 6242 6243 6213 6243 5943 6214 5912 6244 6214 6244 6215 6215 6244 6245 6215 6245 6216 6216 6245 6246 6216 6246 6217 6217 6246 6247 6217 6247 6218 6218 6247 6248 6218 6248 6219 6219 6248 6249 6219 6249 6220 6220 6249 6250 6220 6250 6221 6221 6250 6251 6221 6251 6222 6222 6251 6252 6222 6252 6223 6223 6252 6253 6223 6253 6224 6224 6253 6254 6224 6254 6225 6225 6254 6255 6225 6255 6226 6226 6255 6256 6226 6256 6227 6227 6256 6257 6227 6257 6228 6228 6257 6258 6228 6258 6229 6229 6258 6259 6229 6259 6230 6230 6259 6260 6230 6260 6231 6231 6260 6261 6231 6261 6232 6232 6261 6262 6232 6262 6233 6233 6262 6263 6233 6263 6234 6234 6263 6264 6234 6264 6235 6235 6264 6265 6235 6265 6236 6236 6265 6266 6236 6266 6237 6237 6266 6267 6237 6267 6238 6238 6267 6268 6238 6268 6239 6239 6268 6269 6239 6269 6240 6240 6269 6270 6240 6270 6241 6241 6270 6271 6241 6271 6242 6242 6271 6272 6242 6272 6243 6243 6272 6273 6243 6273 5943 6244 5912 6274 6244 6274 6245 6245 6274 6275 6245 6275 6246 6246 6275 6276 6246 6276 6247 6247 6276 6277 6247 6277 6248 6248 6277 6278 6248 6278 6249 6249 6278 6279 6249 6279 6250 6250 6279 6280 6250 6280 6251 6251 6280 6281 6251 6281 6252 6252 6281 6282 6252 6282 6253 6253 6282 6283 6253 6283 6254 6254 6283 6284 6254 6284 6255 6255 6284 6285 6255 6285 6256 6256 6285 6286 6256 6286 6257 6257 6286 6287 6257 6287 6258 6258 6287 6288 6258 6288 6259 6259 6288 6289 6259 6289 6260 6260 6289 6290 6260 6290 6261 6261 6290 6291 6261 6291 6262 6262 6291 6292 6262 6292 6263 6263 6292 6293 6263 6293 6264 6264 6293 6294 6264 6294 6265 6265 6294 6295 6265 6295 6266 6266 6295 6296 6266 6296 6267 6267 6296 6297 6267 6297 6268 6268 6297 6298 6268 6298 6269 6269 6298 6299 6269 6299 6270 6270 6299 6300 6270 6300 6271 6271 6300 6301 6271 6301 6272 6272 6301 6302 6272 6302 6273 6273 6302 6303 6273 6303 5943 6274 5912 6304 6274 6304 6275 6275 6304 6305 6275 6305 6276 6276 6305 6306 6276 6306 6277 6277 6306 6307 6277 6307 6278 6278 6307 6308 6278 6308 6279 6279 6308 6309 6279 6309 6280 6280 6309 6310 6280 6310 6281 6281 6310 6311 6281 6311 6282 6282 6311 6312 6282 6312 6283 6283 6312 6313 6283 6313 6284 6284 6313 6314 6284 6314 6285 6285 6314 6315 6285 6315 6286 6286 6315 6316 6286 6316 6287 6287 6316 6317 6287 6317 6288 6288 6317 6318 6288 6318 6289 6289 6318 6319 6289 6319 6290 6290 6319 6320 6290 6320 6291 6291 6320 6321 6291 6321 6292 6292 6321 6322 6292 6322 6293 6293 6322 6323 6293 6323 6294 6294 6323 6324 6294 6324 6295 6295 6324 6325 6295 6325 6296 6296 6325 6326 6296 6326 6297 6297 6326 6327 6297 6327 6298 6298 6327 6328 6298 6328 6299 6299 6328 6329 6299 6329 6300 6300 6329 6330 6300 6330 6301 6301 6330 6331 6301 6331 6302 6302 6331 6332 6302 6332 6303 6303 6332 6333 6303 6333 5943 6304 5912 6334 6304 6334 6305 6305 6334 6335 6305 6335 6306 6306 6335 6336 6306 6336 6307 6307 6336 6337 6307 6337 6308 6308 6337 6338 6308 6338 6309 6309 6338 6339 6309 6339 6310 6310 6339 6340 6310 6340 6311 6311 6340 6341 6311 6341 6312 6312 6341 6342 6312 6342 6313 6313 6342 6343 6313 6343 6314 6314 6343 6344 6314 6344 6315 6315 6344 6345 6315 6345 6316 6316 6345 6346 6316 6346 6317 6317 6346 6347 6317 6347 6318 6318 6347 6348 6318 6348 6319 6319 6348 6349 6319 6349 6320 6320 6349 6350 6320 6350 6321 6321 6350 6351 6321 6351 6322 6322 6351 6352 6322 6352 6323 6323 6352 6353 6323 6353 6324 6324 6353 6354 6324 6354 6325 6325 6354 6355 6325 6355 6326 6326 6355 6356 6326 6356 6327 6327 6356 6357 6327 6357 6328 6328 6357 6358 6328 6358 6329 6329 6358 6359 6329 6359 6330 6330 6359 6360 6330 6360 6331 6331 6360 6361 6331 6361 6332 6332 6361 6362 6332 6362 6333 6333 6362 6363 6333 6363 5943 6334 5912 6364 6334 6364 6335 6335 6364 6365 6335 6365 6336 6336 6365 6366 6336 6366 6337 6337 6366 6367 6337 6367 6338 6338 6367 6368 6338 6368 6339 6339 6368 6369 6339 6369 6340 6340 6369 6370 6340 6370 6341 6341 6370 6371 6341 6371 6342 6342 6371 6372 6342 6372 6343 6343 6372 6373 6343 6373 6344 6344 6373 6374 6344 6374 6345 6345 6374 6375 6345 6375 6346 6346 6375 6376 6346 6376 6347 6347 6376 6377 6347 6377 6348 6348 6377 6378 6348 6378 6349 6349 6378 6379 6349 6379 6350 6350 6379 6380 6350 6380 6351 6351 6380 6381 6351 6381 6352 6352 6381 6382 6352 6382 6353 6353 6382 6383 6353 6383 6354 6354 6383 6384 6354 6384 6355 6355 6384 6385 6355 6385 6356 6356 6385 6386 6356 6386 6357 6357 6386 6387 6357 6387 6358 6358 6387 6388 6358 6388 6359 6359 6388 6389 6359 6389 6360 6360 6389 6390 6360 6390 6361 6361 6390 6391 6361 6391 6362 6362 6391 6392 6362 6392 6363 6363 6392 6393 6363 6393 5943 6364 5912 6394 6364 6394 6365 6365 6394 6395 6365 6395 6366 6366 6395 6396 6366 6396 6367 6367 6396 6397 6367 6397 6368 6368 6397 6398 6368 6398 6369 6369 6398 6399 6369 6399 6370 6370 6399 6400 6370 6400 6371 6371 6400 6401 6371 6401 6372 6372 6401 6402 6372 6402 6373 6373 6402 6403 6373 6403 6374 6374 6403 6404 6374 6404 6375 6375 6404 6405 6375 6405 6376 6376 6405 6406 6376 6406 6377 6377 6406 6407 6377 6407 6378 6378 6407 6408 6378 6408 6379 6379 6408 6409 6379 6409 6380 6380 6409 6410 6380 6410 6381 6381 6410 6411 6381 6411 6382 6382 6411 6412 6382 6412 6383 6383 6412 6413 6383 6413 6384 6384 6413 6414 6384 6414 6385 6385 6414 6415 6385 6415 6386 6386 6415 6416 6386 6416 6387 6387 6416 6417 6387 6417 6388 6388 6417 6418 6388 6418 6389 6389 6418 6419 6389 6419 6390 6390 6419 6420 6390 6420 6391 6391 6420 6421 6391 6421 6392 6392 6421 6422 6392 6422 6393 6393 6422 6423 6393 6423 5943 6394 5912 6424 6394 6424 6395 6395 6424 6425 6395 6425 6396 6396 6425 6426 6396 6426 6397 6397 6426 6427 6397 6427 6398 6398 6427 6428 6398 6428 6399 6399 6428 6429 6399 6429 6400 6400 6429 6430 6400 6430 6401 6401 6430 6431 6401 6431 6402 6402 6431 6432 6402 6432 6403 6403 6432 6433 6403 6433 6404 6404 6433 6434 6404 6434 6405 6405 6434 6435 6405 6435 6406 6406 6435 6436 6406 6436 6407 6407 6436 6437 6407 6437 6408 6408 6437 6438 6408 6438 6409 6409 6438 6439 6409 6439 6410 6410 6439 6440 6410 6440 6411 6411 6440 6441 6411 6441 6412 6412 6441 6442 6412 6442 6413 6413 6442 6443 6413 6443 6414 6414 6443 6444 6414 6444 6415 6415 6444 6445 6415 6445 6416 6416 6445 6446 6416 6446 6417 6417 6446 6447 6417 6447 6418 6418 6447 6448 6418 6448 6419 6419 6448 6449 6419 6449 6420 6420 6449 6450 6420 6450 6421 6421 6450 6451 6421 6451 6422 6422 6451 6452 6422 6452 6423 6423 6452 6453 6423 6453 5943 6424 5912 6454 6424 6454 6425 6425 6454 6455 6425 6455 6426 6426 6455 6456 6426 6456 6427 6427 6456 6457 6427 6457 6428 6428 6457 6458 6428 6458 6429 6429 6458 6459 6429 6459 6430 6430 6459 6460 6430 6460 6431 6431 6460 6461 6431 6461 6432 6432 6461 6462 6432 6462 6433 6433 6462 6463 6433 6463 6434 6434 6463 6464 6434 6464 6435 6435 6464 6465 6435 6465 6436 6436 6465 6466 6436 6466 6437 6437 6466 6467 6437 6467 6438 6438 6467 6468 6438 6468 6439 6439 6468 6469 6439 6469 6440 6440 6469 6470 6440 6470 6441 6441 6470 6471 6441 6471 6442 6442 6471 6472 6442 6472 6443 6443 6472 6473 6443 6473 6444 6444 6473 6474 6444 6474 6445 6445 6474 6475 6445 6475 6446 6446 6475 6476 6446 6476 6447 6447 6476 6477 6447 6477 6448 6448 6477 6478 6448 6478 6449 6449 6478 6479 6449 6479 6450 6450 6479 6480 6450 6480 6451 6451 6480 6481 6451 6481 6452 6452 6481 6482 6452 6482 6453 6453 6482 6483 6453 6483 5943 6454 5912 6484 6454 6484 6455 6455 6484 6485 6455 6485 6456 6456 6485 6486 6456 6486 6457 6457 6486 6487 6457 6487 6458 6458 6487 6488 6458 6488 6459 6459 6488 6489 6459 6489 6460 6460 6489 6490 6460 6490 6461 6461 6490 6491 6461 6491 6462 6462 6491 6492 6462 6492 6463 6463 6492 6493 6463 6493 6464 6464 6493 6494 6464 6494 6465 6465 6494 6495 6465 6495 6466 6466 6495 6496 6466 6496 6467 6467 6496 6497 6467 6497 6468 6468 6497 6498 6468 6498 6469 6469 6498 6499 6469 6499 6470 6470 6499 6500 6470 6500 6471 6471 6500 6501 6471 6501 6472 6472 6501 6502 6472 6502 6473 6473 6502 6503 6473 6503 6474 6474 6503 6504 6474 6504 6475 6475 6504 6505 6475 6505 6476 6476 6505 6506 6476 6506 6477 6477 6506 6507 6477 6507 6478 6478 6507 6508 6478 6508 6479 6479 6508 6509 6479 6509 6480 6480 6509 6510 6480 6510 6481 6481 6510 6511 6481 6511 6482 6482 6511 6512 6482 6512 6483 6483 6512 6513 6483 6513 5943 6484 5912 6514 6484 6514 6485 6485 6514 6515 6485 6515 6486 6486 6515 6516 6486 6516 6487 6487 6516 6517 6487 6517 6488 6488 6517 6518 6488 6518 6489 6489 6518 6519 6489 6519 6490 6490 6519 6520 6490 6520 6491 6491 6520 6521 6491 6521 6492 6492 6521 6522 6492 6522 6493 6493 6522 6523 6493 6523 6494 6494 6523 6524 6494 6524 6495 6495 6524 6525 6495 6525 6496 6496 6525 6526 6496 6526 6497 6497 6526 6527 6497 6527 6498 6498 6527 6528 6498 6528 6499 6499 6528 6529 6499 6529 6500 6500 6529 6530 6500 6530 6501 6501 6530 6531 6501 6531 6502 6502 6531 6532 6502 6532 6503 6503 6532 6533 6503 6533 6504 6504 6533 6534 6504 6534 6505 6505 6534 6535 6505 6535 6506 6506 6535 6536 6506 6536 6507 6507 6536 6537 6507 6537 6508 6508 6537 6538 6508 6538 6509 6509 6538 6539 6509 6539 6510 6510 6539 6540 6510 6540 6511 6511 6540 6541 6511 6541 6512 6512 6541 6542 6512 6542 6513 6513 6542 6543 6513 6543 5943 6514 5912 6544 6514 6544 6515 6515 6544 6545 6515 6545 6516 6516 6545 6546 6516 6546 6517 6517 6546 6547 6517 6547 6518 6518 6547 6548 6518 6548 6519 6519 6548 6549 6519 6549 6520 6520 6549 6550 6520 6550 6521 6521 6550 6551 6521 6551 6522 6522 6551 6552 6522 6552 6523 6523 6552 6553 6523 6553 6524 6524 6553 6554 6524 6554 6525 6525 6554 6555 6525 6555 6526 6526 6555 6556 6526 6556 6527 6527 6556 6557 6527 6557 6528 6528 6557 6558 6528 6558 6529 6529 6558 6559 6529 6559 6530 6530 6559 6560 6530 6560 6531 6531 6560 6561 6531 6561 6532 6532 6561 6562 6532 6562 6533 6533 6562 6563 6533 6563 6534 6534 6563 6564 6534 6564 6535 6535 6564 6565 6535 6565 6536 6536 6565 6566 6536 6566 6537 6537 6566 6567 6537 6567 6538 6538 6567 6568 6538 6568 6539 6539 6568 6569 6539 6569 6540 6540 6569 6570 6540 6570 6541 6541 6570 6571 6541 6571 6542 6542 6571 6572 6542 6572 6543 6543 6572 6573 6543 6573 5943 6544 5912 6574 6544 6574 6545 6545 6574 6575 6545 6575 6546 6546 6575 6576 6546 6576 6547 6547 6576 6577 6547 6577 6548 6548 6577 6578 6548 6578 6549 6549 6578 6579 6549 6579 6550 6550 6579 6580 6550 6580 6551 6551 6580 6581 6551 6581 6552 6552 6581 6582 6552 6582 6553 6553 6582 6583 6553 6583 6554 6554 6583 6584 6554 6584 6555 6555 6584 6585 6555 6585 6556 6556 6585 6586 6556 6586 6557 6557 6586 6587 6557 6587 6558 6558 6587 6588 6558 6588 6559 6559 6588 6589 6559 6589 6560 6560 6589 6590 6560 6590 6561 6561 6590 6591 6561 6591 6562 6562 6591 6592 6562 6592 6563 6563 6592 6593 6563 6593 6564 6564 6593 6594 6564 6594 6565 6565 6594 6595 6565 6595 6566 6566 6595 6596 6566 6596 6567 6567 6596 6597 6567 6597 6568 6568 6597 6598 6568 6598 6569 6569 6598 6599 6569 6599 6570 6570 6599 6600 6570 6600 6571 6571 6600 6601 6571 6601 6572 6572 6601 6602 6572 6602 6573 6573 6602 6603 6573 6603 5943 6574 5912 6604 6574 6604 6575 6575 6604 6605 6575 6605 6576 6576 6605 6606 6576 6606 6577 6577 6606 6607 6577 6607 6578 6578 6607 6608 6578 6608 6579 6579 6608 6609 6579 6609 6580 6580 6609 6610 6580 6610 6581 6581 6610 6611 6581 6611 6582 6582 6611 6612 6582 6612 6583 6583 6612 6613 6583 6613 6584 6584 6613 6614 6584 6614 6585 6585 6614 6615 6585 6615 6586 6586 6615 6616 6586 6616 6587 6587 6616 6617 6587 6617 6588 6588 6617 6618 6588 6618 6589 6589 6618 6619 6589 6619 6590 6590 6619 6620 6590 6620 6591 6591 6620 6621 6591 6621 6592 6592 6621 6622 6592 6622 6593 6593 6622 6623 6593 6623 6594 6594 6623 6624 6594 6624 6595 6595 6624 6625 6595 6625 6596 6596 6625 6626 6596 6626 6597 6597 6626 6627 6597 6627 6598 6598 6627 6628 6598 6628 6599 6599 6628 6629 6599 6629 6600 6600 6629 6630 6600 6630 6601 6601 6630 6631 6601 6631 6602 6602 6631 6632 6602 6632 6603 6603 6632 6633 6603 6633 5943 6604 5912 6634 6604 6634 6605 6605 6634 6635 6605 6635 6606 6606 6635 6636 6606 6636 6607 6607 6636 6637 6607 6637 6608 6608 6637 6638 6608 6638 6609 6609 6638 6639 6609 6639 6610 6610 6639 6640 6610 6640 6611 6611 6640 6641 6611 6641 6612 6612 6641 6642 6612 6642 6613 6613 6642 6643 6613 6643 6614 6614 6643 6644 6614 6644 6615 6615 6644 6645 6615 6645 6616 6616 6645 6646 6616 6646 6617 6617 6646 6647 6617 6647 6618 6618 6647 6648 6618 6648 6619 6619 6648 6649 6619 6649 6620 6620 6649 6650 6620 6650 6621 6621 6650 6651 6621 6651 6622 6622 6651 6652 6622 6652 6623 6623 6652 6653 6623 6653 6624 6624 6653 6654 6624 6654 6625 6625 6654 6655 6625 6655 6626 6626 6655 6656 6626 6656 6627 6627 6656 6657 6627 6657 6628 6628 6657 6658 6628 6658 6629 6629 6658 6659 6629 6659 6630 6630 6659 6660 6630 6660 6631 6631 6660 6661 6631 6661 6632 6632 6661 6662 6632 6662 6633 6633 6662 6663 6633 6663 5943 6634 5912 6664 6634 6664 6635 6635 6664 6665 6635 6665 6636 6636 6665 6666 6636 6666 6637 6637 6666 6667 6637 6667 6638 6638 6667 6668 6638 6668 6639 6639 6668 6669 6639 6669 6640 6640 6669 6670 6640 6670 6641 6641 6670 6671 6641 6671 6642 6642 6671 6672 6642 6672 6643 6643 6672 6673 6643 6673 6644 6644 6673 6674 6644 6674 6645 6645 6674 6675 6645 6675 6646 6646 6675 6676 6646 6676 6647 6647 6676 6677 6647 6677 6648 6648 6677 6678 6648 6678 6649 6649 6678 6679 6649 6679 6650 6650 6679 6680 6650 6680 6651 6651 6680 6681 6651 6681 6652 6652 6681 6682 6652 6682 6653 6653 6682 6683 6653 6683 6654 6654 6683 6684 6654 6684 6655 6655 6684 6685 6655 6685 6656 6656 6685 6686 6656 6686 6657 6657 6686 6687 6657 6687 6658 6658 6687 6688 6658 6688 6659 6659 6688 6689 6659 6689 6660 6660 6689 6690 6660 6690 6661 6661 6690 6691 6661 6691 6662 6662 6691 6692 6662 6692 6663 6663 6692 6693 6663 6693 5943 6664 5912 6694 6664 6694 6665 6665 6694 6695 6665 6695 6666 6666 6695 6696 6666 6696 6667 6667 6696 6697 6667 6697 6668 6668 6697 6698 6668 6698 6669 6669 6698 6699 6669 6699 6670 6670 6699 6700 6670 6700 6671 6671 6700 6701 6671 6701 6672 6672 6701 6702 6672 6702 6673 6673 6702 6703 6673 6703 6674 6674 6703 6704 6674 6704 6675 6675 6704 6705 6675 6705 6676 6676 6705 6706 6676 6706 6677 6677 6706 6707 6677 6707 6678 6678 6707 6708 6678 6708 6679 6679 6708 6709 6679 6709 6680 6680 6709 6710 6680 6710 6681 6681 6710 6711 6681 6711 6682 6682 6711 6712 6682 6712 6683 6683 6712 6713 6683 6713 6684 6684 6713 6714 6684 6714 6685 6685 6714 6715 6685 6715 6686 6686 6715 6716 6686 6716 6687 6687 6716 6717 6687 6717 6688 6688 6717 6718 6688 6718 6689 6689 6718 6719 6689 6719 6690 6690 6719 6720 6690 6720 6691 6691 6720 6721 6691 6721 6692 6692 6721 6722 6692 6722 6693 6693 6722 6723 6693 6723 5943 6694 5912 6724 6694 6724 6695 6695 6724 6725 6695 6725 6696 6696 6725 6726 6696 6726 6697 6697 6726 6727 6697 6727 6698 6698 6727 6728 6698 6728 6699 6699 6728 6729 6699 6729 6700 6700 6729 6730 6700 6730 6701 6701 6730 6731 6701 6731 6702 6702 6731 6732 6702 6732 6703 6703 6732 6733 6703 6733 6704 6704 6733 6734 6704 6734 6705 6705 6734 6735 6705 6735 6706 6706 6735 6736 6706 6736 6707 6707 6736 6737 6707 6737 6708 6708 6737 6738 6708 6738 6709 6709 6738 6739 6709 6739 6710 6710 6739 6740 6710 6740 6711 6711 6740 6741 6711 6741 6712 6712 6741 6742 6712 6742 6713 6713 6742 6743 6713 6743 6714 6714 6743 6744 6714 6744 6715 6715 6744 6745 6715 6745 6716 6716 6745 6746 6716 6746 6717 6717 6746 6747 6717 6747 6718 6718 6747 6748 6718 6748 6719 6719 6748 6749 6719 6749 6720 6720 6749 6750 6720 6750 6721 6721 6750 6751 6721 6751 6722 6722 6751 6752 6722 6752 6723 6723 6752 6753 6723 6753 5943 6724 5912 6754 6724 6754 6725 6725 6754 6755 6725 6755 6726 6726 6755 6756 6726 6756 6727 6727 6756 6757 6727 6757 6728 6728 6757 6758 6728 6758 6729 6729 6758 6759 6729 6759 6730 6730 6759 6760 6730 6760 6731 6731 6760 6761 6731 6761 6732 6732 6761 6762 6732 6762 6733 6733 6762 6763 6733 6763 6734 6734 6763 6764 6734 6764 6735 6735 6764 6765 6735 6765 6736 6736 6765 6766 6736 6766 6737 6737 6766 6767 6737 6767 6738 6738 6767 6768 6738 6768 6739 6739 6768 6769 6739 6769 6740 6740 6769 6770 6740 6770 6741 6741 6770 6771 6741 6771 6742 6742 6771 6772 6742 6772 6743 6743 6772 6773 6743 6773 6744 6744 6773 6774 6744 6774 6745 6745 6774 6775 6745 6775 6746 6746 6775 6776 6746 6776 6747 6747 6776 6777 6747 6777 6748 6748 6777 6778 6748 6778 6749 6749 6778 6779 6749 6779 6750 6750 6779 6780 6750 6780 6751 6751 6780 6781 6751 6781 6752 6752 6781 6782 6752 6782 6753 6753 6782 6783 6753 6783 5943 6754 5912 6784 6754 6784 6755 6755 6784 6785 6755 6785 6756 6756 6785 6786 6756 6786 6757 6757 6786 6787 6757 6787 6758 6758 6787 6788 6758 6788 6759 6759 6788 6789 6759 6789 6760 6760 6789 6790 6760 6790 6761 6761 6790 6791 6761 6791 6762 6762 6791 6792 6762 6792 6763 6763 6792 6793 6763 6793 6764 6764 6793 6794 6764 6794 6765 6765 6794 6795 6765 6795 6766 6766 6795 6796 6766 6796 6767 6767 6796 6797 6767 6797 6768 6768 6797 6798 6768 6798 6769 6769 6798 6799 6769 6799 6770 6770 6799 6800 6770 6800 6771 6771 6800 6801 6771 6801 6772 6772 6801 6802 6772 6802 6773 6773 6802 6803 6773 6803 6774 6774 6803 6804 6774 6804 6775 6775 6804 6805 6775 6805 6776 6776 6805 6806 6776 6806 6777 6777 6806 6807 6777 6807 6778 6778 6807 6808 6778 6808 6779 6779 6808 6809 6779 6809 6780 6780 6809 6810 6780 6810 6781 6781 6810 6811 6781 6811 6782 6782 6811 6812 6782 6812 6783 6783 6812 6813 6783 6813 5943 6784 5912 6814 6784 6814 6785 6785 6814 6815 6785 6815 6786 6786 6815 6816 6786 6816 6787 6787 6816 6817 6787 6817 6788 6788 6817 6818 6788 6818 6789 6789 6818 6819 6789 6819 6790 6790 6819 6820 6790 6820 6791 6791 6820 6821 6791 6821 6792 6792 6821 6822 6792 6822 6793 6793 6822 6823 6793 6823 6794 6794 6823 6824 6794 6824 6795 6795 6824 6825 6795 6825 6796 6796 6825 6826 6796 6826 6797 6797 6826 6827 6797 6827 6798 6798 6827 6828 6798 6828 6799 6799 6828 6829 6799 6829 6800 6800 6829 6830 6800 6830 6801 6801 6830 6831 6801 6831 6802 6802 6831 6832 6802 6832 6803 6803 6832 6833 6803 6833 6804 6804 6833 6834 6804 6834 6805 6805 6834 6835 6805 6835 6806 6806 6835 6836 6806 6836 6807 6807 6836 6837 6807 6837 6808 6808 6837 6838 6808 6838 6809 6809 6838 6839 6809 6839 6810 6810 6839 6840 6810 6840 6811 6811 6840 6841 6811 6841 6812 6812 6841 6842 6812 6842 6813 6813 6842 6843 6813 6843 5943 6814 5912 6844 6814 6844 6815 6815 6844 6845 6815 6845 6816 6816 6845 6846 6816 6846 6817 6817 6846 6847 6817 6847 6818 6818 6847 6848 6818 6848 6819 6819 6848 6849 6819 6849 6820 6820 6849 6850 6820 6850 6821 6821 6850 6851 6821 6851 6822 6822 6851 6852 6822 6852 6823 6823 6852 6853 6823 6853 6824 6824 6853 6854 6824 6854 6825 6825 6854 6855 6825 6855 6826 6826 6855 6856 6826 6856 6827 6827 6856 6857 6827 6857 6828 6828 6857 6858 6828 6858 6829 6829 6858 6859 6829 6859 6830 6830 6859 6860 6830 6860 6831 6831 6860 6861 6831 6861 6832 6832 6861 6862 6832 6862 6833 6833 6862 6863 6833 6863 6834 6834 6863 6864 6834 6864 6835 6835 6864 6865 6835 6865 6836 6836 6865 6866 6836 6866 6837 6837 6866 6867 6837 6867 6838 6838 6867 6868 6838 6868 6839 6839 6868 6869 6839 6869 6840 6840 6869 6870 6840 6870 6841 6841 6870 6871 6841 6871 6842 6842 6871 6872 6842 6872 6843 6843 6872 6873 6843 6873 5943 6844 5912 6874 6844 6874 6845 6845 6874 6875 6845 6875 6846 6846 6875 6876 6846 6876 6847 6847 6876 6877 6847 6877 6848 6848 6877 6878 6848 6878 6849 6849 6878 6879 6849 6879 6850 6850 6879 6880 6850 6880 6851 6851 6880 6881 6851 6881 6852 6852 6881 6882 6852 6882 6853 6853 6882 6883 6853 6883 6854 6854 6883 6884 6854 6884 6855 6855 6884 6885 6855 6885 6856 6856 6885 6886 6856 6886 6857 6857 6886 6887 6857 6887 6858 6858 6887 6888 6858 6888 6859 6859 6888 6889 6859 6889 6860 6860 6889 6890 6860 6890 6861 6861 6890 6891 6861 6891 6862 6862 6891 6892 6862 6892 6863 6863 6892 6893 6863 6893 6864 6864 6893 6894 6864 6894 6865 6865 6894 6895 6865 6895 6866 6866 6895 6896 6866 6896 6867 6867 6896 6897 6867 6897 6868 6868 6897 6898 6868 6898 6869 6869 6898 6899 6869 6899 6870 6870 6899 6900 6870 6900 6871 6871 6900 6901 6871 6901 6872 6872 6901 6902 6872 6902 6873 6873 6902 6903 6873 6903 5943 6874 5912 6904 6874 6904 6875 6875 6904 6905 6875 6905 6876 6876 6905 6906 6876 6906 6877 6877 6906 6907 6877 6907 6878 6878 6907 6908 6878 6908 6879 6879 6908 6909 6879 6909 6880 6880 6909 6910 6880 6910 6881 6881 6910 6911 6881 6911 6882 6882 6911 6912 6882 6912 6883 6883 6912 6913 6883 6913 6884 6884 6913 6914 6884 6914 6885 6885 6914 6915 6885 6915 6886 6886 6915 6916 6886 6916 6887 6887 6916 6917 6887 6917 6888 6888 6917 6918 6888 6918 6889 6889 6918 6919 6889 6919 6890 6890 6919 6920 6890 6920 6891 6891 6920 6921 6891 6921 6892 6892 6921 6922 6892 6922 6893 6893 6922 6923 6893 6923 6894 6894 6923 6924 6894 6924 6895 6895 6924 6925 6895 6925 6896 6896 6925 6926 6896 6926 6897 6897 6926 6927 6897 6927 6898 6898 6927 6928 6898 6928 6899 6899 6928 6929 6899 6929 6900 6900 6929 6930 6900 6930 6901 6901 6930 6931 6901 6931 6902 6902 6931 6932 6902 6932 6903 6903 6932 6933 6903 6933 5943 6904 5912 6934 6904 6934 6905 6905 6934 6935 6905 6935 6906 6906 6935 6936 6906 6936 6907 6907 6936 6937 6907 6937 6908 6908 6937 6938 6908 6938 6909 6909 6938 6939 6909 6939 6910 6910 6939 6940 6910 6940 6911 6911 6940 6941 6911 6941 6912 6912 6941 6942 6912 6942 6913 6913 6942 6943 6913 6943 6914 6914 6943 6944 6914 6944 6915 6915 6944 6945 6915 6945 6916 6916 6945 6946 6916 6946 6917 6917 6946 6947 6917 6947 6918 6918 6947 6948 6918 6948 6919 6919 6948 6949 6919 6949 6920 6920 6949 6950 6920 6950 6921 6921 6950 6951 6921 6951 6922 6922 6951 6952 6922 6952 6923 6923 6952 6953 6923 6953 6924 6924 6953 6954 6924 6954 6925 6925 6954 6955 6925 6955 6926 6926 6955 6956 6926 6956 6927 6927 6956 6957 6927 6957 6928 6928 6957 6958 6928 6958 6929 6929 6958 6959 6929 6959 6930 6930 6959 6960 6930 6960 6931 6931 6960 6961 6931 6961 6932 6932 6961 6962 6932 6962 6933 6933 6962 6963 6933 6963 5943 6934 5912 6964 6934 6964 6935 6935 6964 6965 6935 6965 6936 6936 6965 6966 6936 6966 6937 6937 6966 6967 6937 6967 6938 6938 6967 6968 6938 6968 6939 6939 6968 6969 6939 6969 6940 6940 6969 6970 6940 6970 6941 6941 6970 6971 6941 6971 6942 6942 6971 6972 6942 6972 6943 6943 6972 6973 6943 6973 6944 6944 6973 6974 6944 6974 6945 6945 6974 6975 6945 6975 6946 6946 6975 6976 6946 6976 6947 6947 6976 6977 6947 6977 6948 6948 6977 6978 6948 6978 6949 6949 6978 6979 6949 6979 6950 6950 6979 6980 6950 6980 6951 6951 6980 6981 6951 6981 6952 6952 6981 6982 6952 6982 6953 6953 6982 6983 6953 6983 6954 6954 6983 6984 6954 6984 6955 6955 6984 6985 6955 6985 6956 6956 6985 6986 6956 6986 6957 6957 6986 6987 6957 6987 6958 6958 6987 6988 6958 6988 6959 6959 6988 6989 6959 6989 6960 6960 6989 6990 6960 6990 6961 6961 6990 6991 6961 6991 6962 6962 6991 6992 6962 6992 6963 6963 6992 6993 6963 6993 5943 6964 5912 6994 6964 6994 6965 6965 6994 6995 6965 6995 6966 6966 6995 6996 6966 6996 6967 6967 6996 6997 6967 6997 6968 6968 6997 6998 6968 6998 6969 6969 6998 6999 6969 6999 6970 6970 6999 7000 6970 7000 6971 6971 7000 7001 6971 7001 6972 6972 7001 7002 6972 7002 6973 6973 7002 7003 6973 7003 6974 6974 7003 7004 6974 7004 6975 6975 7004 7005 6975 7005 6976 6976 7005 7006 6976 7006 6977 6977 7006 7007 6977 7007 6978 6978 7007 7008 6978 7008 6979 6979 7008 7009 6979 7009 6980 6980 7009 7010 6980 7010 6981 6981 7010 7011 6981 7011 6982 6982 7011 7012 6982 7012 6983 6983 7012 7013 6983 7013 6984 6984 7013 7014 6984 7014 6985 6985 7014 7015 6985 7015 6986 6986 7015 7016 6986 7016 6987 6987 7016 7017 6987 7017 6988 6988 7017 7018 6988 7018 6989 6989 7018 7019 6989 7019 6990 6990 7019 7020 6990 7020 6991 6991 7020 7021 6991 7021 6992 6992 7021 7022 6992 7022 6993 6993 7022 7023 6993 7023 5943 6994 5912 7024 6994 7024 6995 6995 7024 7025 6995 7025 6996 6996 7025 7026 6996 7026 6997 6997 7026 7027 6997 7027 6998 6998 7027 7028 6998 7028 6999 6999 7028 7029 6999 7029 7000 7000 7029 7030 7000 7030 7001 7001 7030 7031 7001 7031 7002 7002 7031 7032 7002 7032 7003 7003 7032 7033 7003 7033 7004 7004 7033 7034 7004 7034 7005 7005 7034 7035 7005 7035 7006 7006 7035 7036 7006 7036 7007 7007 7036 7037 7007 7037 7008 7008 7037 7038 7008 7038 7009 7009 7038 7039 7009 7039 7010 7010 7039 7040 7010 7040 7011 7011 7040 7041 7011 7041 7012 7012 7041 7042 7012 7042 7013 7013 7042 7043 7013 7043 7014 7014 7043 7044 7014 7044 7015 7015 7044 7045 7015 7045 7016 7016 7045 7046 7016 7046 7017 7017 7046 7047 7017 7047 7018 7018 7047 7048 7018 7048 7019 7019 7048 7049 7019 7049 7020 7020 7049 7050 7020 7050 7021 7021 7050 7051 7021 7051 7022 7022 7051 7052 7022 7052 7023 7023 7052 7053 7023 7053 5943 7024 5912 7054 7024 7054 7025 7025 7054 7055 7025 7055 7026 7026 7055 7056 7026 7056 7027 7027 7056 7057 7027 7057 7028 7028 7057 7058 7028 7058 7029 7029 7058 7059 7029 7059 7030 7030 7059 7060 7030 7060 7031 7031 7060 7061 7031 7061 7032 7032 7061 7062 7032 7062 7033 7033 7062 7063 7033 7063 7034 7034 7063 7064 7034 7064 7035 7035 7064 7065 7035 7065 7036 7036 7065 7066 7036 7066 7037 7037 7066 7067 7037 7067 7038 7038 7067 7068 7038 7068 7039 7039 7068 7069 7039 7069 7040 7040 7069 7070 7040 7070 7041 7041 7070 7071 7041 7071 7042 7042 7071 7072 7042 7072 7043 7043 7072 7073 7043 7073 7044 7044 7073 7074 7044 7074 7045 7045 7074 7075 7045 7075 7046 7046 7075 7076 7046 7076 7047 7047 7076 7077 7047 7077 7048 7048 7077 7078 7048 7078 7049 7049 7078 7079 7049 7079 7050 7050 7079 7080 7050 7080 7051 7051 7080 7081 7051 7081 7052 7052 7081 7082 7052 7082 7053 7053 7082 7083 7053 7083 5943 7054 5912 7084 7054 7084 7055 7055 7084 7085 7055 7085 7056 7056 7085 7086 7056 7086 7057 7057 7086 7087 7057 7087 7058 7058 7087 7088 7058 7088 7059 7059 7088 7089 7059 7089 7060 7060 7089 7090 7060 7090 7061 7061 7090 7091 7061 7091 7062 7062 7091 7092 7062 7092 7063 7063 7092 7093 7063 7093 7064 7064 7093 7094 7064 7094 7065 7065 7094 7095 7065 7095 7066 7066 7095 7096 7066 7096 7067 7067 7096 7097 7067 7097 7068 7068 7097 7098 7068 7098 7069 7069 7098 7099 7069 7099 7070 7070 7099 7100 7070 7100 7071 7071 7100 7101 7071 7101 7072 7072 7101 7102 7072 7102 7073 7073 7102 7103 7073 7103 7074 7074 7103 7104 7074 7104 7075 7075 7104 7105 7075 7105 7076 7076 7105 7106 7076 7106 7077 7077 7106 7107 7077 7107 7078 7078 7107 7108 7078 7108 7079 7079 7108 7109 7079 7109 7080 7080 7109 7110 7080 7110 7081 7081 7110 7111 7081 7111 7082 7082 7111 7112 7082 7112 7083 7083 7112 7113 7083 7113 5943 7084 5912 7114 7084 7114 7085 7085 7114 7115 7085 7115 7086 7086 7115 7116 7086 7116 7087 7087 7116 7117 7087 7117 7088 7088 7117 7118 7088 7118 7089 7089 7118 7119 7089 7119 7090 7090 7119 7120 7090 7120 7091 7091 7120 7121 7091 7121 7092 7092 7121 7122 7092 7122 7093 7093 7122 7123 7093 7123 7094 7094 7123 7124 7094 7124 7095 7095 7124 7125 7095 7125 7096 7096 7125 7126 7096 7126 7097 7097 7126 7127 7097 7127 7098 7098 7127 7128 7098 7128 7099 7099 7128 7129 7099 7129 7100 7100 7129 7130 7100 7130 7101 7101 7130 7131 7101 7131 7102 7102 7131 7132 7102 7132 7103 7103 7132 7133 7103 7133 7104 7104 7133 7134 7104 7134 7105 7105 7134 7135 7105 7135 7106 7106 7135 7136 7106 7136 7107 7107 7136 7137 7107 7137 7108 7108 7137 7138 7108 7138 7109 7109 7138 7139 7109 7139 7110 7110 7139 7140 7110 7140 7111 7111 7140 7141 7111 7141 7112 7112 7141 7142 7112 7142 7113 7113 7142 7143 7113 7143 5943 7114 5912 7144 7114 7144 7115 7115 7144 7145 7115 7145 7116 7116 7145 7146 7116 7146 7117 7117 7146 7147 7117 7147 7118 7118 7147 7148 7118 7148 7119 7119 7148 7149 7119 7149 7120 7120 7149 7150 7120 7150 7121 7121 7150 7151 7121 7151 7122 7122 7151 7152 7122 7152 7123 7123 7152 7153 7123 7153 7124 7124 7153 7154 7124 7154 7125 7125 7154 7155 7125 7155 7126 7126 7155 7156 7126 7156 7127 7127 7156 7157 7127 7157 7128 7128 7157 7158 7128 7158 7129 7129 7158 7159 7129 7159 7130 7130 7159 7160 7130 7160 7131 7131 7160 7161 7131 7161 7132 7132 7161 7162 7132 7162 7133 7133 7162 7163 7133 7163 7134 7134 7163 7164 7134 7164 7135 7135 7164 7165 7135 7165 7136 7136 7165 7166 7136 7166 7137 7137 7166 7167 7137 7167 7138 7138 7167 7168 7138 7168 7139 7139 7168 7169 7139 7169 7140 7140 7169 7170 7140 7170 7141 7141 7170 7171 7141 7171 7142 7142 7171 7172 7142 7172 7143 7143 7172 7173 7143 7173 5943 7144 5912 7174 7144 7174 7145 7145 7174 7175 7145 7175 7146 7146 7175 7176 7146 7176 7147 7147 7176 7177 7147 7177 7148 7148 7177 7178 7148 7178 7149 7149 7178 7179 7149 7179 7150 7150 7179 7180 7150 7180 7151 7151 7180 7181 7151 7181 7152 7152 7181 7182 7152 7182 7153 7153 7182 7183 7153 7183 7154 7154 7183 7184 7154 7184 7155 7155 7184 7185 7155 7185 7156 7156 7185 7186 7156 7186 7157 7157 7186 7187 7157 7187 7158 7158 7187 7188 7158 7188 7159 7159 7188 7189 7159 7189 7160 7160 7189 7190 7160 7190 7161 7161 7190 7191 7161 7191 7162 7162 7191 7192 7162 7192 7163 7163 7192 7193 7163 7193 7164 7164 7193 7194 7164 7194 7165 7165 7194 7195 7165 7195 7166 7166 7195 7196 7166 7196 7167 7167 7196 7197 7167 7197 7168 7168 7197 7198 7168 7198 7169 7169 7198 7199 7169 7199 7170 7170 7199 7200 7170 7200 7171 7171 7200 7201 7171 7201 7172 7172 7201 7202 7172 7202 7173 7173 7202 7203 7173 7203 5943 7174 5912 7204 7174 7204 7175 7175 7204 7205 7175 7205 7176 7176 7205 7206 7176 7206 7177 7177 7206 7207 7177 7207 7178 7178 7207 7208 7178 7208 7179 7179 7208 7209 7179 7209 7180 7180 7209 7210 7180 7210 7181 7181 7210 7211 7181 7211 7182 7182 7211 7212 7182 7212 7183 7183 7212 7213 7183 7213 7184 7184 7213 7214 7184 7214 7185 7185 7214 7215 7185 7215 7186 7186 7215 7216 7186 7216 7187 7187 7216 7217 7187 7217 7188 7188 7217 7218 7188 7218 7189 7189 7218 7219 7189 7219 7190 7190 7219 7220 7190 7220 7191 7191 7220 7221 7191 7221 7192 7192 7221 7222 7192 7222 7193 7193 7222 7223 7193 7223 7194 7194 7223 7224 7194 7224 7195 7195 7224 7225 7195 7225 7196 7196 7225 7226 7196 7226 7197 7197 7226 7227 7197 7227 7198 7198 7227 7228 7198 7228 7199 7199 7228 7229 7199 7229 7200 7200 7229 7230 7200 7230 7201 7201 7230 7231 7201 7231 7202 7202 7231 7232 7202 7232 7203 7203 7232 7233 7203 7233 5943 7204 5912 7234 7204 7234 7205 7205 7234 7235 7205 7235 7206 7206 7235 7236 7206 7236 7207 7207 7236 7237 7207 7237 7208 7208 7237 7238 7208 7238 7209 7209 7238 7239 7209 7239 7210 7210 7239 7240 7210 7240 7211 7211 7240 7241 7211 7241 7212 7212 7241 7242 7212 7242 7213 7213 7242 7243 7213 7243 7214 7214 7243 7244 7214 7244 7215 7215 7244 7245 7215 7245 7216 7216 7245 7246 7216 7246 7217 7217 7246 7247 7217 7247 7218 7218 7247 7248 7218 7248 7219 7219 7248 7249 7219 7249 7220 7220 7249 7250 7220 7250 7221 7221 7250 7251 7221 7251 7222 7222 7251 7252 7222 7252 7223 7223 7252 7253 7223 7253 7224 7224 7253 7254 7224 7254 7225 7225 7254 7255 7225 7255 7226 7226 7255 7256 7226 7256 7227 7227 7256 7257 7227 7257 7228 7228 7257 7258 7228 7258 7229 7229 7258 7259 7229 7259 7230 7230 7259 7260 7230 7260 7231 7231 7260 7261 7231 7261 7232 7232 7261 7262 7232 7262 7233 7233 7262 7263 7233 7263 5943 7234 5912 7264 7234 7264 7235 7235 7264 7265 7235 7265 7236 7236 7265 7266 7236 7266 7237 7237 7266 7267 7237 7267 7238 7238 7267 7268 7238 7268 7239 7239 7268 7269 7239 7269 7240 7240 7269 7270 7240 7270 7241 7241 7270 7271 7241 7271 7242 7242 7271 7272 7242 7272 7243 7243 7272 7273 7243 7273 7244 7244 7273 7274 7244 7274 7245 7245 7274 7275 7245 7275 7246 7246 7275 7276 7246 7276 7247 7247 7276 7277 7247 7277 7248 7248 7277 7278 7248 7278 7249 7249 7278 7279 7249 7279 7250 7250 7279 7280 7250 7280 7251 7251 7280 7281 7251 7281 7252 7252 7281 7282 7252 7282 7253 7253 7282 7283 7253 7283 7254 7254 7283 7284 7254 7284 7255 7255 7284 7285 7255 7285 7256 7256 7285 7286 7256 7286 7257 7257 7286 7287 7257 7287 7258 7258 7287 7288 7258 7288 7259 7259 7288 7289 7259 7289 7260 7260 7289 7290 7260 7290 7261 7261 7290 7291 7261 7291 7262 7262 7291 7292 7262 7292 7263 7263 7292 7293 7263 7293 5943 7264 5912 7294 7264 7294 7265 7265 7294 7295 7265 7295 7266 7266 7295 7296 7266 7296 7267 7267 7296 7297 7267 7297 7268 7268 7297 7298 7268 7298 7269 7269 7298 7299 7269 7299 7270 7270 7299 7300 7270 7300 7271 7271 7300 7301 7271 7301 7272 7272 7301 7302 7272 7302 7273 7273 7302 7303 7273 7303 7274 7274 7303 7304 7274 7304 7275 7275 7304 7305 7275 7305 7276 7276 7305 7306 7276 7306 7277 7277 7306 7307 7277 7307 7278 7278 7307 7308 7278 7308 7279 7279 7308 7309 7279 7309 7280 7280 7309 7310 7280 7310 7281 7281 7310 7311 7281 7311 7282 7282 7311 7312 7282 7312 7283 7283 7312 7313 7283 7313 7284 7284 7313 7314 7284 7314 7285 7285 7314 7315 7285 7315 7286 7286 7315 7316 7286 7316 7287 7287 7316 7317 7287 7317 7288 7288 7317 7318 7288 7318 7289 7289 7318 7319 7289 7319 7290 7290 7319 7320 7290 7320 7291 7291 7320 7321 7291 7321 7292 7292 7321 7322 7292 7322 7293 7293 7322 7323 7293 7323 5943 7294 5912 7324 7294 7324 7295 7295 7324 7325 7295 7325 7296 7296 7325 7326 7296 7326 7297 7297 7326 7327 7297 7327 7298 7298 7327 7328 7298 7328 7299 7299 7328 7329 7299 7329 7300 7300 7329 7330 7300 7330 7301 7301 7330 7331 7301 7331 7302 7302 7331 7332 7302 7332 7303 7303 7332 7333 7303 7333 7304 7304 7333 7334 7304 7334 7305 7305 7334 7335 7305 7335 7306 7306 7335 7336 7306 7336 7307 7307 7336 7337 7307 7337 7308 7308 7337 7338 7308 7338 7309 7309 7338 7339 7309 7339 7310 7310 7339 7340 7310 7340 7311 7311 7340 7341 7311 7341 7312 7312 7341 7342 7312 7342 7313 7313 7342 7343 7313 7343 7314 7314 7343 7344 7314 7344 7315 7315 7344 7345 7315 7345 7316 7316 7345 7346 7316 7346 7317 7317 7346 7347 7317 7347 7318 7318 7347 7348 7318 7348 7319 7319 7348 7349 7319 7349 7320 7320 7349 7350 7320 7350 7321 7321 7350 7351 7321 7351 7322 7322 7351 7352 7322 7352 7323 7323 7352 7353 7323 7353 5943 7324 5912 7354 7324 7354 7325 7325 7354 7355 7325 7355 7326 7326 7355 7356 7326 7356 7327 7327 7356 7357 7327 7357 7328 7328 7357 7358 7328 7358 7329 7329 7358 7359 7329 7359 7330 7330 7359 7360 7330 7360 7331 7331 7360 7361 7331 7361 7332 7332 7361 7362 7332 7362 7333 7333 7362 7363 7333 7363 7334 7334 7363 7364 7334 7364 7335 7335 7364 7365 7335 7365 7336 7336 7365 7366 7336 7366 7337 7337 7366 7367 7337 7367 7338 7338 7367 7368 7338 7368 7339 7339 7368 7369 7339 7369 7340 7340 7369 7370 7340 7370 7341 7341 7370 7371 7341 7371 7342 7342 7371 7372 7342 7372 7343 7343 7372 7373 7343 7373 7344 7344 7373 7374 7344 7374 7345 7345 7374 7375 7345 7375 7346 7346 7375 7376 7346 7376 7347 7347 7376 7377 7347 7377 7348 7348 7377 7378 7348 7378 7349 7349 7378 7379 7349 7379 7350 7350 7379 7380 7350 7380 7351 7351 7380 7381 7351 7381 7352 7352 7381 7382 7352 7382 7353 7353 7382 7383 7353 7383 5943 7354 5912 7384 7354 7384 7355 7355 7384 7385 7355 7385 7356 7356 7385 7386 7356 7386 7357 7357 7386 7387 7357 7387 7358 7358 7387 7388 7358 7388 7359 7359 7388 7389 7359 7389 7360 7360 7389 7390 7360 7390 7361 7361 7390 7391 7361 7391 7362 7362 7391 7392 7362 7392 7363 7363 7392 7393 7363 7393 7364 7364 7393 7394 7364 7394 7365 7365 7394 7395 7365 7395 7366 7366 7395 7396 7366 7396 7367 7367 7396 7397 7367 7397 7368 7368 7397 7398 7368 7398 7369 7369 7398 7399 7369 7399 7370 7370 7399 7400 7370 7400 7371 7371 7400 7401 7371 7401 7372 7372 7401 7402 7372 7402 7373 7373 7402 7403 7373 7403 7374 7374 7403 7404 7374 7404 7375 7375 7404 7405 7375 7405 7376 7376 7405 7406 7376 7406 7377 7377 7406 7407 7377 7407 7378 7378 7407 7408 7378 7408 7379 7379 7408 7409 7379 7409 7380 7380 7409 7410 7380 7410 7381 7381 7410 7411 7381 7411 7382 7382 7411 7412 7382 7412 7383 7383 7412 7413 7383 7413 5943 7384 5912 7414 7384 7414 7385 7385 7414 7415 7385 7415 7386 7386 7415 7416 7386 7416 7387 7387 7416 7417 7387 7417 7388 7388 7417 7418 7388 7418 7389 7389 7418 7419 7389 7419 7390 7390 7419 7420 7390 7420 7391 7391 7420 7421 7391 7421 7392 7392 7421 7422 7392 7422 7393 7393 7422 7423 7393 7423 7394 7394 7423 7424 7394 7424 7395 7395 7424 7425 7395 7425 7396 7396 7425 7426 7396 7426 7397 7397 7426 7427 7397 7427 7398 7398 7427 7428 7398 7428 7399 7399 7428 7429 7399 7429 7400 7400 7429 7430 7400 7430 7401 7401 7430 7431 7401 7431 7402 7402 7431 7432 7402 7432 7403 7403 7432 7433 7403 7433 7404 7404 7433 7434 7404 7434 7405 7405 7434 7435 7405 7435 7406 7406 7435 7436 7406 7436 7407 7407 7436 7437 7407 7437 7408 7408 7437 7438 7408 7438 7409 7409 7438 7439 7409 7439 7410 7410 7439 7440 7410 7440 7411 7411 7440 7441 7411 7441 7412 7412 7441 7442 7412 7442 7413 7413 7442 7443 7413 7443 5943 7414 5912 7444 7414 7444 7415 7415 7444 7445 7415 7445 7416 7416 7445 7446 7416 7446 7417 7417 7446 7447 7417 7447 7418 7418 7447 7448 7418 7448 7419 7419 7448 7449 7419 7449 7420 7420 7449 7450 7420 7450 7421 7421 7450 7451 7421 7451 7422 7422 7451 7452 7422 7452 7423 7423 7452 7453 7423 7453 7424 7424 7453 7454 7424 7454 7425 7425 7454 7455 7425 7455 7426 7426 7455 7456 7426 7456 7427 7427 7456 7457 7427 7457 7428 7428 7457 7458 7428 7458 7429 7429 7458 7459 7429 7459 7430 7430 7459 7460 7430 7460 7431 7431 7460 7461 7431 7461 7432 7432 7461 7462 7432 7462 7433 7433 7462 7463 7433 7463 7434 7434 7463 7464 7434 7464 7435 7435 7464 7465 7435 7465 7436 7436 7465 7466 7436 7466 7437 7437 7466 7467 7437 7467 7438 7438 7467 7468 7438 7468 7439 7439 7468 7469 7439 7469 7440 7440 7469 7470 7440 7470 7441 7441 7470 7471 7441 7471 7442 7442 7471 7472 7442 7472 7443 7443 7472 7473 7443 7473 5943 7444 5912 7474 7444 7474 7445 7445 7474 7475 7445 7475 7446 7446 7475 7476 7446 7476 7447 7447 7476 7477 7447 7477 7448 7448 7477 7478 7448 7478 7449 7449 7478 7479 7449 7479 7450 7450 7479 7480 7450 7480 7451 7451 7480 7481 7451 7481 7452 7452 7481 7482 7452 7482 7453 7453 7482 7483 7453 7483 7454 7454 7483 7484 7454 7484 7455 7455 7484 7485 7455 7485 7456 7456 7485 7486 7456 7486 7457 7457 7486 7487 7457 7487 7458 7458 7487 7488 7458 7488 7459 7459 7488 7489 7459 7489 7460 7460 7489 7490 7460 7490 7461 7461 7490 7491 7461 7491 7462 7462 7491 7492 7462 7492 7463 7463 7492 7493 7463 7493 7464 7464 7493 7494 7464 7494 7465 7465 7494 7495 7465 7495 7466 7466 7495 7496 7466 7496 7467 7467 7496 7497 7467 7497 7468 7468 7497 7498 7468 7498 7469 7469 7498 7499 7469 7499 7470 7470 7499 7500 7470 7500 7471 7471 7500 7501 7471 7501 7472 7472 7501 7502 7472 7502 7473 7473 7502 7503 7473 7503 5943 7474 5912 7504 7474 7504 7475 7475 7504 7505 7475 7505 7476 7476 7505 7506 7476 7506 7477 7477 7506 7507 7477 7507 7478 7478 7507 7508 7478 7508 7479 7479 7508 7509 7479 7509 7480 7480 7509 7510 7480 7510 7481 7481 7510 7511 7481 7511 7482 7482 7511 7512 7482 7512 7483 7483 7512 7513 7483 7513 7484 7484 7513 7514 7484 7514 7485 7485 7514 7515 7485 7515 7486 7486 7515 7516 7486 7516 7487 7487 7516 7517 7487 7517 7488 7488 7517 7518 7488 7518 7489 7489 7518 7519 7489 7519 7490 7490 7519 7520 7490 7520 7491 7491 7520 7521 7491 7521 7492 7492 7521 7522 7492 7522 7493 7493 7522 7523 7493 7523 7494 7494 7523 7524 7494 7524 7495 7495 7524 7525 7495 7525 7496 7496 7525 7526 7496 7526 7497 7497 7526 7527 7497 7527 7498 7498 7527 7528 7498 7528 7499 7499 7528 7529 7499 7529 7500 7500 7529 7530 7500 7530 7501 7501 7530 7531 7501 7531 7502 7502 7531 7532 7502 7532 7503 7503 7532 7533 7503 7533 5943 7504 5912 7534 7504 7534 7505 7505 7534 7535 7505 7535 7506 7506 7535 7536 7506 7536 7507 7507 7536 7537 7507 7537 7508 7508 7537 7538 7508 7538 7509 7509 7538 7539 7509 7539 7510 7510 7539 7540 7510 7540 7511 7511 7540 7541 7511 7541 7512 7512 7541 7542 7512 7542 7513 7513 7542 7543 7513 7543 7514 7514 7543 7544 7514 7544 7515 7515 7544 7545 7515 7545 7516 7516 7545 7546 7516 7546 7517 7517 7546 7547 7517 7547 7518 7518 7547 7548 7518 7548 7519 7519 7548 7549 7519 7549 7520 7520 7549 7550 7520 7550 7521 7521 7550 7551 7521 7551 7522 7522 7551 7552 7522 7552 7523 7523 7552 7553 7523 7553 7524 7524 7553 7554 7524 7554 7525 7525 7554 7555 7525 7555 7526 7526 7555 7556 7526 7556 7527 7527 7556 7557 7527 7557 7528 7528 7557 7558 7528 7558 7529 7529 7558 7559 7529 7559 7530 7530 7559 7560 7530 7560 7531 7531 7560 7561 7531 7561 7532 7532 7561 7562 7532 7562 7533 7533 7562 7563 7533 7563 5943 7534 5912 7564 7534 7564 7535 7535 7564 7565 7535 7565 7536 7536 7565 7566 7536 7566 7537 7537 7566 7567 7537 7567 7538 7538 7567 7568 7538 7568 7539 7539 7568 7569 7539 7569 7540 7540 7569 7570 7540 7570 7541 7541 7570 7571 7541 7571 7542 7542 7571 7572 7542 7572 7543 7543 7572 7573 7543 7573 7544 7544 7573 7574 7544 7574 7545 7545 7574 7575 7545 7575 7546 7546 7575 7576 7546 7576 7547 7547 7576 7577 7547 7577 7548 7548 7577 7578 7548 7578 7549 7549 7578 7579 7549 7579 7550 7550 7579 7580 7550 7580 7551 7551 7580 7581 7551 7581 7552 7552 7581 7582 7552 7582 7553 7553 7582 7583 7553 7583 7554 7554 7583 7584 7554 7584 7555 7555 7584 7585 7555 7585 7556 7556 7585 7586 7556 7586 7557 7557 7586 7587 7557 7587 7558 7558 7587 7588 7558 7588 7559 7559 7588 7589 7559 7589 7560 7560 7589 7590 7560 7590 7561 7561 7590 7591 7561 7591 7562 7562 7591 7592 7562 7592 7563 7563 7592 7593 7563 7593 5943 7564 5912 7594 7564 7594 7565 7565 7594 7595 7565 7595 7566 7566 7595 7596 7566 7596 7567 7567 7596 7597 7567 7597 7568 7568 7597 7598 7568 7598 7569 7569 7598 7599 7569 7599 7570 7570 7599 7600 7570 7600 7571 7571 7600 7601 7571 7601 7572 7572 7601 7602 7572 7602 7573 7573 7602 7603 7573 7603 7574 7574 7603 7604 7574 7604 7575 7575 7604 7605 7575 7605 7576 7576 7605 7606 7576 7606 7577 7577 7606 7607 7577 7607 7578 7578 7607 7608 7578 7608 7579 7579 7608 7609 7579 7609 7580 7580 7609 7610 7580 7610 7581 7581 7610 7611 7581 7611 7582 7582 7611 7612 7582 7612 7583 7583 7612 7613 7583 7613 7584 7584 7613 7614 7584 7614 7585 7585 7614 7615 7585 7615 7586 7586 7615 7616 7586 7616 7587 7587 7616 7617 7587 7617 7588 7588 7617 7618 7588 7618 7589 7589 7618 7619 7589 7619 7590 7590 7619 7620 7590 7620 7591 7591 7620 7621 7591 7621 7592 7592 7621 7622 7592 7622 7593 7593 7622 7623 7593 7623 5943 7594 5912 7624 7594 7624 7595 7595 7624 7625 7595 7625 7596 7596 7625 7626 7596 7626 7597 7597 7626 7627 7597 7627 7598 7598 7627 7628 7598 7628 7599 7599 7628 7629 7599 7629 7600 7600 7629 7630 7600 7630 7601 7601 7630 7631 7601 7631 7602 7602 7631 7632 7602 7632 7603 7603 7632 7633 7603 7633 7604 7604 7633 7634 7604 7634 7605 7605 7634 7635 7605 7635 7606 7606 7635 7636 7606 7636 7607 7607 7636 7637 7607 7637 7608 7608 7637 7638 7608 7638 7609 7609 7638 7639 7609 7639 7610 7610 7639 7640 7610 7640 7611 7611 7640 7641 7611 7641 7612 7612 7641 7642 7612 7642 7613 7613 7642 7643 7613 7643 7614 7614 7643 7644 7614 7644 7615 7615 7644 7645 7615 7645 7616 7616 7645 7646 7616 7646 7617 7617 7646 7647 7617 7647 7618 7618 7647 7648 7618 7648 7619 7619 7648 7649 7619 7649 7620 7620 7649 7650 7620 7650 7621 7621 7650 7651 7621 7651 7622 7622 7651 7652 7622 7652 7623 7623 7652 7653 7623 7653 5943 7624 5912 7654 7624 7654 7625 7625 7654 7655 7625 7655 7626 7626 7655 7656 7626 7656 7627 7627 7656 7657 7627 7657 7628 7628 7657 7658 7628 7658 7629 7629 7658 7659 7629 7659 7630 7630 7659 7660 7630 7660 7631 7631 7660 7661 7631 7661 7632 7632 7661 7662 7632 7662 7633 7633 7662 7663 7633 7663 7634 7634 7663 7664 7634 7664 7635 7635 7664 7665 7635 7665 7636 7636 7665 7666 7636 7666 7637 7637 7666 7667 7637 7667 7638 7638 7667 7668 7638 7668 7639 7639 7668 7669 7639 7669 7640 7640 7669 7670 7640 7670 7641 7641 7670 7671 7641 7671 7642 7642 7671 7672 7642 7672 7643 7643 7672 7673 7643 7673 7644 7644 7673 7674 7644 7674 7645 7645 7674 7675 7645 7675 7646 7646 7675 7676 7646 7676 7647 7647 7676 7677 7647 7677 7648 7648 7677 7678 7648 7678 7649 7649 7678 7679 7649 7679 7650 7650 7679 7680 7650 7680 7651 7651 7680 7681 7651 7681 7652 7652 7681 7682 7652 7682 7653 7653 7682 7683 7653 7683 5943 7654 5912 7684 7654 7684 7655 7655 7684 7685 7655 7685 7656 7656 7685 7686 7656 7686 7657 7657 7686 7687 7657 7687 7658 7658 7687 7688 7658 7688 7659 7659 7688 7689 7659 7689 7660 7660 7689 7690 7660 7690 7661 7661 7690 7691 7661 7691 7662 7662 7691 7692 7662 7692 7663 7663 7692 7693 7663 7693 7664 7664 7693 7694 7664 7694 7665 7665 7694 7695 7665 7695 7666 7666 7695 7696 7666 7696 7667 7667 7696 7697 7667 7697 7668 7668 7697 7698 7668 7698 7669 7669 7698 7699 7669 7699 7670 7670 7699 7700 7670 7700 7671 7671 7700 7701 7671 7701 7672 7672 7701 7702 7672 7702 7673 7673 7702 7703 7673 7703 7674 7674 7703 7704 7674 7704 7675 7675 7704 7705 7675 7705 7676 7676 7705 7706 7676 7706 7677 7677 7706 7707 7677 7707 7678 7678 7707 7708 7678 7708 7679 7679 7708 7709 7679 7709 7680 7680 7709 7710 7680 7710 7681 7681 7710 7711 7681 7711 7682 7682 7711 7712 7682 7712 7683 7683 7712 7713 7683 7713 5943 7684 5912 7714 7684 7714 7685 7685 7714 7715 7685 7715 7686 7686 7715 7716 7686 7716 7687 7687 7716 7717 7687 7717 7688 7688 7717 7718 7688 7718 7689 7689 7718 7719 7689 7719 7690 7690 7719 7720 7690 7720 7691 7691 7720 7721 7691 7721 7692 7692 7721 7722 7692 7722 7693 7693 7722 7723 7693 7723 7694 7694 7723 7724 7694 7724 7695 7695 7724 7725 7695 7725 7696 7696 7725 7726 7696 7726 7697 7697 7726 7727 7697 7727 7698 7698 7727 7728 7698 7728 7699 7699 7728 7729 7699 7729 7700 7700 7729 7730 7700 7730 7701 7701 7730 7731 7701 7731 7702 7702 7731 7732 7702 7732 7703 7703 7732 7733 7703 7733 7704 7704 7733 7734 7704 7734 7705 7705 7734 7735 7705 7735 7706 7706 7735 7736 7706 7736 7707 7707 7736 7737 7707 7737 7708 7708 7737 7738 7708 7738 7709 7709 7738 7739 7709 7739 7710 7710 7739 7740 7710 7740 7711 7711 7740 7741 7711 7741 7712 7712 7741 7742 7712 7742 7713 7713 7742 7743 7713 7743 5943 7714 5912 7744 7714 7744 7715 7715 7744 7745 7715 7745 7716 7716 7745 7746 7716 7746 7717 7717 7746 7747 7717 7747 7718 7718 7747 7748 7718 7748 7719 7719 7748 7749 7719 7749 7720 7720 7749 7750 7720 7750 7721 7721 7750 7751 7721 7751 7722 7722 7751 7752 7722 7752 7723 7723 7752 7753 7723 7753 7724 7724 7753 7754 7724 7754 7725 7725 7754 7755 7725 7755 7726 7726 7755 7756 7726 7756 7727 7727 7756 7757 7727 7757 7728 7728 7757 7758 7728 7758 7729 7729 7758 7759 7729 7759 7730 7730 7759 7760 7730 7760 7731 7731 7760 7761 7731 7761 7732 7732 7761 7762 7732 7762 7733 7733 7762 7763 7733 7763 7734 7734 7763 7764 7734 7764 7735 7735 7764 7765 7735 7765 7736 7736 7765 7766 7736 7766 7737 7737 7766 7767 7737 7767 7738 7738 7767 7768 7738 7768 7739 7739 7768 7769 7739 7769 7740 7740 7769 7770 7740 7770 7741 7741 7770 7771 7741 7771 7742 7742 7771 7772 7742 7772 7743 7743 7772 7773 7743 7773 5943 7744 5912 7774 7744 7774 7745 7745 7774 7775 7745 7775 7746 7746 7775 7776 7746 7776 7747 7747 7776 7777 7747 7777 7748 7748 7777 7778 7748 7778 7749 7749 7778 7779 7749 7779 7750 7750 7779 7780 7750 7780 7751 7751 7780 7781 7751 7781 7752 7752 7781 7782 7752 7782 7753 7753 7782 7783 7753 7783 7754 7754 7783 7784 7754 7784 7755 7755 7784 7785 7755 7785 7756 7756 7785 7786 7756 7786 7757 7757 7786 7787 7757 7787 7758 7758 7787 7788 7758 7788 7759 7759 7788 7789 7759 7789 7760 7760 7789 7790 7760 7790 7761 7761 7790 7791 7761 7791 7762 7762 7791 7792 7762 7792 7763 7763 7792 7793 7763 7793 7764 7764 7793 7794 7764 7794 7765 7765 7794 7795 7765 7795 7766 7766 7795 7796 7766 7796 7767 7767 7796 7797 7767 7797 7768 7768 7797 7798 7768 7798 7769 7769 7798 7799 7769 7799 7770 7770 7799 7800 7770 7800 7771 7771 7800 7801 7771 7801 7772 7772 7801 7802 7772 7802 7773 7773 7802 7803 7773 7803 5943 7774 5912 7804 7774 7804 7775 7775 7804 7805 7775 7805 7776 7776 7805 7806 7776 7806 7777 7777 7806 7807 7777 7807 7778 7778 7807 7808 7778 7808 7779 7779 7808 7809 7779 7809 7780 7780 7809 7810 7780 7810 7781 7781 7810 7811 7781 7811 7782 7782 7811 7812 7782 7812 7783 7783 7812 7813 7783 7813 7784 7784 7813 7814 7784 7814 7785 7785 7814 7815 7785 7815 7786 7786 7815 7816 7786 7816 7787 7787 7816 7817 7787 7817 7788 7788 7817 7818 7788 7818 7789 7789 7818 7819 7789 7819 7790 7790 7819 7820 7790 7820 7791 7791 7820 7821 7791 7821 7792 7792 7821 7822 7792 7822 7793 7793 7822 7823 7793 7823 7794 7794 7823 7824 7794 7824 7795 7795 7824 7825 7795 7825 7796 7796 7825 7826 7796 7826 7797 7797 7826 7827 7797 7827 7798 7798 7827 7828 7798 7828 7799 7799 7828 7829 7799 7829 7800 7800 7829 7830 7800 7830 7801 7801 7830 7831 7801 7831 7802 7802 7831 7832 7802 7832 7803 7803 7832 7833 7803 7833 5943 7804 5912 5913 7804 5913 7805 7805 5913 5914 7805 5914 7806 7806 5914 5915 7806 5915 7807 7807 5915 5916 7807 5916 7808 7808 5916 5917 7808 5917 7809 7809 5917 5918 7809 5918 7810 7810 5918 5919 7810 5919 7811 7811 5919 5920 7811 5920 7812 7812 5920 5921 7812 5921 7813 7813 5921 5922 7813 5922 7814 7814 5922 5923 7814 5923 7815 7815 5923 5924 7815 5924 7816 7816 5924 5925 7816 5925 7817 7817 5925 5926 7817 5926 7818 7818 5926 5927 7818 5927 7819 7819 5927 5928 7819 5928 7820 7820 5928 5929 7820 5929 7821 7821 5929 5930 7821 5930 7822 7822 5930 5931 7822 5931 7823 7823 5931 5932 7823 5932 7824 7824 5932 5933 7824 5933 7825 7825 5933 5934 7825 5934 7826 7826 5934 5935 7826 5935 7827 7827 5935 5936 7827 5936 7828 7828 5936 5937 7828 5937 7829 7829 5937 5938 7829 5938 7830 7830 5938 5939 7830 5939 7831 7831 5939 5940 7831 5940 7832 7832 5940 5941 7832 5941 7833 7833 5941 5942 7833 5942 5943 7835 7834 7838 7835 7838 7836 7836 7838 7839 7836 7839 7837 7838 7834 7840 7838 7840 7839 7839 7840 7841 7839 7841 7837 7840 7834 7842 7840 7842 7841 7841 7842 7843 7841 7843 7837 7842 7834 7844 7842 7844 7843 7843 7844 7845 7843 7845 7837 7844 7834 7846 7844 7846 7845 7845 7846 7847 7845 7847 7837 7846 7834 7848 7846 7848 7847 7847 7848 7849 7847 7849 7837 7848 7834 7850 7848 7850 7849 7849 7850 7851 7849 7851 7837 7850 7834 7852 7850 7852 7851 7851 7852 7853 7851 7853 7837 7852 7834 7854 7852 7854 7853 7853 7854 7855 7853 7855 7837 7854 7834 7856 7854 7856 7855 7855 7856 7857 7855 7857 7837 7856 7834 7858 7856 7858 7857 7857 7858 7859 7857 7859 7837 7858 7834 7860 7858 7860 7859 7859 7860 7861 7859 7861 7837 7860 7834 7862 7860 7862 7861 7861 7862 7863 7861 7863 7837 7862 7834 7864 7862 7864 7863 7863 7864 7865 7863 7865 7837 7864 7834 7866 7864 7866 7865 7865 7866 7867 7865 7867 7837 7866 7834 7868 7866 7868 7867 7867 7868 7869 7867 7869 7837 7868 7834 7870 7868 7870 7869 7869 7870 7871 7869 7871 7837 7870 7834 7872 7870 7872 7871 7871 7872 7873 7871 7873 7837 7872 7834 7874 7872 7874 7873 7873 7874 7875 7873 7875 7837 7874 7834 7876 7874 7876 7875 7875 7876 7877 7875 7877 7837 7876 7834 7878 7876 7878 7877 7877 7878 7879 7877 7879 7837 7878 7834 7880 7878 7880 7879 7879 7880 7881 7879 7881 7837 7880 7834 7882 7880 7882 7881 7881 7882 7883 7881 7883 7837 7882 7834 7884 7882 7884 7883 7883 7884 7885 7883 7885 7837 7884 7834 7886 7884 7886 7885 7885 7886 7887 7885 7887 7837 7886 7834 7888 7886 7888 7887 7887 7888 7889 7887 7889 7837 7888 7834 7890 7888 7890 7889 7889 7890 7891 7889 7891 7837 7890 7834 7892 7890 7892 7891 7891 7892 7893 7891 7893 7837 7892 7834 7894 7892 7894 7893 7893 7894 7895 7893 7895 7837 7894 7834 7896 7894 7896 7895 7895 7896 7897 7895 7897 7837 7896 7834 7898 7896 7898 7897 7897 7898 7899 7897 7899 7837 7898 7834 7835 7898 7835 7899 7899 7835 7836 7899 7836 7837 7901 7903 7900 7904 7901 7900 7900 7903 7902 7902 7904 7900 7901 7907 7903 7905 7901 7904 7905 7907 7901 7903 7907 7902 7906 7904 7902 7902 7907 7906 7906 7905 7904 7907 7905 7906 7909 7908 7940 7909 7940 7910 7910 7940 7941 7910 7941 7911 7911 7941 7942 7911 7942 7912 7912 7942 7943 7912 7943 7913 7913 7943 7944 7913 7944 7914 7914 7944 7945 7914 7945 7915 7915 7945 7946 7915 7946 7916 7916 7946 7947 7916 7947 7917 7917 7947 7948 7917 7948 7918 7918 7948 7949 7918 7949 7919 7919 7949 7950 7919 7950 7920 7920 7950 7951 7920 7951 7921 7921 7951 7952 7921 7952 7922 7922 7952 7953 7922 7953 7923 7923 7953 7954 7923 7954 7924 7924 7954 7955 7924 7955 7925 7925 7955 7956 7925 7956 7926 7926 7956 7957 7926 7957 7927 7927 7957 7958 7927 7958 7928 7928 7958 7959 7928 7959 7929 7929 7959 7960 7929 7960 7930 7930 7960 7961 7930 7961 7931 7931 7961 7962 7931 7962 7932 7932 7962 7963 7932 7963 7933 7933 7963 7964 7933 7964 7934 7934 7964 7965 7934 7965 7935 7935 7965 7966 7935 7966 7936 7936 7966 7967 7936 7967 7937 7937 7967 7968 7937 7968 7938 7938 7968 7969 7938 7969 7939 7940 7908 7970 7940 7970 7941 7941 7970 7971 7941 7971 7942 7942 7971 7972 7942 7972 7943 7943 7972 7973 7943 7973 7944 7944 7973 7974 7944 7974 7945 7945 7974 7975 7945 7975 7946 7946 7975 7976 7946 7976 7947 7947 7976 7977 7947 7977 7948 7948 7977 7978 7948 7978 7949 7949 7978 7979 7949 7979 7950 7950 7979 7980 7950 7980 7951 7951 7980 7981 7951 7981 7952 7952 7981 7982 7952 7982 7953 7953 7982 7983 7953 7983 7954 7954 7983 7984 7954 7984 7955 7955 7984 7985 7955 7985 7956 7956 7985 7986 7956 7986 7957 7957 7986 7987 7957 7987 7958 7958 7987 7988 7958 7988 7959 7959 7988 7989 7959 7989 7960 7960 7989 7990 7960 7990 7961 7961 7990 7991 7961 7991 7962 7962 7991 7992 7962 7992 7963 7963 7992 7993 7963 7993 7964 7964 7993 7994 7964 7994 7965 7965 7994 7995 7965 7995 7966 7966 7995 7996 7966 7996 7967 7967 7996 7997 7967 7997 7968 7968 7997 7998 7968 7998 7969 7969 7998 7999 7969 7999 7939 7970 7908 8000 7970 8000 7971 7971 8000 8001 7971 8001 7972 7972 8001 8002 7972 8002 7973 7973 8002 8003 7973 8003 7974 7974 8003 8004 7974 8004 7975 7975 8004 8005 7975 8005 7976 7976 8005 8006 7976 8006 7977 7977 8006 8007 7977 8007 7978 7978 8007 8008 7978 8008 7979 7979 8008 8009 7979 8009 7980 7980 8009 8010 7980 8010 7981 7981 8010 8011 7981 8011 7982 7982 8011 8012 7982 8012 7983 7983 8012 8013 7983 8013 7984 7984 8013 8014 7984 8014 7985 7985 8014 8015 7985 8015 7986 7986 8015 8016 7986 8016 7987 7987 8016 8017 7987 8017 7988 7988 8017 8018 7988 8018 7989 7989 8018 8019 7989 8019 7990 7990 8019 8020 7990 8020 7991 7991 8020 8021 7991 8021 7992 7992 8021 8022 7992 8022 7993 7993 8022 8023 7993 8023 7994 7994 8023 8024 7994 8024 7995 7995 8024 8025 7995 8025 7996 7996 8025 8026 7996 8026 7997 7997 8026 8027 7997 8027 7998 7998 8027 8028 7998 8028 7999 7999 8028 8029 7999 8029 7939 8000 7908 8030 8000 8030 8001 8001 8030 8031 8001 8031 8002 8002 8031 8032 8002 8032 8003 8003 8032 8033 8003 8033 8004 8004 8033 8034 8004 8034 8005 8005 8034 8035 8005 8035 8006 8006 8035 8036 8006 8036 8007 8007 8036 8037 8007 8037 8008 8008 8037 8038 8008 8038 8009 8009 8038 8039 8009 8039 8010 8010 8039 8040 8010 8040 8011 8011 8040 8041 8011 8041 8012 8012 8041 8042 8012 8042 8013 8013 8042 8043 8013 8043 8014 8014 8043 8044 8014 8044 8015 8015 8044 8045 8015 8045 8016 8016 8045 8046 8016 8046 8017 8017 8046 8047 8017 8047 8018 8018 8047 8048 8018 8048 8019 8019 8048 8049 8019 8049 8020 8020 8049 8050 8020 8050 8021 8021 8050 8051 8021 8051 8022 8022 8051 8052 8022 8052 8023 8023 8052 8053 8023 8053 8024 8024 8053 8054 8024 8054 8025 8025 8054 8055 8025 8055 8026 8026 8055 8056 8026 8056 8027 8027 8056 8057 8027 8057 8028 8028 8057 8058 8028 8058 8029 8029 8058 8059 8029 8059 7939 8030 7908 8060 8030 8060 8031 8031 8060 8061 8031 8061 8032 8032 8061 8062 8032 8062 8033 8033 8062 8063 8033 8063 8034 8034 8063 8064 8034 8064 8035 8035 8064 8065 8035 8065 8036 8036 8065 8066 8036 8066 8037 8037 8066 8067 8037 8067 8038 8038 8067 8068 8038 8068 8039 8039 8068 8069 8039 8069 8040 8040 8069 8070 8040 8070 8041 8041 8070 8071 8041 8071 8042 8042 8071 8072 8042 8072 8043 8043 8072 8073 8043 8073 8044 8044 8073 8074 8044 8074 8045 8045 8074 8075 8045 8075 8046 8046 8075 8076 8046 8076 8047 8047 8076 8077 8047 8077 8048 8048 8077 8078 8048 8078 8049 8049 8078 8079 8049 8079 8050 8050 8079 8080 8050 8080 8051 8051 8080 8081 8051 8081 8052 8052 8081 8082 8052 8082 8053 8053 8082 8083 8053 8083 8054 8054 8083 8084 8054 8084 8055 8055 8084 8085 8055 8085 8056 8056 8085 8086 8056 8086 8057 8057 8086 8087 8057 8087 8058 8058 8087 8088 8058 8088 8059 8059 8088 8089 8059 8089 7939 8060 7908 8090 8060 8090 8061 8061 8090 8091 8061 8091 8062 8062 8091 8092 8062 8092 8063 8063 8092 8093 8063 8093 8064 8064 8093 8094 8064 8094 8065 8065 8094 8095 8065 8095 8066 8066 8095 8096 8066 8096 8067 8067 8096 8097 8067 8097 8068 8068 8097 8098 8068 8098 8069 8069 8098 8099 8069 8099 8070 8070 8099 8100 8070 8100 8071 8071 8100 8101 8071 8101 8072 8072 8101 8102 8072 8102 8073 8073 8102 8103 8073 8103 8074 8074 8103 8104 8074 8104 8075 8075 8104 8105 8075 8105 8076 8076 8105 8106 8076 8106 8077 8077 8106 8107 8077 8107 8078 8078 8107 8108 8078 8108 8079 8079 8108 8109 8079 8109 8080 8080 8109 8110 8080 8110 8081 8081 8110 8111 8081 8111 8082 8082 8111 8112 8082 8112 8083 8083 8112 8113 8083 8113 8084 8084 8113 8114 8084 8114 8085 8085 8114 8115 8085 8115 8086 8086 8115 8116 8086 8116 8087 8087 8116 8117 8087 8117 8088 8088 8117 8118 8088 8118 8089 8089 8118 8119 8089 8119 7939 8090 7908 8120 8090 8120 8091 8091 8120 8121 8091 8121 8092 8092 8121 8122 8092 8122 8093 8093 8122 8123 8093 8123 8094 8094 8123 8124 8094 8124 8095 8095 8124 8125 8095 8125 8096 8096 8125 8126 8096 8126 8097 8097 8126 8127 8097 8127 8098 8098 8127 8128 8098 8128 8099 8099 8128 8129 8099 8129 8100 8100 8129 8130 8100 8130 8101 8101 8130 8131 8101 8131 8102 8102 8131 8132 8102 8132 8103 8103 8132 8133 8103 8133 8104 8104 8133 8134 8104 8134 8105 8105 8134 8135 8105 8135 8106 8106 8135 8136 8106 8136 8107 8107 8136 8137 8107 8137 8108 8108 8137 8138 8108 8138 8109 8109 8138 8139 8109 8139 8110 8110 8139 8140 8110 8140 8111 8111 8140 8141 8111 8141 8112 8112 8141 8142 8112 8142 8113 8113 8142 8143 8113 8143 8114 8114 8143 8144 8114 8144 8115 8115 8144 8145 8115 8145 8116 8116 8145 8146 8116 8146 8117 8117 8146 8147 8117 8147 8118 8118 8147 8148 8118 8148 8119 8119 8148 8149 8119 8149 7939 8120 7908 8150 8120 8150 8121 8121 8150 8151 8121 8151 8122 8122 8151 8152 8122 8152 8123 8123 8152 8153 8123 8153 8124 8124 8153 8154 8124 8154 8125 8125 8154 8155 8125 8155 8126 8126 8155 8156 8126 8156 8127 8127 8156 8157 8127 8157 8128 8128 8157 8158 8128 8158 8129 8129 8158 8159 8129 8159 8130 8130 8159 8160 8130 8160 8131 8131 8160 8161 8131 8161 8132 8132 8161 8162 8132 8162 8133 8133 8162 8163 8133 8163 8134 8134 8163 8164 8134 8164 8135 8135 8164 8165 8135 8165 8136 8136 8165 8166 8136 8166 8137 8137 8166 8167 8137 8167 8138 8138 8167 8168 8138 8168 8139 8139 8168 8169 8139 8169 8140 8140 8169 8170 8140 8170 8141 8141 8170 8171 8141 8171 8142 8142 8171 8172 8142 8172 8143 8143 8172 8173 8143 8173 8144 8144 8173 8174 8144 8174 8145 8145 8174 8175 8145 8175 8146 8146 8175 8176 8146 8176 8147 8147 8176 8177 8147 8177 8148 8148 8177 8178 8148 8178 8149 8149 8178 8179 8149 8179 7939 8150 7908 8180 8150 8180 8151 8151 8180 8181 8151 8181 8152 8152 8181 8182 8152 8182 8153 8153 8182 8183 8153 8183 8154 8154 8183 8184 8154 8184 8155 8155 8184 8185 8155 8185 8156 8156 8185 8186 8156 8186 8157 8157 8186 8187 8157 8187 8158 8158 8187 8188 8158 8188 8159 8159 8188 8189 8159 8189 8160 8160 8189 8190 8160 8190 8161 8161 8190 8191 8161 8191 8162 8162 8191 8192 8162 8192 8163 8163 8192 8193 8163 8193 8164 8164 8193 8194 8164 8194 8165 8165 8194 8195 8165 8195 8166 8166 8195 8196 8166 8196 8167 8167 8196 8197 8167 8197 8168 8168 8197 8198 8168 8198 8169 8169 8198 8199 8169 8199 8170 8170 8199 8200 8170 8200 8171 8171 8200 8201 8171 8201 8172 8172 8201 8202 8172 8202 8173 8173 8202 8203 8173 8203 8174 8174 8203 8204 8174 8204 8175 8175 8204 8205 8175 8205 8176 8176 8205 8206 8176 8206 8177 8177 8206 8207 8177 8207 8178 8178 8207 8208 8178 8208 8179 8179 8208 8209 8179 8209 7939 8180 7908 8210 8180 8210 8181 8181 8210 8211 8181 8211 8182 8182 8211 8212 8182 8212 8183 8183 8212 8213 8183 8213 8184 8184 8213 8214 8184 8214 8185 8185 8214 8215 8185 8215 8186 8186 8215 8216 8186 8216 8187 8187 8216 8217 8187 8217 8188 8188 8217 8218 8188 8218 8189 8189 8218 8219 8189 8219 8190 8190 8219 8220 8190 8220 8191 8191 8220 8221 8191 8221 8192 8192 8221 8222 8192 8222 8193 8193 8222 8223 8193 8223 8194 8194 8223 8224 8194 8224 8195 8195 8224 8225 8195 8225 8196 8196 8225 8226 8196 8226 8197 8197 8226 8227 8197 8227 8198 8198 8227 8228 8198 8228 8199 8199 8228 8229 8199 8229 8200 8200 8229 8230 8200 8230 8201 8201 8230 8231 8201 8231 8202 8202 8231 8232 8202 8232 8203 8203 8232 8233 8203 8233 8204 8204 8233 8234 8204 8234 8205 8205 8234 8235 8205 8235 8206 8206 8235 8236 8206 8236 8207 8207 8236 8237 8207 8237 8208 8208 8237 8238 8208 8238 8209 8209 8238 8239 8209 8239 7939 8210 7908 8240 8210 8240 8211 8211 8240 8241 8211 8241 8212 8212 8241 8242 8212 8242 8213 8213 8242 8243 8213 8243 8214 8214 8243 8244 8214 8244 8215 8215 8244 8245 8215 8245 8216 8216 8245 8246 8216 8246 8217 8217 8246 8247 8217 8247 8218 8218 8247 8248 8218 8248 8219 8219 8248 8249 8219 8249 8220 8220 8249 8250 8220 8250 8221 8221 8250 8251 8221 8251 8222 8222 8251 8252 8222 8252 8223 8223 8252 8253 8223 8253 8224 8224 8253 8254 8224 8254 8225 8225 8254 8255 8225 8255 8226 8226 8255 8256 8226 8256 8227 8227 8256 8257 8227 8257 8228 8228 8257 8258 8228 8258 8229 8229 8258 8259 8229 8259 8230 8230 8259 8260 8230 8260 8231 8231 8260 8261 8231 8261 8232 8232 8261 8262 8232 8262 8233 8233 8262 8263 8233 8263 8234 8234 8263 8264 8234 8264 8235 8235 8264 8265 8235 8265 8236 8236 8265 8266 8236 8266 8237 8237 8266 8267 8237 8267 8238 8238 8267 8268 8238 8268 8239 8239 8268 8269 8239 8269 7939 8240 7908 8270 8240 8270 8241 8241 8270 8271 8241 8271 8242 8242 8271 8272 8242 8272 8243 8243 8272 8273 8243 8273 8244 8244 8273 8274 8244 8274 8245 8245 8274 8275 8245 8275 8246 8246 8275 8276 8246 8276 8247 8247 8276 8277 8247 8277 8248 8248 8277 8278 8248 8278 8249 8249 8278 8279 8249 8279 8250 8250 8279 8280 8250 8280 8251 8251 8280 8281 8251 8281 8252 8252 8281 8282 8252 8282 8253 8253 8282 8283 8253 8283 8254 8254 8283 8284 8254 8284 8255 8255 8284 8285 8255 8285 8256 8256 8285 8286 8256 8286 8257 8257 8286 8287 8257 8287 8258 8258 8287 8288 8258 8288 8259 8259 8288 8289 8259 8289 8260 8260 8289 8290 8260 8290 8261 8261 8290 8291 8261 8291 8262 8262 8291 8292 8262 8292 8263 8263 8292 8293 8263 8293 8264 8264 8293 8294 8264 8294 8265 8265 8294 8295 8265 8295 8266 8266 8295 8296 8266 8296 8267 8267 8296 8297 8267 8297 8268 8268 8297 8298 8268 8298 8269 8269 8298 8299 8269 8299 7939 8270 7908 8300 8270 8300 8271 8271 8300 8301 8271 8301 8272 8272 8301 8302 8272 8302 8273 8273 8302 8303 8273 8303 8274 8274 8303 8304 8274 8304 8275 8275 8304 8305 8275 8305 8276 8276 8305 8306 8276 8306 8277 8277 8306 8307 8277 8307 8278 8278 8307 8308 8278 8308 8279 8279 8308 8309 8279 8309 8280 8280 8309 8310 8280 8310 8281 8281 8310 8311 8281 8311 8282 8282 8311 8312 8282 8312 8283 8283 8312 8313 8283 8313 8284 8284 8313 8314 8284 8314 8285 8285 8314 8315 8285 8315 8286 8286 8315 8316 8286 8316 8287 8287 8316 8317 8287 8317 8288 8288 8317 8318 8288 8318 8289 8289 8318 8319 8289 8319 8290 8290 8319 8320 8290 8320 8291 8291 8320 8321 8291 8321 8292 8292 8321 8322 8292 8322 8293 8293 8322 8323 8293 8323 8294 8294 8323 8324 8294 8324 8295 8295 8324 8325 8295 8325 8296 8296 8325 8326 8296 8326 8297 8297 8326 8327 8297 8327 8298 8298 8327 8328 8298 8328 8299 8299 8328 8329 8299 8329 7939 8300 7908 8330 8300 8330 8301 8301 8330 8331 8301 8331 8302 8302 8331 8332 8302 8332 8303 8303 8332 8333 8303 8333 8304 8304 8333 8334 8304 8334 8305 8305 8334 8335 8305 8335 8306 8306 8335 8336 8306 8336 8307 8307 8336 8337 8307 8337 8308 8308 8337 8338 8308 8338 8309 8309 8338 8339 8309 8339 8310 8310 8339 8340 8310 8340 8311 8311 8340 8341 8311 8341 8312 8312 8341 8342 8312 8342 8313 8313 8342 8343 8313 8343 8314 8314 8343 8344 8314 8344 8315 8315 8344 8345 8315 8345 8316 8316 8345 8346 8316 8346 8317 8317 8346 8347 8317 8347 8318 8318 8347 8348 8318 8348 8319 8319 8348 8349 8319 8349 8320 8320 8349 8350 8320 8350 8321 8321 8350 8351 8321 8351 8322 8322 8351 8352 8322 8352 8323 8323 8352 8353 8323 8353 8324 8324 8353 8354 8324 8354 8325 8325 8354 8355 8325 8355 8326 8326 8355 8356 8326 8356 8327 8327 8356 8357 8327 8357 8328 8328 8357 8358 8328 8358 8329 8329 8358 8359 8329 8359 7939 8330 7908 8360 8330 8360 8331 8331 8360 8361 8331 8361 8332 8332 8361 8362 8332 8362 8333 8333 8362 8363 8333 8363 8334 8334 8363 8364 8334 8364 8335 8335 8364 8365 8335 8365 8336 8336 8365 8366 8336 8366 8337 8337 8366 8367 8337 8367 8338 8338 8367 8368 8338 8368 8339 8339 8368 8369 8339 8369 8340 8340 8369 8370 8340 8370 8341 8341 8370 8371 8341 8371 8342 8342 8371 8372 8342 8372 8343 8343 8372 8373 8343 8373 8344 8344 8373 8374 8344 8374 8345 8345 8374 8375 8345 8375 8346 8346 8375 8376 8346 8376 8347 8347 8376 8377 8347 8377 8348 8348 8377 8378 8348 8378 8349 8349 8378 8379 8349 8379 8350 8350 8379 8380 8350 8380 8351 8351 8380 8381 8351 8381 8352 8352 8381 8382 8352 8382 8353 8353 8382 8383 8353 8383 8354 8354 8383 8384 8354 8384 8355 8355 8384 8385 8355 8385 8356 8356 8385 8386 8356 8386 8357 8357 8386 8387 8357 8387 8358 8358 8387 8388 8358 8388 8359 8359 8388 8389 8359 8389 7939 8360 7908 8390 8360 8390 8361 8361 8390 8391 8361 8391 8362 8362 8391 8392 8362 8392 8363 8363 8392 8393 8363 8393 8364 8364 8393 8394 8364 8394 8365 8365 8394 8395 8365 8395 8366 8366 8395 8396 8366 8396 8367 8367 8396 8397 8367 8397 8368 8368 8397 8398 8368 8398 8369 8369 8398 8399 8369 8399 8370 8370 8399 8400 8370 8400 8371 8371 8400 8401 8371 8401 8372 8372 8401 8402 8372 8402 8373 8373 8402 8403 8373 8403 8374 8374 8403 8404 8374 8404 8375 8375 8404 8405 8375 8405 8376 8376 8405 8406 8376 8406 8377 8377 8406 8407 8377 8407 8378 8378 8407 8408 8378 8408 8379 8379 8408 8409 8379 8409 8380 8380 8409 8410 8380 8410 8381 8381 8410 8411 8381 8411 8382 8382 8411 8412 8382 8412 8383 8383 8412 8413 8383 8413 8384 8384 8413 8414 8384 8414 8385 8385 8414 8415 8385 8415 8386 8386 8415 8416 8386 8416 8387 8387 8416 8417 8387 8417 8388 8388 8417 8418 8388 8418 8389 8389 8418 8419 8389 8419 7939 8390 7908 8420 8390 8420 8391 8391 8420 8421 8391 8421 8392 8392 8421 8422 8392 8422 8393 8393 8422 8423 8393 8423 8394 8394 8423 8424 8394 8424 8395 8395 8424 8425 8395 8425 8396 8396 8425 8426 8396 8426 8397 8397 8426 8427 8397 8427 8398 8398 8427 8428 8398 8428 8399 8399 8428 8429 8399 8429 8400 8400 8429 8430 8400 8430 8401 8401 8430 8431 8401 8431 8402 8402 8431 8432 8402 8432 8403 8403 8432 8433 8403 8433 8404 8404 8433 8434 8404 8434 8405 8405 8434 8435 8405 8435 8406 8406 8435 8436 8406 8436 8407 8407 8436 8437 8407 8437 8408 8408 8437 8438 8408 8438 8409 8409 8438 8439 8409 8439 8410 8410 8439 8440 8410 8440 8411 8411 8440 8441 8411 8441 8412 8412 8441 8442 8412 8442 8413 8413 8442 8443 8413 8443 8414 8414 8443 8444 8414 8444 8415 8415 8444 8445 8415 8445 8416 8416 8445 8446 8416 8446 8417 8417 8446 8447 8417 8447 8418 8418 8447 8448 8418 8448 8419 8419 8448 8449 8419 8449 7939 8420 7908 8450 8420 8450 8421 8421 8450 8451 8421 8451 8422 8422 8451 8452 8422 8452 8423 8423 8452 8453 8423 8453 8424 8424 8453 8454 8424 8454 8425 8425 8454 8455 8425 8455 8426 8426 8455 8456 8426 8456 8427 8427 8456 8457 8427 8457 8428 8428 8457 8458 8428 8458 8429 8429 8458 8459 8429 8459 8430 8430 8459 8460 8430 8460 8431 8431 8460 8461 8431 8461 8432 8432 8461 8462 8432 8462 8433 8433 8462 8463 8433 8463 8434 8434 8463 8464 8434 8464 8435 8435 8464 8465 8435 8465 8436 8436 8465 8466 8436 8466 8437 8437 8466 8467 8437 8467 8438 8438 8467 8468 8438 8468 8439 8439 8468 8469 8439 8469 8440 8440 8469 8470 8440 8470 8441 8441 8470 8471 8441 8471 8442 8442 8471 8472 8442 8472 8443 8443 8472 8473 8443 8473 8444 8444 8473 8474 8444 8474 8445 8445 8474 8475 8445 8475 8446 8446 8475 8476 8446 8476 8447 8447 8476 8477 8447 8477 8448 8448 8477 8478 8448 8478 8449 8449 8478 8479 8449 8479 7939 8450 7908 8480 8450 8480 8451 8451 8480 8481 8451 8481 8452 8452 8481 8482 8452 8482 8453 8453 8482 8483 8453 8483 8454 8454 8483 8484 8454 8484 8455 8455 8484 8485 8455 8485 8456 8456 8485 8486 8456 8486 8457 8457 8486 8487 8457 8487 8458 8458 8487 8488 8458 8488 8459 8459 8488 8489 8459 8489 8460 8460 8489 8490 8460 8490 8461 8461 8490 8491 8461 8491 8462 8462 8491 8492 8462 8492 8463 8463 8492 8493 8463 8493 8464 8464 8493 8494 8464 8494 8465 8465 8494 8495 8465 8495 8466 8466 8495 8496 8466 8496 8467 8467 8496 8497 8467 8497 8468 8468 8497 8498 8468 8498 8469 8469 8498 8499 8469 8499 8470 8470 8499 8500 8470 8500 8471 8471 8500 8501 8471 8501 8472 8472 8501 8502 8472 8502 8473 8473 8502 8503 8473 8503 8474 8474 8503 8504 8474 8504 8475 8475 8504 8505 8475 8505 8476 8476 8505 8506 8476 8506 8477 8477 8506 8507 8477 8507 8478 8478 8507 8508 8478 8508 8479 8479 8508 8509 8479 8509 7939 8480 7908 8510 8480 8510 8481 8481 8510 8511 8481 8511 8482 8482 8511 8512 8482 8512 8483 8483 8512 8513 8483 8513 8484 8484 8513 8514 8484 8514 8485 8485 8514 8515 8485 8515 8486 8486 8515 8516 8486 8516 8487 8487 8516 8517 8487 8517 8488 8488 8517 8518 8488 8518 8489 8489 8518 8519 8489 8519 8490 8490 8519 8520 8490 8520 8491 8491 8520 8521 8491 8521 8492 8492 8521 8522 8492 8522 8493 8493 8522 8523 8493 8523 8494 8494 8523 8524 8494 8524 8495 8495 8524 8525 8495 8525 8496 8496 8525 8526 8496 8526 8497 8497 8526 8527 8497 8527 8498 8498 8527 8528 8498 8528 8499 8499 8528 8529 8499 8529 8500 8500 8529 8530 8500 8530 8501 8501 8530 8531 8501 8531 8502 8502 8531 8532 8502 8532 8503 8503 8532 8533 8503 8533 8504 8504 8533 8534 8504 8534 8505 8505 8534 8535 8505 8535 8506 8506 8535 8536 8506 8536 8507 8507 8536 8537 8507 8537 8508 8508 8537 8538 8508 8538 8509 8509 8538 8539 8509 8539 7939 8510 7908 8540 8510 8540 8511 8511 8540 8541 8511 8541 8512 8512 8541 8542 8512 8542 8513 8513 8542 8543 8513 8543 8514 8514 8543 8544 8514 8544 8515 8515 8544 8545 8515 8545 8516 8516 8545 8546 8516 8546 8517 8517 8546 8547 8517 8547 8518 8518 8547 8548 8518 8548 8519 8519 8548 8549 8519 8549 8520 8520 8549 8550 8520 8550 8521 8521 8550 8551 8521 8551 8522 8522 8551 8552 8522 8552 8523 8523 8552 8553 8523 8553 8524 8524 8553 8554 8524 8554 8525 8525 8554 8555 8525 8555 8526 8526 8555 8556 8526 8556 8527 8527 8556 8557 8527 8557 8528 8528 8557 8558 8528 8558 8529 8529 8558 8559 8529 8559 8530 8530 8559 8560 8530 8560 8531 8531 8560 8561 8531 8561 8532 8532 8561 8562 8532 8562 8533 8533 8562 8563 8533 8563 8534 8534 8563 8564 8534 8564 8535 8535 8564 8565 8535 8565 8536 8536 8565 8566 8536 8566 8537 8537 8566 8567 8537 8567 8538 8538 8567 8568 8538 8568 8539 8539 8568 8569 8539 8569 7939 8540 7908 8570 8540 8570 8541 8541 8570 8571 8541 8571 8542 8542 8571 8572 8542 8572 8543 8543 8572 8573 8543 8573 8544 8544 8573 8574 8544 8574 8545 8545 8574 8575 8545 8575 8546 8546 8575 8576 8546 8576 8547 8547 8576 8577 8547 8577 8548 8548 8577 8578 8548 8578 8549 8549 8578 8579 8549 8579 8550 8550 8579 8580 8550 8580 8551 8551 8580 8581 8551 8581 8552 8552 8581 8582 8552 8582 8553 8553 8582 8583 8553 8583 8554 8554 8583 8584 8554 8584 8555 8555 8584 8585 8555 8585 8556 8556 8585 8586 8556 8586 8557 8557 8586 8587 8557 8587 8558 8558 8587 8588 8558 8588 8559 8559 8588 8589 8559 8589 8560 8560 8589 8590 8560 8590 8561 8561 8590 8591 8561 8591 8562 8562 8591 8592 8562 8592 8563 8563 8592 8593 8563 8593 8564 8564 8593 8594 8564 8594 8565 8565 8594 8595 8565 8595 8566 8566 8595 8596 8566 8596 8567 8567 8596 8597 8567 8597 8568 8568 8597 8598 8568 8598 8569 8569 8598 8599 8569 8599 7939 8570 7908 8600 8570 8600 8571 8571 8600 8601 8571 8601 8572 8572 8601 8602 8572 8602 8573 8573 8602 8603 8573 8603 8574 8574 8603 8604 8574 8604 8575 8575 8604 8605 8575 8605 8576 8576 8605 8606 8576 8606 8577 8577 8606 8607 8577 8607 8578 8578 8607 8608 8578 8608 8579 8579 8608 8609 8579 8609 8580 8580 8609 8610 8580 8610 8581 8581 8610 8611 8581 8611 8582 8582 8611 8612 8582 8612 8583 8583 8612 8613 8583 8613 8584 8584 8613 8614 8584 8614 8585 8585 8614 8615 8585 8615 8586 8586 8615 8616 8586 8616 8587 8587 8616 8617 8587 8617 8588 8588 8617 8618 8588 8618 8589 8589 8618 8619 8589 8619 8590 8590 8619 8620 8590 8620 8591 8591 8620 8621 8591 8621 8592 8592 8621 8622 8592 8622 8593 8593 8622 8623 8593 8623 8594 8594 8623 8624 8594 8624 8595 8595 8624 8625 8595 8625 8596 8596 8625 8626 8596 8626 8597 8597 8626 8627 8597 8627 8598 8598 8627 8628 8598 8628 8599 8599 8628 8629 8599 8629 7939 8600 7908 8630 8600 8630 8601 8601 8630 8631 8601 8631 8602 8602 8631 8632 8602 8632 8603 8603 8632 8633 8603 8633 8604 8604 8633 8634 8604 8634 8605 8605 8634 8635 8605 8635 8606 8606 8635 8636 8606 8636 8607 8607 8636 8637 8607 8637 8608 8608 8637 8638 8608 8638 8609 8609 8638 8639 8609 8639 8610 8610 8639 8640 8610 8640 8611 8611 8640 8641 8611 8641 8612 8612 8641 8642 8612 8642 8613 8613 8642 8643 8613 8643 8614 8614 8643 8644 8614 8644 8615 8615 8644 8645 8615 8645 8616 8616 8645 8646 8616 8646 8617 8617 8646 8647 8617 8647 8618 8618 8647 8648 8618 8648 8619 8619 8648 8649 8619 8649 8620 8620 8649 8650 8620 8650 8621 8621 8650 8651 8621 8651 8622 8622 8651 8652 8622 8652 8623 8623 8652 8653 8623 8653 8624 8624 8653 8654 8624 8654 8625 8625 8654 8655 8625 8655 8626 8626 8655 8656 8626 8656 8627 8627 8656 8657 8627 8657 8628 8628 8657 8658 8628 8658 8629 8629 8658 8659 8629 8659 7939 8630 7908 8660 8630 8660 8631 8631 8660 8661 8631 8661 8632 8632 8661 8662 8632 8662 8633 8633 8662 8663 8633 8663 8634 8634 8663 8664 8634 8664 8635 8635 8664 8665 8635 8665 8636 8636 8665 8666 8636 8666 8637 8637 8666 8667 8637 8667 8638 8638 8667 8668 8638 8668 8639 8639 8668 8669 8639 8669 8640 8640 8669 8670 8640 8670 8641 8641 8670 8671 8641 8671 8642 8642 8671 8672 8642 8672 8643 8643 8672 8673 8643 8673 8644 8644 8673 8674 8644 8674 8645 8645 8674 8675 8645 8675 8646 8646 8675 8676 8646 8676 8647 8647 8676 8677 8647 8677 8648 8648 8677 8678 8648 8678 8649 8649 8678 8679 8649 8679 8650 8650 8679 8680 8650 8680 8651 8651 8680 8681 8651 8681 8652 8652 8681 8682 8652 8682 8653 8653 8682 8683 8653 8683 8654 8654 8683 8684 8654 8684 8655 8655 8684 8685 8655 8685 8656 8656 8685 8686 8656 8686 8657 8657 8686 8687 8657 8687 8658 8658 8687 8688 8658 8688 8659 8659 8688 8689 8659 8689 7939 8660 7908 8690 8660 8690 8661 8661 8690 8691 8661 8691 8662 8662 8691 8692 8662 8692 8663 8663 8692 8693 8663 8693 8664 8664 8693 8694 8664 8694 8665 8665 8694 8695 8665 8695 8666 8666 8695 8696 8666 8696 8667 8667 8696 8697 8667 8697 8668 8668 8697 8698 8668 8698 8669 8669 8698 8699 8669 8699 8670 8670 8699 8700 8670 8700 8671 8671 8700 8701 8671 8701 8672 8672 8701 8702 8672 8702 8673 8673 8702 8703 8673 8703 8674 8674 8703 8704 8674 8704 8675 8675 8704 8705 8675 8705 8676 8676 8705 8706 8676 8706 8677 8677 8706 8707 8677 8707 8678 8678 8707 8708 8678 8708 8679 8679 8708 8709 8679 8709 8680 8680 8709 8710 8680 8710 8681 8681 8710 8711 8681 8711 8682 8682 8711 8712 8682 8712 8683 8683 8712 8713 8683 8713 8684 8684 8713 8714 8684 8714 8685 8685 8714 8715 8685 8715 8686 8686 8715 8716 8686 8716 8687 8687 8716 8717 8687 8717 8688 8688 8717 8718 8688 8718 8689 8689 8718 8719 8689 8719 7939 8690 7908 8720 8690 8720 8691 8691 8720 8721 8691 8721 8692 8692 8721 8722 8692 8722 8693 8693 8722 8723 8693 8723 8694 8694 8723 8724 8694 8724 8695 8695 8724 8725 8695 8725 8696 8696 8725 8726 8696 8726 8697 8697 8726 8727 8697 8727 8698 8698 8727 8728 8698 8728 8699 8699 8728 8729 8699 8729 8700 8700 8729 8730 8700 8730 8701 8701 8730 8731 8701 8731 8702 8702 8731 8732 8702 8732 8703 8703 8732 8733 8703 8733 8704 8704 8733 8734 8704 8734 8705 8705 8734 8735 8705 8735 8706 8706 8735 8736 8706 8736 8707 8707 8736 8737 8707 8737 8708 8708 8737 8738 8708 8738 8709 8709 8738 8739 8709 8739 8710 8710 8739 8740 8710 8740 8711 8711 8740 8741 8711 8741 8712 8712 8741 8742 8712 8742 8713 8713 8742 8743 8713 8743 8714 8714 8743 8744 8714 8744 8715 8715 8744 8745 8715 8745 8716 8716 8745 8746 8716 8746 8717 8717 8746 8747 8717 8747 8718 8718 8747 8748 8718 8748 8719 8719 8748 8749 8719 8749 7939 8720 7908 8750 8720 8750 8721 8721 8750 8751 8721 8751 8722 8722 8751 8752 8722 8752 8723 8723 8752 8753 8723 8753 8724 8724 8753 8754 8724 8754 8725 8725 8754 8755 8725 8755 8726 8726 8755 8756 8726 8756 8727 8727 8756 8757 8727 8757 8728 8728 8757 8758 8728 8758 8729 8729 8758 8759 8729 8759 8730 8730 8759 8760 8730 8760 8731 8731 8760 8761 8731 8761 8732 8732 8761 8762 8732 8762 8733 8733 8762 8763 8733 8763 8734 8734 8763 8764 8734 8764 8735 8735 8764 8765 8735 8765 8736 8736 8765 8766 8736 8766 8737 8737 8766 8767 8737 8767 8738 8738 8767 8768 8738 8768 8739 8739 8768 8769 8739 8769 8740 8740 8769 8770 8740 8770 8741 8741 8770 8771 8741 8771 8742 8742 8771 8772 8742 8772 8743 8743 8772 8773 8743 8773 8744 8744 8773 8774 8744 8774 8745 8745 8774 8775 8745 8775 8746 8746 8775 8776 8746 8776 8747 8747 8776 8777 8747 8777 8748 8748 8777 8778 8748 8778 8749 8749 8778 8779 8749 8779 7939 8750 7908 8780 8750 8780 8751 8751 8780 8781 8751 8781 8752 8752 8781 8782 8752 8782 8753 8753 8782 8783 8753 8783 8754 8754 8783 8784 8754 8784 8755 8755 8784 8785 8755 8785 8756 8756 8785 8786 8756 8786 8757 8757 8786 8787 8757 8787 8758 8758 8787 8788 8758 8788 8759 8759 8788 8789 8759 8789 8760 8760 8789 8790 8760 8790 8761 8761 8790 8791 8761 8791 8762 8762 8791 8792 8762 8792 8763 8763 8792 8793 8763 8793 8764 8764 8793 8794 8764 8794 8765 8765 8794 8795 8765 8795 8766 8766 8795 8796 8766 8796 8767 8767 8796 8797 8767 8797 8768 8768 8797 8798 8768 8798 8769 8769 8798 8799 8769 8799 8770 8770 8799 8800 8770 8800 8771 8771 8800 8801 8771 8801 8772 8772 8801 8802 8772 8802 8773 8773 8802 8803 8773 8803 8774 8774 8803 8804 8774 8804 8775 8775 8804 8805 8775 8805 8776 8776 8805 8806 8776 8806 8777 8777 8806 8807 8777 8807 8778 8778 8807 8808 8778 8808 8779 8779 8808 8809 8779 8809 7939 8780 7908 8810 8780 8810 8781 8781 8810 8811 8781 8811 8782 8782 8811 8812 8782 8812 8783 8783 8812 8813 8783 8813 8784 8784 8813 8814 8784 8814 8785 8785 8814 8815 8785 8815 8786 8786 8815 8816 8786 8816 8787 8787 8816 8817 8787 8817 8788 8788 8817 8818 8788 8818 8789 8789 8818 8819 8789 8819 8790 8790 8819 8820 8790 8820 8791 8791 8820 8821 8791 8821 8792 8792 8821 8822 8792 8822 8793 8793 8822 8823 8793 8823 8794 8794 8823 8824 8794 8824 8795 8795 8824 8825 8795 8825 8796 8796 8825 8826 8796 8826 8797 8797 8826 8827 8797 8827 8798 8798 8827 8828 8798 8828 8799 8799 8828 8829 8799 8829 8800 8800 8829 8830 8800 8830 8801 8801 8830 8831 8801 8831 8802 8802 8831 8832 8802 8832 8803 8803 8832 8833 8803 8833 8804 8804 8833 8834 8804 8834 8805 8805 8834 8835 8805 8835 8806 8806 8835 8836 8806 8836 8807 8807 8836 8837 8807 8837 8808 8808 8837 8838 8808 8838 8809 8809 8838 8839 8809 8839 7939 8810 7908 8840 8810 8840 8811 8811 8840 8841 8811 8841 8812 8812 8841 8842 8812 8842 8813 8813 8842 8843 8813 8843 8814 8814 8843 8844 8814 8844 8815 8815 8844 8845 8815 8845 8816 8816 8845 8846 8816 8846 8817 8817 8846 8847 8817 8847 8818 8818 8847 8848 8818 8848 8819 8819 8848 8849 8819 8849 8820 8820 8849 8850 8820 8850 8821 8821 8850 8851 8821 8851 8822 8822 8851 8852 8822 8852 8823 8823 8852 8853 8823 8853 8824 8824 8853 8854 8824 8854 8825 8825 8854 8855 8825 8855 8826 8826 8855 8856 8826 8856 8827 8827 8856 8857 8827 8857 8828 8828 8857 8858 8828 8858 8829 8829 8858 8859 8829 8859 8830 8830 8859 8860 8830 8860 8831 8831 8860 8861 8831 8861 8832 8832 8861 8862 8832 8862 8833 8833 8862 8863 8833 8863 8834 8834 8863 8864 8834 8864 8835 8835 8864 8865 8835 8865 8836 8836 8865 8866 8836 8866 8837 8837 8866 8867 8837 8867 8838 8838 8867 8868 8838 8868 8839 8839 8868 8869 8839 8869 7939 8840 7908 8870 8840 8870 8841 8841 8870 8871 8841 8871 8842 8842 8871 8872 8842 8872 8843 8843 8872 8873 8843 8873 8844 8844 8873 8874 8844 8874 8845 8845 8874 8875 8845 8875 8846 8846 8875 8876 8846 8876 8847 8847 8876 8877 8847 8877 8848 8848 8877 8878 8848 8878 8849 8849 8878 8879 8849 8879 8850 8850 8879 8880 8850 8880 8851 8851 8880 8881 8851 8881 8852 8852 8881 8882 8852 8882 8853 8853 8882 8883 8853 8883 8854 8854 8883 8884 8854 8884 8855 8855 8884 8885 8855 8885 8856 8856 8885 8886 8856 8886 8857 8857 8886 8887 8857 8887 8858 8858 8887 8888 8858 8888 8859 8859 8888 8889 8859 8889 8860 8860 8889 8890 8860 8890 8861 8861 8890 8891 8861 8891 8862 8862 8891 8892 8862 8892 8863 8863 8892 8893 8863 8893 8864 8864 8893 8894 8864 8894 8865 8865 8894 8895 8865 8895 8866 8866 8895 8896 8866 8896 8867 8867 8896 8897 8867 8897 8868 8868 8897 8898 8868 8898 8869 8869 8898 8899 8869 8899 7939 8870 7908 8900 8870 8900 8871 8871 8900 8901 8871 8901 8872 8872 8901 8902 8872 8902 8873 8873 8902 8903 8873 8903 8874 8874 8903 8904 8874 8904 8875 8875 8904 8905 8875 8905 8876 8876 8905 8906 8876 8906 8877 8877 8906 8907 8877 8907 8878 8878 8907 8908 8878 8908 8879 8879 8908 8909 8879 8909 8880 8880 8909 8910 8880 8910 8881 8881 8910 8911 8881 8911 8882 8882 8911 8912 8882 8912 8883 8883 8912 8913 8883 8913 8884 8884 8913 8914 8884 8914 8885 8885 8914 8915 8885 8915 8886 8886 8915 8916 8886 8916 8887 8887 8916 8917 8887 8917 8888 8888 8917 8918 8888 8918 8889 8889 8918 8919 8889 8919 8890 8890 8919 8920 8890 8920 8891 8891 8920 8921 8891 8921 8892 8892 8921 8922 8892 8922 8893 8893 8922 8923 8893 8923 8894 8894 8923 8924 8894 8924 8895 8895 8924 8925 8895 8925 8896 8896 8925 8926 8896 8926 8897 8897 8926 8927 8897 8927 8898 8898 8927 8928 8898 8928 8899 8899 8928 8929 8899 8929 7939 8900 7908 8930 8900 8930 8901 8901 8930 8931 8901 8931 8902 8902 8931 8932 8902 8932 8903 8903 8932 8933 8903 8933 8904 8904 8933 8934 8904 8934 8905 8905 8934 8935 8905 8935 8906 8906 8935 8936 8906 8936 8907 8907 8936 8937 8907 8937 8908 8908 8937 8938 8908 8938 8909 8909 8938 8939 8909 8939 8910 8910 8939 8940 8910 8940 8911 8911 8940 8941 8911 8941 8912 8912 8941 8942 8912 8942 8913 8913 8942 8943 8913 8943 8914 8914 8943 8944 8914 8944 8915 8915 8944 8945 8915 8945 8916 8916 8945 8946 8916 8946 8917 8917 8946 8947 8917 8947 8918 8918 8947 8948 8918 8948 8919 8919 8948 8949 8919 8949 8920 8920 8949 8950 8920 8950 8921 8921 8950 8951 8921 8951 8922 8922 8951 8952 8922 8952 8923 8923 8952 8953 8923 8953 8924 8924 8953 8954 8924 8954 8925 8925 8954 8955 8925 8955 8926 8926 8955 8956 8926 8956 8927 8927 8956 8957 8927 8957 8928 8928 8957 8958 8928 8958 8929 8929 8958 8959 8929 8959 7939 8930 7908 8960 8930 8960 8931 8931 8960 8961 8931 8961 8932 8932 8961 8962 8932 8962 8933 8933 8962 8963 8933 8963 8934 8934 8963 8964 8934 8964 8935 8935 8964 8965 8935 8965 8936 8936 8965 8966 8936 8966 8937 8937 8966 8967 8937 8967 8938 8938 8967 8968 8938 8968 8939 8939 8968 8969 8939 8969 8940 8940 8969 8970 8940 8970 8941 8941 8970 8971 8941 8971 8942 8942 8971 8972 8942 8972 8943 8943 8972 8973 8943 8973 8944 8944 8973 8974 8944 8974 8945 8945 8974 8975 8945 8975 8946 8946 8975 8976 8946 8976 8947 8947 8976 8977 8947 8977 8948 8948 8977 8978 8948 8978 8949 8949 8978 8979 8949 8979 8950 8950 8979 8980 8950 8980 8951 8951 8980 8981 8951 8981 8952 8952 8981 8982 8952 8982 8953 8953 8982 8983 8953 8983 8954 8954 8983 8984 8954 8984 8955 8955 8984 8985 8955 8985 8956 8956 8985 8986 8956 8986 8957 8957 8986 8987 8957 8987 8958 8958 8987 8988 8958 8988 8959 8959 8988 8989 8959 8989 7939 8960 7908 8990 8960 8990 8961 8961 8990 8991 8961 8991 8962 8962 8991 8992 8962 8992 8963 8963 8992 8993 8963 8993 8964 8964 8993 8994 8964 8994 8965 8965 8994 8995 8965 8995 8966 8966 8995 8996 8966 8996 8967 8967 8996 8997 8967 8997 8968 8968 8997 8998 8968 8998 8969 8969 8998 8999 8969 8999 8970 8970 8999 9000 8970 9000 8971 8971 9000 9001 8971 9001 8972 8972 9001 9002 8972 9002 8973 8973 9002 9003 8973 9003 8974 8974 9003 9004 8974 9004 8975 8975 9004 9005 8975 9005 8976 8976 9005 9006 8976 9006 8977 8977 9006 9007 8977 9007 8978 8978 9007 9008 8978 9008 8979 8979 9008 9009 8979 9009 8980 8980 9009 9010 8980 9010 8981 8981 9010 9011 8981 9011 8982 8982 9011 9012 8982 9012 8983 8983 9012 9013 8983 9013 8984 8984 9013 9014 8984 9014 8985 8985 9014 9015 8985 9015 8986 8986 9015 9016 8986 9016 8987 8987 9016 9017 8987 9017 8988 8988 9017 9018 8988 9018 8989 8989 9018 9019 8989 9019 7939 8990 7908 9020 8990 9020 8991 8991 9020 9021 8991 9021 8992 8992 9021 9022 8992 9022 8993 8993 9022 9023 8993 9023 8994 8994 9023 9024 8994 9024 8995 8995 9024 9025 8995 9025 8996 8996 9025 9026 8996 9026 8997 8997 9026 9027 8997 9027 8998 8998 9027 9028 8998 9028 8999 8999 9028 9029 8999 9029 9000 9000 9029 9030 9000 9030 9001 9001 9030 9031 9001 9031 9002 9002 9031 9032 9002 9032 9003 9003 9032 9033 9003 9033 9004 9004 9033 9034 9004 9034 9005 9005 9034 9035 9005 9035 9006 9006 9035 9036 9006 9036 9007 9007 9036 9037 9007 9037 9008 9008 9037 9038 9008 9038 9009 9009 9038 9039 9009 9039 9010 9010 9039 9040 9010 9040 9011 9011 9040 9041 9011 9041 9012 9012 9041 9042 9012 9042 9013 9013 9042 9043 9013 9043 9014 9014 9043 9044 9014 9044 9015 9015 9044 9045 9015 9045 9016 9016 9045 9046 9016 9046 9017 9017 9046 9047 9017 9047 9018 9018 9047 9048 9018 9048 9019 9019 9048 9049 9019 9049 7939 9020 7908 9050 9020 9050 9021 9021 9050 9051 9021 9051 9022 9022 9051 9052 9022 9052 9023 9023 9052 9053 9023 9053 9024 9024 9053 9054 9024 9054 9025 9025 9054 9055 9025 9055 9026 9026 9055 9056 9026 9056 9027 9027 9056 9057 9027 9057 9028 9028 9057 9058 9028 9058 9029 9029 9058 9059 9029 9059 9030 9030 9059 9060 9030 9060 9031 9031 9060 9061 9031 9061 9032 9032 9061 9062 9032 9062 9033 9033 9062 9063 9033 9063 9034 9034 9063 9064 9034 9064 9035 9035 9064 9065 9035 9065 9036 9036 9065 9066 9036 9066 9037 9037 9066 9067 9037 9067 9038 9038 9067 9068 9038 9068 9039 9039 9068 9069 9039 9069 9040 9040 9069 9070 9040 9070 9041 9041 9070 9071 9041 9071 9042 9042 9071 9072 9042 9072 9043 9043 9072 9073 9043 9073 9044 9044 9073 9074 9044 9074 9045 9045 9074 9075 9045 9075 9046 9046 9075 9076 9046 9076 9047 9047 9076 9077 9047 9077 9048 9048 9077 9078 9048 9078 9049 9049 9078 9079 9049 9079 7939 9050 7908 9080 9050 9080 9051 9051 9080 9081 9051 9081 9052 9052 9081 9082 9052 9082 9053 9053 9082 9083 9053 9083 9054 9054 9083 9084 9054 9084 9055 9055 9084 9085 9055 9085 9056 9056 9085 9086 9056 9086 9057 9057 9086 9087 9057 9087 9058 9058 9087 9088 9058 9088 9059 9059 9088 9089 9059 9089 9060 9060 9089 9090 9060 9090 9061 9061 9090 9091 9061 9091 9062 9062 9091 9092 9062 9092 9063 9063 9092 9093 9063 9093 9064 9064 9093 9094 9064 9094 9065 9065 9094 9095 9065 9095 9066 9066 9095 9096 9066 9096 9067 9067 9096 9097 9067 9097 9068 9068 9097 9098 9068 9098 9069 9069 9098 9099 9069 9099 9070 9070 9099 9100 9070 9100 9071 9071 9100 9101 9071 9101 9072 9072 9101 9102 9072 9102 9073 9073 9102 9103 9073 9103 9074 9074 9103 9104 9074 9104 9075 9075 9104 9105 9075 9105 9076 9076 9105 9106 9076 9106 9077 9077 9106 9107 9077 9107 9078 9078 9107 9108 9078 9108 9079 9079 9108 9109 9079 9109 7939 9080 7908 9110 9080 9110 9081 9081 9110 9111 9081 9111 9082 9082 9111 9112 9082 9112 9083 9083 9112 9113 9083 9113 9084 9084 9113 9114 9084 9114 9085 9085 9114 9115 9085 9115 9086 9086 9115 9116 9086 9116 9087 9087 9116 9117 9087 9117 9088 9088 9117 9118 9088 9118 9089 9089 9118 9119 9089 9119 9090 9090 9119 9120 9090 9120 9091 9091 9120 9121 9091 9121 9092 9092 9121 9122 9092 9122 9093 9093 9122 9123 9093 9123 9094 9094 9123 9124 9094 9124 9095 9095 9124 9125 9095 9125 9096 9096 9125 9126 9096 9126 9097 9097 9126 9127 9097 9127 9098 9098 9127 9128 9098 9128 9099 9099 9128 9129 9099 9129 9100 9100 9129 9130 9100 9130 9101 9101 9130 9131 9101 9131 9102 9102 9131 9132 9102 9132 9103 9103 9132 9133 9103 9133 9104 9104 9133 9134 9104 9134 9105 9105 9134 9135 9105 9135 9106 9106 9135 9136 9106 9136 9107 9107 9136 9137 9107 9137 9108 9108 9137 9138 9108 9138 9109 9109 9138 9139 9109 9139 7939 9110 7908 9140 9110 9140 9111 9111 9140 9141 9111 9141 9112 9112 9141 9142 9112 9142 9113 9113 9142 9143 9113 9143 9114 9114 9143 9144 9114 9144 9115 9115 9144 9145 9115 9145 9116 9116 9145 9146 9116 9146 9117 9117 9146 9147 9117 9147 9118 9118 9147 9148 9118 9148 9119 9119 9148 9149 9119 9149 9120 9120 9149 9150 9120 9150 9121 9121 9150 9151 9121 9151 9122 9122 9151 9152 9122 9152 9123 9123 9152 9153 9123 9153 9124 9124 9153 9154 9124 9154 9125 9125 9154 9155 9125 9155 9126 9126 9155 9156 9126 9156 9127 9127 9156 9157 9127 9157 9128 9128 9157 9158 9128 9158 9129 9129 9158 9159 9129 9159 9130 9130 9159 9160 9130 9160 9131 9131 9160 9161 9131 9161 9132 9132 9161 9162 9132 9162 9133 9133 9162 9163 9133 9163 9134 9134 9163 9164 9134 9164 9135 9135 9164 9165 9135 9165 9136 9136 9165 9166 9136 9166 9137 9137 9166 9167 9137 9167 9138 9138 9167 9168 9138 9168 9139 9139 9168 9169 9139 9169 7939 9140 7908 9170 9140 9170 9141 9141 9170 9171 9141 9171 9142 9142 9171 9172 9142 9172 9143 9143 9172 9173 9143 9173 9144 9144 9173 9174 9144 9174 9145 9145 9174 9175 9145 9175 9146 9146 9175 9176 9146 9176 9147 9147 9176 9177 9147 9177 9148 9148 9177 9178 9148 9178 9149 9149 9178 9179 9149 9179 9150 9150 9179 9180 9150 9180 9151 9151 9180 9181 9151 9181 9152 9152 9181 9182 9152 9182 9153 9153 9182 9183 9153 9183 9154 9154 9183 9184 9154 9184 9155 9155 9184 9185 9155 9185 9156 9156 9185 9186 9156 9186 9157 9157 9186 9187 9157 9187 9158 9158 9187 9188 9158 9188 9159 9159 9188 9189 9159 9189 9160 9160 9189 9190 9160 9190 9161 9161 9190 9191 9161 9191 9162 9162 9191 9192 9162 9192 9163 9163 9192 9193 9163 9193 9164 9164 9193 9194 9164 9194 9165 9165 9194 9195 9165 9195 9166 9166 9195 9196 9166 9196 9167 9167 9196 9197 9167 9197 9168 9168 9197 9198 9168 9198 9169 9169 9198 9199 9169 9199 7939 9170 7908 9200 9170 9200 9171 9171 9200 9201 9171 9201 9172 9172 9201 9202 9172 9202 9173 9173 9202 9203 9173 9203 9174 9174 9203 9204 9174 9204 9175 9175 9204 9205 9175 9205 9176 9176 9205 9206 9176 9206 9177 9177 9206 9207 9177 9207 9178 9178 9207 9208 9178 9208 9179 9179 9208 9209 9179 9209 9180 9180 9209 9210 9180 9210 9181 9181 9210 9211 9181 9211 9182 9182 9211 9212 9182 9212 9183 9183 9212 9213 9183 9213 9184 9184 9213 9214 9184 9214 9185 9185 9214 9215 9185 9215 9186 9186 9215 9216 9186 9216 9187 9187 9216 9217 9187 9217 9188 9188 9217 9218 9188 9218 9189 9189 9218 9219 9189 9219 9190 9190 9219 9220 9190 9220 9191 9191 9220 9221 9191 9221 9192 9192 9221 9222 9192 9222 9193 9193 9222 9223 9193 9223 9194 9194 9223 9224 9194 9224 9195 9195 9224 9225 9195 9225 9196 9196 9225 9226 9196 9226 9197 9197 9226 9227 9197 9227 9198 9198 9227 9228 9198 9228 9199 9199 9228 9229 9199 9229 7939 9200 7908 9230 9200 9230 9201 9201 9230 9231 9201 9231 9202 9202 9231 9232 9202 9232 9203 9203 9232 9233 9203 9233 9204 9204 9233 9234 9204 9234 9205 9205 9234 9235 9205 9235 9206 9206 9235 9236 9206 9236 9207 9207 9236 9237 9207 9237 9208 9208 9237 9238 9208 9238 9209 9209 9238 9239 9209 9239 9210 9210 9239 9240 9210 9240 9211 9211 9240 9241 9211 9241 9212 9212 9241 9242 9212 9242 9213 9213 9242 9243 9213 9243 9214 9214 9243 9244 9214 9244 9215 9215 9244 9245 9215 9245 9216 9216 9245 9246 9216 9246 9217 9217 9246 9247 9217 9247 9218 9218 9247 9248 9218 9248 9219 9219 9248 9249 9219 9249 9220 9220 9249 9250 9220 9250 9221 9221 9250 9251 9221 9251 9222 9222 9251 9252 9222 9252 9223 9223 9252 9253 9223 9253 9224 9224 9253 9254 9224 9254 9225 9225 9254 9255 9225 9255 9226 9226 9255 9256 9226 9256 9227 9227 9256 9257 9227 9257 9228 9228 9257 9258 9228 9258 9229 9229 9258 9259 9229 9259 7939 9230 7908 9260 9230 9260 9231 9231 9260 9261 9231 9261 9232 9232 9261 9262 9232 9262 9233 9233 9262 9263 9233 9263 9234 9234 9263 9264 9234 9264 9235 9235 9264 9265 9235 9265 9236 9236 9265 9266 9236 9266 9237 9237 9266 9267 9237 9267 9238 9238 9267 9268 9238 9268 9239 9239 9268 9269 9239 9269 9240 9240 9269 9270 9240 9270 9241 9241 9270 9271 9241 9271 9242 9242 9271 9272 9242 9272 9243 9243 9272 9273 9243 9273 9244 9244 9273 9274 9244 9274 9245 9245 9274 9275 9245 9275 9246 9246 9275 9276 9246 9276 9247 9247 9276 9277 9247 9277 9248 9248 9277 9278 9248 9278 9249 9249 9278 9279 9249 9279 9250 9250 9279 9280 9250 9280 9251 9251 9280 9281 9251 9281 9252 9252 9281 9282 9252 9282 9253 9253 9282 9283 9253 9283 9254 9254 9283 9284 9254 9284 9255 9255 9284 9285 9255 9285 9256 9256 9285 9286 9256 9286 9257 9257 9286 9287 9257 9287 9258 9258 9287 9288 9258 9288 9259 9259 9288 9289 9259 9289 7939 9260 7908 9290 9260 9290 9261 9261 9290 9291 9261 9291 9262 9262 9291 9292 9262 9292 9263 9263 9292 9293 9263 9293 9264 9264 9293 9294 9264 9294 9265 9265 9294 9295 9265 9295 9266 9266 9295 9296 9266 9296 9267 9267 9296 9297 9267 9297 9268 9268 9297 9298 9268 9298 9269 9269 9298 9299 9269 9299 9270 9270 9299 9300 9270 9300 9271 9271 9300 9301 9271 9301 9272 9272 9301 9302 9272 9302 9273 9273 9302 9303 9273 9303 9274 9274 9303 9304 9274 9304 9275 9275 9304 9305 9275 9305 9276 9276 9305 9306 9276 9306 9277 9277 9306 9307 9277 9307 9278 9278 9307 9308 9278 9308 9279 9279 9308 9309 9279 9309 9280 9280 9309 9310 9280 9310 9281 9281 9310 9311 9281 9311 9282 9282 9311 9312 9282 9312 9283 9283 9312 9313 9283 9313 9284 9284 9313 9314 9284 9314 9285 9285 9314 9315 9285 9315 9286 9286 9315 9316 9286 9316 9287 9287 9316 9317 9287 9317 9288 9288 9317 9318 9288 9318 9289 9289 9318 9319 9289 9319 7939 9290 7908 9320 9290 9320 9291 9291 9320 9321 9291 9321 9292 9292 9321 9322 9292 9322 9293 9293 9322 9323 9293 9323 9294 9294 9323 9324 9294 9324 9295 9295 9324 9325 9295 9325 9296 9296 9325 9326 9296 9326 9297 9297 9326 9327 9297 9327 9298 9298 9327 9328 9298 9328 9299 9299 9328 9329 9299 9329 9300 9300 9329 9330 9300 9330 9301 9301 9330 9331 9301 9331 9302 9302 9331 9332 9302 9332 9303 9303 9332 9333 9303 9333 9304 9304 9333 9334 9304 9334 9305 9305 9334 9335 9305 9335 9306 9306 9335 9336 9306 9336 9307 9307 9336 9337 9307 9337 9308 9308 9337 9338 9308 9338 9309 9309 9338 9339 9309 9339 9310 9310 9339 9340 9310 9340 9311 9311 9340 9341 9311 9341 9312 9312 9341 9342 9312 9342 9313 9313 9342 9343 9313 9343 9314 9314 9343 9344 9314 9344 9315 9315 9344 9345 9315 9345 9316 9316 9345 9346 9316 9346 9317 9317 9346 9347 9317 9347 9318 9318 9347 9348 9318 9348 9319 9319 9348 9349 9319 9349 7939 9320 7908 9350 9320 9350 9321 9321 9350 9351 9321 9351 9322 9322 9351 9352 9322 9352 9323 9323 9352 9353 9323 9353 9324 9324 9353 9354 9324 9354 9325 9325 9354 9355 9325 9355 9326 9326 9355 9356 9326 9356 9327 9327 9356 9357 9327 9357 9328 9328 9357 9358 9328 9358 9329 9329 9358 9359 9329 9359 9330 9330 9359 9360 9330 9360 9331 9331 9360 9361 9331 9361 9332 9332 9361 9362 9332 9362 9333 9333 9362 9363 9333 9363 9334 9334 9363 9364 9334 9364 9335 9335 9364 9365 9335 9365 9336 9336 9365 9366 9336 9366 9337 9337 9366 9367 9337 9367 9338 9338 9367 9368 9338 9368 9339 9339 9368 9369 9339 9369 9340 9340 9369 9370 9340 9370 9341 9341 9370 9371 9341 9371 9342 9342 9371 9372 9342 9372 9343 9343 9372 9373 9343 9373 9344 9344 9373 9374 9344 9374 9345 9345 9374 9375 9345 9375 9346 9346 9375 9376 9346 9376 9347 9347 9376 9377 9347 9377 9348 9348 9377 9378 9348 9378 9349 9349 9378 9379 9349 9379 7939 9350 7908 9380 9350 9380 9351 9351 9380 9381 9351 9381 9352 9352 9381 9382 9352 9382 9353 9353 9382 9383 9353 9383 9354 9354 9383 9384 9354 9384 9355 9355 9384 9385 9355 9385 9356 9356 9385 9386 9356 9386 9357 9357 9386 9387 9357 9387 9358 9358 9387 9388 9358 9388 9359 9359 9388 9389 9359 9389 9360 9360 9389 9390 9360 9390 9361 9361 9390 9391 9361 9391 9362 9362 9391 9392 9362 9392 9363 9363 9392 9393 9363 9393 9364 9364 9393 9394 9364 9394 9365 9365 9394 9395 9365 9395 9366 9366 9395 9396 9366 9396 9367 9367 9396 9397 9367 9397 9368 9368 9397 9398 9368 9398 9369 9369 9398 9399 9369 9399 9370 9370 9399 9400 9370 9400 9371 9371 9400 9401 9371 9401 9372 9372 9401 9402 9372 9402 9373 9373 9402 9403 9373 9403 9374 9374 9403 9404 9374 9404 9375 9375 9404 9405 9375 9405 9376 9376 9405 9406 9376 9406 9377 9377 9406 9407 9377 9407 9378 9378 9407 9408 9378 9408 9379 9379 9408 9409 9379 9409 7939 9380 7908 9410 9380 9410 9381 9381 9410 9411 9381 9411 9382 9382 9411 9412 9382 9412 9383 9383 9412 9413 9383 9413 9384 9384 9413 9414 9384 9414 9385 9385 9414 9415 9385 9415 9386 9386 9415 9416 9386 9416 9387 9387 9416 9417 9387 9417 9388 9388 9417 9418 9388 9418 9389 9389 9418 9419 9389 9419 9390 9390 9419 9420 9390 9420 9391 9391 9420 9421 9391 9421 9392 9392 9421 9422 9392 9422 9393 9393 9422 9423 9393 9423 9394 9394 9423 9424 9394 9424 9395 9395 9424 9425 9395 9425 9396 9396 9425 9426 9396 9426 9397 9397 9426 9427 9397 9427 9398 9398 9427 9428 9398 9428 9399 9399 9428 9429 9399 9429 9400 9400 9429 9430 9400 9430 9401 9401 9430 9431 9401 9431 9402 9402 9431 9432 9402 9432 9403 9403 9432 9433 9403 9433 9404 9404 9433 9434 9404 9434 9405 9405 9434 9435 9405 9435 9406 9406 9435 9436 9406 9436 9407 9407 9436 9437 9407 9437 9408 9408 9437 9438 9408 9438 9409 9409 9438 9439 9409 9439 7939 9410 7908 9440 9410 9440 9411 9411 9440 9441 9411 9441 9412 9412 9441 9442 9412 9442 9413 9413 9442 9443 9413 9443 9414 9414 9443 9444 9414 9444 9415 9415 9444 9445 9415 9445 9416 9416 9445 9446 9416 9446 9417 9417 9446 9447 9417 9447 9418 9418 9447 9448 9418 9448 9419 9419 9448 9449 9419 9449 9420 9420 9449 9450 9420 9450 9421 9421 9450 9451 9421 9451 9422 9422 9451 9452 9422 9452 9423 9423 9452 9453 9423 9453 9424 9424 9453 9454 9424 9454 9425 9425 9454 9455 9425 9455 9426 9426 9455 9456 9426 9456 9427 9427 9456 9457 9427 9457 9428 9428 9457 9458 9428 9458 9429 9429 9458 9459 9429 9459 9430 9430 9459 9460 9430 9460 9431 9431 9460 9461 9431 9461 9432 9432 9461 9462 9432 9462 9433 9433 9462 9463 9433 9463 9434 9434 9463 9464 9434 9464 9435 9435 9464 9465 9435 9465 9436 9436 9465 9466 9436 9466 9437 9437 9466 9467 9437 9467 9438 9438 9467 9468 9438 9468 9439 9439 9468 9469 9439 9469 7939 9440 7908 9470 9440 9470 9441 9441 9470 9471 9441 9471 9442 9442 9471 9472 9442 9472 9443 9443 9472 9473 9443 9473 9444 9444 9473 9474 9444 9474 9445 9445 9474 9475 9445 9475 9446 9446 9475 9476 9446 9476 9447 9447 9476 9477 9447 9477 9448 9448 9477 9478 9448 9478 9449 9449 9478 9479 9449 9479 9450 9450 9479 9480 9450 9480 9451 9451 9480 9481 9451 9481 9452 9452 9481 9482 9452 9482 9453 9453 9482 9483 9453 9483 9454 9454 9483 9484 9454 9484 9455 9455 9484 9485 9455 9485 9456 9456 9485 9486 9456 9486 9457 9457 9486 9487 9457 9487 9458 9458 9487 9488 9458 9488 9459 9459 9488 9489 9459 9489 9460 9460 9489 9490 9460 9490 9461 9461 9490 9491 9461 9491 9462 9462 9491 9492 9462 9492 9463 9463 9492 9493 9463 9493 9464 9464 9493 9494 9464 9494 9465 9465 9494 9495 9465 9495 9466 9466 9495 9496 9466 9496 9467 9467 9496 9497 9467 9497 9468 9468 9497 9498 9468 9498 9469 9469 9498 9499 9469 9499 7939 9470 7908 9500 9470 9500 9471 9471 9500 9501 9471 9501 9472 9472 9501 9502 9472 9502 9473 9473 9502 9503 9473 9503 9474 9474 9503 9504 9474 9504 9475 9475 9504 9505 9475 9505 9476 9476 9505 9506 9476 9506 9477 9477 9506 9507 9477 9507 9478 9478 9507 9508 9478 9508 9479 9479 9508 9509 9479 9509 9480 9480 9509 9510 9480 9510 9481 9481 9510 9511 9481 9511 9482 9482 9511 9512 9482 9512 9483 9483 9512 9513 9483 9513 9484 9484 9513 9514 9484 9514 9485 9485 9514 9515 9485 9515 9486 9486 9515 9516 9486 9516 9487 9487 9516 9517 9487 9517 9488 9488 9517 9518 9488 9518 9489 9489 9518 9519 9489 9519 9490 9490 9519 9520 9490 9520 9491 9491 9520 9521 9491 9521 9492 9492 9521 9522 9492 9522 9493 9493 9522 9523 9493 9523 9494 9494 9523 9524 9494 9524 9495 9495 9524 9525 9495 9525 9496 9496 9525 9526 9496 9526 9497 9497 9526 9527 9497 9527 9498 9498 9527 9528 9498 9528 9499 9499 9528 9529 9499 9529 7939 9500 7908 9530 9500 9530 9501 9501 9530 9531 9501 9531 9502 9502 9531 9532 9502 9532 9503 9503 9532 9533 9503 9533 9504 9504 9533 9534 9504 9534 9505 9505 9534 9535 9505 9535 9506 9506 9535 9536 9506 9536 9507 9507 9536 9537 9507 9537 9508 9508 9537 9538 9508 9538 9509 9509 9538 9539 9509 9539 9510 9510 9539 9540 9510 9540 9511 9511 9540 9541 9511 9541 9512 9512 9541 9542 9512 9542 9513 9513 9542 9543 9513 9543 9514 9514 9543 9544 9514 9544 9515 9515 9544 9545 9515 9545 9516 9516 9545 9546 9516 9546 9517 9517 9546 9547 9517 9547 9518 9518 9547 9548 9518 9548 9519 9519 9548 9549 9519 9549 9520 9520 9549 9550 9520 9550 9521 9521 9550 9551 9521 9551 9522 9522 9551 9552 9522 9552 9523 9523 9552 9553 9523 9553 9524 9524 9553 9554 9524 9554 9525 9525 9554 9555 9525 9555 9526 9526 9555 9556 9526 9556 9527 9527 9556 9557 9527 9557 9528 9528 9557 9558 9528 9558 9529 9529 9558 9559 9529 9559 7939 9530 7908 9560 9530 9560 9531 9531 9560 9561 9531 9561 9532 9532 9561 9562 9532 9562 9533 9533 9562 9563 9533 9563 9534 9534 9563 9564 9534 9564 9535 9535 9564 9565 9535 9565 9536 9536 9565 9566 9536 9566 9537 9537 9566 9567 9537 9567 9538 9538 9567 9568 9538 9568 9539 9539 9568 9569 9539 9569 9540 9540 9569 9570 9540 9570 9541 9541 9570 9571 9541 9571 9542 9542 9571 9572 9542 9572 9543 9543 9572 9573 9543 9573 9544 9544 9573 9574 9544 9574 9545 9545 9574 9575 9545 9575 9546 9546 9575 9576 9546 9576 9547 9547 9576 9577 9547 9577 9548 9548 9577 9578 9548 9578 9549 9549 9578 9579 9549 9579 9550 9550 9579 9580 9550 9580 9551 9551 9580 9581 9551 9581 9552 9552 9581 9582 9552 9582 9553 9553 9582 9583 9553 9583 9554 9554 9583 9584 9554 9584 9555 9555 9584 9585 9555 9585 9556 9556 9585 9586 9556 9586 9557 9557 9586 9587 9557 9587 9558 9558 9587 9588 9558 9588 9559 9559 9588 9589 9559 9589 7939 9560 7908 9590 9560 9590 9561 9561 9590 9591 9561 9591 9562 9562 9591 9592 9562 9592 9563 9563 9592 9593 9563 9593 9564 9564 9593 9594 9564 9594 9565 9565 9594 9595 9565 9595 9566 9566 9595 9596 9566 9596 9567 9567 9596 9597 9567 9597 9568 9568 9597 9598 9568 9598 9569 9569 9598 9599 9569 9599 9570 9570 9599 9600 9570 9600 9571 9571 9600 9601 9571 9601 9572 9572 9601 9602 9572 9602 9573 9573 9602 9603 9573 9603 9574 9574 9603 9604 9574 9604 9575 9575 9604 9605 9575 9605 9576 9576 9605 9606 9576 9606 9577 9577 9606 9607 9577 9607 9578 9578 9607 9608 9578 9608 9579 9579 9608 9609 9579 9609 9580 9580 9609 9610 9580 9610 9581 9581 9610 9611 9581 9611 9582 9582 9611 9612 9582 9612 9583 9583 9612 9613 9583 9613 9584 9584 9613 9614 9584 9614 9585 9585 9614 9615 9585 9615 9586 9586 9615 9616 9586 9616 9587 9587 9616 9617 9587 9617 9588 9588 9617 9618 9588 9618 9589 9589 9618 9619 9589 9619 7939 9590 7908 9620 9590 9620 9591 9591 9620 9621 9591 9621 9592 9592 9621 9622 9592 9622 9593 9593 9622 9623 9593 9623 9594 9594 9623 9624 9594 9624 9595 9595 9624 9625 9595 9625 9596 9596 9625 9626 9596 9626 9597 9597 9626 9627 9597 9627 9598 9598 9627 9628 9598 9628 9599 9599 9628 9629 9599 9629 9600 9600 9629 9630 9600 9630 9601 9601 9630 9631 9601 9631 9602 9602 9631 9632 9602 9632 9603 9603 9632 9633 9603 9633 9604 9604 9633 9634 9604 9634 9605 9605 9634 9635 9605 9635 9606 9606 9635 9636 9606 9636 9607 9607 9636 9637 9607 9637 9608 9608 9637 9638 9608 9638 9609 9609 9638 9639 9609 9639 9610 9610 9639 9640 9610 9640 9611 9611 9640 9641 9611 9641 9612 9612 9641 9642 9612 9642 9613 9613 9642 9643 9613 9643 9614 9614 9643 9644 9614 9644 9615 9615 9644 9645 9615 9645 9616 9616 9645 9646 9616 9646 9617 9617 9646 9647 9617 9647 9618 9618 9647 9648 9618 9648 9619 9619 9648 9649 9619 9649 7939 9620 7908 9650 9620 9650 9621 9621 9650 9651 9621 9651 9622 9622 9651 9652 9622 9652 9623 9623 9652 9653 9623 9653 9624 9624 9653 9654 9624 9654 9625 9625 9654 9655 9625 9655 9626 9626 9655 9656 9626 9656 9627 9627 9656 9657 9627 9657 9628 9628 9657 9658 9628 9658 9629 9629 9658 9659 9629 9659 9630 9630 9659 9660 9630 9660 9631 9631 9660 9661 9631 9661 9632 9632 9661 9662 9632 9662 9633 9633 9662 9663 9633 9663 9634 9634 9663 9664 9634 9664 9635 9635 9664 9665 9635 9665 9636 9636 9665 9666 9636 9666 9637 9637 9666 9667 9637 9667 9638 9638 9667 9668 9638 9668 9639 9639 9668 9669 9639 9669 9640 9640 9669 9670 9640 9670 9641 9641 9670 9671 9641 9671 9642 9642 9671 9672 9642 9672 9643 9643 9672 9673 9643 9673 9644 9644 9673 9674 9644 9674 9645 9645 9674 9675 9645 9675 9646 9646 9675 9676 9646 9676 9647 9647 9676 9677 9647 9677 9648 9648 9677 9678 9648 9678 9649 9649 9678 9679 9649 9679 7939 9650 7908 9680 9650 9680 9651 9651 9680 9681 9651 9681 9652 9652 9681 9682 9652 9682 9653 9653 9682 9683 9653 9683 9654 9654 9683 9684 9654 9684 9655 9655 9684 9685 9655 9685 9656 9656 9685 9686 9656 9686 9657 9657 9686 9687 9657 9687 9658 9658 9687 9688 9658 9688 9659 9659 9688 9689 9659 9689 9660 9660 9689 9690 9660 9690 9661 9661 9690 9691 9661 9691 9662 9662 9691 9692 9662 9692 9663 9663 9692 9693 9663 9693 9664 9664 9693 9694 9664 9694 9665 9665 9694 9695 9665 9695 9666 9666 9695 9696 9666 9696 9667 9667 9696 9697 9667 9697 9668 9668 9697 9698 9668 9698 9669 9669 9698 9699 9669 9699 9670 9670 9699 9700 9670 9700 9671 9671 9700 9701 9671 9701 9672 9672 9701 9702 9672 9702 9673 9673 9702 9703 9673 9703 9674 9674 9703 9704 9674 9704 9675 9675 9704 9705 9675 9705 9676 9676 9705 9706 9676 9706 9677 9677 9706 9707 9677 9707 9678 9678 9707 9708 9678 9708 9679 9679 9708 9709 9679 9709 7939 9680 7908 9710 9680 9710 9681 9681 9710 9711 9681 9711 9682 9682 9711 9712 9682 9712 9683 9683 9712 9713 9683 9713 9684 9684 9713 9714 9684 9714 9685 9685 9714 9715 9685 9715 9686 9686 9715 9716 9686 9716 9687 9687 9716 9717 9687 9717 9688 9688 9717 9718 9688 9718 9689 9689 9718 9719 9689 9719 9690 9690 9719 9720 9690 9720 9691 9691 9720 9721 9691 9721 9692 9692 9721 9722 9692 9722 9693 9693 9722 9723 9693 9723 9694 9694 9723 9724 9694 9724 9695 9695 9724 9725 9695 9725 9696 9696 9725 9726 9696 9726 9697 9697 9726 9727 9697 9727 9698 9698 9727 9728 9698 9728 9699 9699 9728 9729 9699 9729 9700 9700 9729 9730 9700 9730 9701 9701 9730 9731 9701 9731 9702 9702 9731 9732 9702 9732 9703 9703 9732 9733 9703 9733 9704 9704 9733 9734 9704 9734 9705 9705 9734 9735 9705 9735 9706 9706 9735 9736 9706 9736 9707 9707 9736 9737 9707 9737 9708 9708 9737 9738 9708 9738 9709 9709 9738 9739 9709 9739 7939 9710 7908 9740 9710 9740 9711 9711 9740 9741 9711 9741 9712 9712 9741 9742 9712 9742 9713 9713 9742 9743 9713 9743 9714 9714 9743 9744 9714 9744 9715 9715 9744 9745 9715 9745 9716 9716 9745 9746 9716 9746 9717 9717 9746 9747 9717 9747 9718 9718 9747 9748 9718 9748 9719 9719 9748 9749 9719 9749 9720 9720 9749 9750 9720 9750 9721 9721 9750 9751 9721 9751 9722 9722 9751 9752 9722 9752 9723 9723 9752 9753 9723 9753 9724 9724 9753 9754 9724 9754 9725 9725 9754 9755 9725 9755 9726 9726 9755 9756 9726 9756 9727 9727 9756 9757 9727 9757 9728 9728 9757 9758 9728 9758 9729 9729 9758 9759 9729 9759 9730 9730 9759 9760 9730 9760 9731 9731 9760 9761 9731 9761 9732 9732 9761 9762 9732 9762 9733 9733 9762 9763 9733 9763 9734 9734 9763 9764 9734 9764 9735 9735 9764 9765 9735 9765 9736 9736 9765 9766 9736 9766 9737 9737 9766 9767 9737 9767 9738 9738 9767 9768 9738 9768 9739 9739 9768 9769 9739 9769 7939 9740 7908 9770 9740 9770 9741 9741 9770 9771 9741 9771 9742 9742 9771 9772 9742 9772 9743 9743 9772 9773 9743 9773 9744 9744 9773 9774 9744 9774 9745 9745 9774 9775 9745 9775 9746 9746 9775 9776 9746 9776 9747 9747 9776 9777 9747 9777 9748 9748 9777 9778 9748 9778 9749 9749 9778 9779 9749 9779 9750 9750 9779 9780 9750 9780 9751 9751 9780 9781 9751 9781 9752 9752 9781 9782 9752 9782 9753 9753 9782 9783 9753 9783 9754 9754 9783 9784 9754 9784 9755 9755 9784 9785 9755 9785 9756 9756 9785 9786 9756 9786 9757 9757 9786 9787 9757 9787 9758 9758 9787 9788 9758 9788 9759 9759 9788 9789 9759 9789 9760 9760 9789 9790 9760 9790 9761 9761 9790 9791 9761 9791 9762 9762 9791 9792 9762 9792 9763 9763 9792 9793 9763 9793 9764 9764 9793 9794 9764 9794 9765 9765 9794 9795 9765 9795 9766 9766 9795 9796 9766 9796 9767 9767 9796 9797 9767 9797 9768 9768 9797 9798 9768 9798 9769 9769 9798 9799 9769 9799 7939 9770 7908 9800 9770 9800 9771 9771 9800 9801 9771 9801 9772 9772 9801 9802 9772 9802 9773 9773 9802 9803 9773 9803 9774 9774 9803 9804 9774 9804 9775 9775 9804 9805 9775 9805 9776 9776 9805 9806 9776 9806 9777 9777 9806 9807 9777 9807 9778 9778 9807 9808 9778 9808 9779 9779 9808 9809 9779 9809 9780 9780 9809 9810 9780 9810 9781 9781 9810 9811 9781 9811 9782 9782 9811 9812 9782 9812 9783 9783 9812 9813 9783 9813 9784 9784 9813 9814 9784 9814 9785 9785 9814 9815 9785 9815 9786 9786 9815 9816 9786 9816 9787 9787 9816 9817 9787 9817 9788 9788 9817 9818 9788 9818 9789 9789 9818 9819 9789 9819 9790 9790 9819 9820 9790 9820 9791 9791 9820 9821 9791 9821 9792 9792 9821 9822 9792 9822 9793 9793 9822 9823 9793 9823 9794 9794 9823 9824 9794 9824 9795 9795 9824 9825 9795 9825 9796 9796 9825 9826 9796 9826 9797 9797 9826 9827 9797 9827 9798 9798 9827 9828 9798 9828 9799 9799 9828 9829 9799 9829 7939 9800 7908 7909 9800 7909 9801 9801 7909 7910 9801 7910 9802 9802 7910 7911 9802 7911 9803 9803 7911 7912 9803 7912 9804 9804 7912 7913 9804 7913 9805 9805 7913 7914 9805 7914 9806 9806 7914 7915 9806 7915 9807 9807 7915 7916 9807 7916 9808 9808 7916 7917 9808 7917 9809 9809 7917 7918 9809 7918 9810 9810 7918 7919 9810 7919 9811 9811 7919 7920 9811 7920 9812 9812 7920 7921 9812 7921 9813 9813 7921 7922 9813 7922 9814 9814 7922 7923 9814 7923 9815 9815 7923 7924 9815 7924 9816 9816 7924 7925 9816 7925 9817 9817 7925 7926 9817 7926 9818 9818 7926 7927 9818 7927 9819 9819 7927 7928 9819 7928 9820 9820 7928 7929 9820 7929 9821 9821 7929 7930 9821 7930 9822 9822 7930 7931 9822 7931 9823 9823 7931 7932 9823 7932 9824 9824 7932 7933 9824 7933 9825 9825 7933 7934 9825 7934 9826 9826 7934 7935 9826 7935 9827 9827 7935 7936 9827 7936 9828 9828 7936 7937 9828 7937 9829 9829 7937 7938 9829 7938 7939 9831 9830 9862 9831 9862 9832 9832 9862 9863 9832 9863 9833 9833 9863 9864 9833 9864 9834 9834 9864 9865 9834 9865 9835 9835 9865 9866 9835 9866 9836 9836 9866 9867 9836 9867 9837 9837 9867 9868 9837 9868 9838 9838 9868 9869 9838 9869 9839 9839 9869 9870 9839 9870 9840 9840 9870 9871 9840 9871 9841 9841 9871 9872 9841 9872 9842 9842 9872 9873 9842 9873 9843 9843 9873 9874 9843 9874 9844 9844 9874 9875 9844 9875 9845 9845 9875 9876 9845 9876 9846 9846 9876 9877 9846 9877 9847 9847 9877 9878 9847 9878 9848 9848 9878 9879 9848 9879 9849 9849 9879 9880 9849 9880 9850 9850 9880 9881 9850 9881 9851 9851 9881 9882 9851 9882 9852 9852 9882 9883 9852 9883 9853 9853 9883 9884 9853 9884 9854 9854 9884 9885 9854 9885 9855 9855 9885 9886 9855 9886 9856 9856 9886 9887 9856 9887 9857 9857 9887 9888 9857 9888 9858 9858 9888 9889 9858 9889 9859 9859 9889 9890 9859 9890 9860 9860 9890 9891 9860 9891 9861 9862 9830 9892 9862 9892 9863 9863 9892 9893 9863 9893 9864 9864 9893 9894 9864 9894 9865 9865 9894 9895 9865 9895 9866 9866 9895 9896 9866 9896 9867 9867 9896 9897 9867 9897 9868 9868 9897 9898 9868 9898 9869 9869 9898 9899 9869 9899 9870 9870 9899 9900 9870 9900 9871 9871 9900 9901 9871 9901 9872 9872 9901 9902 9872 9902 9873 9873 9902 9903 9873 9903 9874 9874 9903 9904 9874 9904 9875 9875 9904 9905 9875 9905 9876 9876 9905 9906 9876 9906 9877 9877 9906 9907 9877 9907 9878 9878 9907 9908 9878 9908 9879 9879 9908 9909 9879 9909 9880 9880 9909 9910 9880 9910 9881 9881 9910 9911 9881 9911 9882 9882 9911 9912 9882 9912 9883 9883 9912 9913 9883 9913 9884 9884 9913 9914 9884 9914 9885 9885 9914 9915 9885 9915 9886 9886 9915 9916 9886 9916 9887 9887 9916 9917 9887 9917 9888 9888 9917 9918 9888 9918 9889 9889 9918 9919 9889 9919 9890 9890 9919 9920 9890 9920 9891 9891 9920 9921 9891 9921 9861 9892 9830 9922 9892 9922 9893 9893 9922 9923 9893 9923 9894 9894 9923 9924 9894 9924 9895 9895 9924 9925 9895 9925 9896 9896 9925 9926 9896 9926 9897 9897 9926 9927 9897 9927 9898 9898 9927 9928 9898 9928 9899 9899 9928 9929 9899 9929 9900 9900 9929 9930 9900 9930 9901 9901 9930 9931 9901 9931 9902 9902 9931 9932 9902 9932 9903 9903 9932 9933 9903 9933 9904 9904 9933 9934 9904 9934 9905 9905 9934 9935 9905 9935 9906 9906 9935 9936 9906 9936 9907 9907 9936 9937 9907 9937 9908 9908 9937 9938 9908 9938 9909 9909 9938 9939 9909 9939 9910 9910 9939 9940 9910 9940 9911 9911 9940 9941 9911 9941 9912 9912 9941 9942 9912 9942 9913 9913 9942 9943 9913 9943 9914 9914 9943 9944 9914 9944 9915 9915 9944 9945 9915 9945 9916 9916 9945 9946 9916 9946 9917 9917 9946 9947 9917 9947 9918 9918 9947 9948 9918 9948 9919 9919 9948 9949 9919 9949 9920 9920 9949 9950 9920 9950 9921 9921 9950 9951 9921 9951 9861 9922 9830 9952 9922 9952 9923 9923 9952 9953 9923 9953 9924 9924 9953 9954 9924 9954 9925 9925 9954 9955 9925 9955 9926 9926 9955 9956 9926 9956 9927 9927 9956 9957 9927 9957 9928 9928 9957 9958 9928 9958 9929 9929 9958 9959 9929 9959 9930 9930 9959 9960 9930 9960 9931 9931 9960 9961 9931 9961 9932 9932 9961 9962 9932 9962 9933 9933 9962 9963 9933 9963 9934 9934 9963 9964 9934 9964 9935 9935 9964 9965 9935 9965 9936 9936 9965 9966 9936 9966 9937 9937 9966 9967 9937 9967 9938 9938 9967 9968 9938 9968 9939 9939 9968 9969 9939 9969 9940 9940 9969 9970 9940 9970 9941 9941 9970 9971 9941 9971 9942 9942 9971 9972 9942 9972 9943 9943 9972 9973 9943 9973 9944 9944 9973 9974 9944 9974 9945 9945 9974 9975 9945 9975 9946 9946 9975 9976 9946 9976 9947 9947 9976 9977 9947 9977 9948 9948 9977 9978 9948 9978 9949 9949 9978 9979 9949 9979 9950 9950 9979 9980 9950 9980 9951 9951 9980 9981 9951 9981 9861 9952 9830 9982 9952 9982 9953 9953 9982 9983 9953 9983 9954 9954 9983 9984 9954 9984 9955 9955 9984 9985 9955 9985 9956 9956 9985 9986 9956 9986 9957 9957 9986 9987 9957 9987 9958 9958 9987 9988 9958 9988 9959 9959 9988 9989 9959 9989 9960 9960 9989 9990 9960 9990 9961 9961 9990 9991 9961 9991 9962 9962 9991 9992 9962 9992 9963 9963 9992 9993 9963 9993 9964 9964 9993 9994 9964 9994 9965 9965 9994 9995 9965 9995 9966 9966 9995 9996 9966 9996 9967 9967 9996 9997 9967 9997 9968 9968 9997 9998 9968 9998 9969 9969 9998 9999 9969 9999 9970 9970 9999 10000 9970 10000 9971 9971 10000 10001 9971 10001 9972 9972 10001 10002 9972 10002 9973 9973 10002 10003 9973 10003 9974 9974 10003 10004 9974 10004 9975 9975 10004 10005 9975 10005 9976 9976 10005 10006 9976 10006 9977 9977 10006 10007 9977 10007 9978 9978 10007 10008 9978 10008 9979 9979 10008 10009 9979 10009 9980 9980 10009 10010 9980 10010 9981 9981 10010 10011 9981 10011 9861 9982 9830 10012 9982 10012 9983 9983 10012 10013 9983 10013 9984 9984 10013 10014 9984 10014 9985 9985 10014 10015 9985 10015 9986 9986 10015 10016 9986 10016 9987 9987 10016 10017 9987 10017 9988 9988 10017 10018 9988 10018 9989 9989 10018 10019 9989 10019 9990 9990 10019 10020 9990 10020 9991 9991 10020 10021 9991 10021 9992 9992 10021 10022 9992 10022 9993 9993 10022 10023 9993 10023 9994 9994 10023 10024 9994 10024 9995 9995 10024 10025 9995 10025 9996 9996 10025 10026 9996 10026 9997 9997 10026 10027 9997 10027 9998 9998 10027 10028 9998 10028 9999 9999 10028 10029 9999 10029 10000 10000 10029 10030 10000 10030 10001 10001 10030 10031 10001 10031 10002 10002 10031 10032 10002 10032 10003 10003 10032 10033 10003 10033 10004 10004 10033 10034 10004 10034 10005 10005 10034 10035 10005 10035 10006 10006 10035 10036 10006 10036 10007 10007 10036 10037 10007 10037 10008 10008 10037 10038 10008 10038 10009 10009 10038 10039 10009 10039 10010 10010 10039 10040 10010 10040 10011 10011 10040 10041 10011 10041 9861 10012 9830 10042 10012 10042 10013 10013 10042 10043 10013 10043 10014 10014 10043 10044 10014 10044 10015 10015 10044 10045 10015 10045 10016 10016 10045 10046 10016 10046 10017 10017 10046 10047 10017 10047 10018 10018 10047 10048 10018 10048 10019 10019 10048 10049 10019 10049 10020 10020 10049 10050 10020 10050 10021 10021 10050 10051 10021 10051 10022 10022 10051 10052 10022 10052 10023 10023 10052 10053 10023 10053 10024 10024 10053 10054 10024 10054 10025 10025 10054 10055 10025 10055 10026 10026 10055 10056 10026 10056 10027 10027 10056 10057 10027 10057 10028 10028 10057 10058 10028 10058 10029 10029 10058 10059 10029 10059 10030 10030 10059 10060 10030 10060 10031 10031 10060 10061 10031 10061 10032 10032 10061 10062 10032 10062 10033 10033 10062 10063 10033 10063 10034 10034 10063 10064 10034 10064 10035 10035 10064 10065 10035 10065 10036 10036 10065 10066 10036 10066 10037 10037 10066 10067 10037 10067 10038 10038 10067 10068 10038 10068 10039 10039 10068 10069 10039 10069 10040 10040 10069 10070 10040 10070 10041 10041 10070 10071 10041 10071 9861 10042 9830 10072 10042 10072 10043 10043 10072 10073 10043 10073 10044 10044 10073 10074 10044 10074 10045 10045 10074 10075 10045 10075 10046 10046 10075 10076 10046 10076 10047 10047 10076 10077 10047 10077 10048 10048 10077 10078 10048 10078 10049 10049 10078 10079 10049 10079 10050 10050 10079 10080 10050 10080 10051 10051 10080 10081 10051 10081 10052 10052 10081 10082 10052 10082 10053 10053 10082 10083 10053 10083 10054 10054 10083 10084 10054 10084 10055 10055 10084 10085 10055 10085 10056 10056 10085 10086 10056 10086 10057 10057 10086 10087 10057 10087 10058 10058 10087 10088 10058 10088 10059 10059 10088 10089 10059 10089 10060 10060 10089 10090 10060 10090 10061 10061 10090 10091 10061 10091 10062 10062 10091 10092 10062 10092 10063 10063 10092 10093 10063 10093 10064 10064 10093 10094 10064 10094 10065 10065 10094 10095 10065 10095 10066 10066 10095 10096 10066 10096 10067 10067 10096 10097 10067 10097 10068 10068 10097 10098 10068 10098 10069 10069 10098 10099 10069 10099 10070 10070 10099 10100 10070 10100 10071 10071 10100 10101 10071 10101 9861 10072 9830 10102 10072 10102 10073 10073 10102 10103 10073 10103 10074 10074 10103 10104 10074 10104 10075 10075 10104 10105 10075 10105 10076 10076 10105 10106 10076 10106 10077 10077 10106 10107 10077 10107 10078 10078 10107 10108 10078 10108 10079 10079 10108 10109 10079 10109 10080 10080 10109 10110 10080 10110 10081 10081 10110 10111 10081 10111 10082 10082 10111 10112 10082 10112 10083 10083 10112 10113 10083 10113 10084 10084 10113 10114 10084 10114 10085 10085 10114 10115 10085 10115 10086 10086 10115 10116 10086 10116 10087 10087 10116 10117 10087 10117 10088 10088 10117 10118 10088 10118 10089 10089 10118 10119 10089 10119 10090 10090 10119 10120 10090 10120 10091 10091 10120 10121 10091 10121 10092 10092 10121 10122 10092 10122 10093 10093 10122 10123 10093 10123 10094 10094 10123 10124 10094 10124 10095 10095 10124 10125 10095 10125 10096 10096 10125 10126 10096 10126 10097 10097 10126 10127 10097 10127 10098 10098 10127 10128 10098 10128 10099 10099 10128 10129 10099 10129 10100 10100 10129 10130 10100 10130 10101 10101 10130 10131 10101 10131 9861 10102 9830 10132 10102 10132 10103 10103 10132 10133 10103 10133 10104 10104 10133 10134 10104 10134 10105 10105 10134 10135 10105 10135 10106 10106 10135 10136 10106 10136 10107 10107 10136 10137 10107 10137 10108 10108 10137 10138 10108 10138 10109 10109 10138 10139 10109 10139 10110 10110 10139 10140 10110 10140 10111 10111 10140 10141 10111 10141 10112 10112 10141 10142 10112 10142 10113 10113 10142 10143 10113 10143 10114 10114 10143 10144 10114 10144 10115 10115 10144 10145 10115 10145 10116 10116 10145 10146 10116 10146 10117 10117 10146 10147 10117 10147 10118 10118 10147 10148 10118 10148 10119 10119 10148 10149 10119 10149 10120 10120 10149 10150 10120 10150 10121 10121 10150 10151 10121 10151 10122 10122 10151 10152 10122 10152 10123 10123 10152 10153 10123 10153 10124 10124 10153 10154 10124 10154 10125 10125 10154 10155 10125 10155 10126 10126 10155 10156 10126 10156 10127 10127 10156 10157 10127 10157 10128 10128 10157 10158 10128 10158 10129 10129 10158 10159 10129 10159 10130 10130 10159 10160 10130 10160 10131 10131 10160 10161 10131 10161 9861 10132 9830 10162 10132 10162 10133 10133 10162 10163 10133 10163 10134 10134 10163 10164 10134 10164 10135 10135 10164 10165 10135 10165 10136 10136 10165 10166 10136 10166 10137 10137 10166 10167 10137 10167 10138 10138 10167 10168 10138 10168 10139 10139 10168 10169 10139 10169 10140 10140 10169 10170 10140 10170 10141 10141 10170 10171 10141 10171 10142 10142 10171 10172 10142 10172 10143 10143 10172 10173 10143 10173 10144 10144 10173 10174 10144 10174 10145 10145 10174 10175 10145 10175 10146 10146 10175 10176 10146 10176 10147 10147 10176 10177 10147 10177 10148 10148 10177 10178 10148 10178 10149 10149 10178 10179 10149 10179 10150 10150 10179 10180 10150 10180 10151 10151 10180 10181 10151 10181 10152 10152 10181 10182 10152 10182 10153 10153 10182 10183 10153 10183 10154 10154 10183 10184 10154 10184 10155 10155 10184 10185 10155 10185 10156 10156 10185 10186 10156 10186 10157 10157 10186 10187 10157 10187 10158 10158 10187 10188 10158 10188 10159 10159 10188 10189 10159 10189 10160 10160 10189 10190 10160 10190 10161 10161 10190 10191 10161 10191 9861 10162 9830 10192 10162 10192 10163 10163 10192 10193 10163 10193 10164 10164 10193 10194 10164 10194 10165 10165 10194 10195 10165 10195 10166 10166 10195 10196 10166 10196 10167 10167 10196 10197 10167 10197 10168 10168 10197 10198 10168 10198 10169 10169 10198 10199 10169 10199 10170 10170 10199 10200 10170 10200 10171 10171 10200 10201 10171 10201 10172 10172 10201 10202 10172 10202 10173 10173 10202 10203 10173 10203 10174 10174 10203 10204 10174 10204 10175 10175 10204 10205 10175 10205 10176 10176 10205 10206 10176 10206 10177 10177 10206 10207 10177 10207 10178 10178 10207 10208 10178 10208 10179 10179 10208 10209 10179 10209 10180 10180 10209 10210 10180 10210 10181 10181 10210 10211 10181 10211 10182 10182 10211 10212 10182 10212 10183 10183 10212 10213 10183 10213 10184 10184 10213 10214 10184 10214 10185 10185 10214 10215 10185 10215 10186 10186 10215 10216 10186 10216 10187 10187 10216 10217 10187 10217 10188 10188 10217 10218 10188 10218 10189 10189 10218 10219 10189 10219 10190 10190 10219 10220 10190 10220 10191 10191 10220 10221 10191 10221 9861 10192 9830 10222 10192 10222 10193 10193 10222 10223 10193 10223 10194 10194 10223 10224 10194 10224 10195 10195 10224 10225 10195 10225 10196 10196 10225 10226 10196 10226 10197 10197 10226 10227 10197 10227 10198 10198 10227 10228 10198 10228 10199 10199 10228 10229 10199 10229 10200 10200 10229 10230 10200 10230 10201 10201 10230 10231 10201 10231 10202 10202 10231 10232 10202 10232 10203 10203 10232 10233 10203 10233 10204 10204 10233 10234 10204 10234 10205 10205 10234 10235 10205 10235 10206 10206 10235 10236 10206 10236 10207 10207 10236 10237 10207 10237 10208 10208 10237 10238 10208 10238 10209 10209 10238 10239 10209 10239 10210 10210 10239 10240 10210 10240 10211 10211 10240 10241 10211 10241 10212 10212 10241 10242 10212 10242 10213 10213 10242 10243 10213 10243 10214 10214 10243 10244 10214 10244 10215 10215 10244 10245 10215 10245 10216 10216 10245 10246 10216 10246 10217 10217 10246 10247 10217 10247 10218 10218 10247 10248 10218 10248 10219 10219 10248 10249 10219 10249 10220 10220 10249 10250 10220 10250 10221 10221 10250 10251 10221 10251 9861 10222 9830 10252 10222 10252 10223 10223 10252 10253 10223 10253 10224 10224 10253 10254 10224 10254 10225 10225 10254 10255 10225 10255 10226 10226 10255 10256 10226 10256 10227 10227 10256 10257 10227 10257 10228 10228 10257 10258 10228 10258 10229 10229 10258 10259 10229 10259 10230 10230 10259 10260 10230 10260 10231 10231 10260 10261 10231 10261 10232 10232 10261 10262 10232 10262 10233 10233 10262 10263 10233 10263 10234 10234 10263 10264 10234 10264 10235 10235 10264 10265 10235 10265 10236 10236 10265 10266 10236 10266 10237 10237 10266 10267 10237 10267 10238 10238 10267 10268 10238 10268 10239 10239 10268 10269 10239 10269 10240 10240 10269 10270 10240 10270 10241 10241 10270 10271 10241 10271 10242 10242 10271 10272 10242 10272 10243 10243 10272 10273 10243 10273 10244 10244 10273 10274 10244 10274 10245 10245 10274 10275 10245 10275 10246 10246 10275 10276 10246 10276 10247 10247 10276 10277 10247 10277 10248 10248 10277 10278 10248 10278 10249 10249 10278 10279 10249 10279 10250 10250 10279 10280 10250 10280 10251 10251 10280 10281 10251 10281 9861 10252 9830 10282 10252 10282 10253 10253 10282 10283 10253 10283 10254 10254 10283 10284 10254 10284 10255 10255 10284 10285 10255 10285 10256 10256 10285 10286 10256 10286 10257 10257 10286 10287 10257 10287 10258 10258 10287 10288 10258 10288 10259 10259 10288 10289 10259 10289 10260 10260 10289 10290 10260 10290 10261 10261 10290 10291 10261 10291 10262 10262 10291 10292 10262 10292 10263 10263 10292 10293 10263 10293 10264 10264 10293 10294 10264 10294 10265 10265 10294 10295 10265 10295 10266 10266 10295 10296 10266 10296 10267 10267 10296 10297 10267 10297 10268 10268 10297 10298 10268 10298 10269 10269 10298 10299 10269 10299 10270 10270 10299 10300 10270 10300 10271 10271 10300 10301 10271 10301 10272 10272 10301 10302 10272 10302 10273 10273 10302 10303 10273 10303 10274 10274 10303 10304 10274 10304 10275 10275 10304 10305 10275 10305 10276 10276 10305 10306 10276 10306 10277 10277 10306 10307 10277 10307 10278 10278 10307 10308 10278 10308 10279 10279 10308 10309 10279 10309 10280 10280 10309 10310 10280 10310 10281 10281 10310 10311 10281 10311 9861 10282 9830 10312 10282 10312 10283 10283 10312 10313 10283 10313 10284 10284 10313 10314 10284 10314 10285 10285 10314 10315 10285 10315 10286 10286 10315 10316 10286 10316 10287 10287 10316 10317 10287 10317 10288 10288 10317 10318 10288 10318 10289 10289 10318 10319 10289 10319 10290 10290 10319 10320 10290 10320 10291 10291 10320 10321 10291 10321 10292 10292 10321 10322 10292 10322 10293 10293 10322 10323 10293 10323 10294 10294 10323 10324 10294 10324 10295 10295 10324 10325 10295 10325 10296 10296 10325 10326 10296 10326 10297 10297 10326 10327 10297 10327 10298 10298 10327 10328 10298 10328 10299 10299 10328 10329 10299 10329 10300 10300 10329 10330 10300 10330 10301 10301 10330 10331 10301 10331 10302 10302 10331 10332 10302 10332 10303 10303 10332 10333 10303 10333 10304 10304 10333 10334 10304 10334 10305 10305 10334 10335 10305 10335 10306 10306 10335 10336 10306 10336 10307 10307 10336 10337 10307 10337 10308 10308 10337 10338 10308 10338 10309 10309 10338 10339 10309 10339 10310 10310 10339 10340 10310 10340 10311 10311 10340 10341 10311 10341 9861 10312 9830 10342 10312 10342 10313 10313 10342 10343 10313 10343 10314 10314 10343 10344 10314 10344 10315 10315 10344 10345 10315 10345 10316 10316 10345 10346 10316 10346 10317 10317 10346 10347 10317 10347 10318 10318 10347 10348 10318 10348 10319 10319 10348 10349 10319 10349 10320 10320 10349 10350 10320 10350 10321 10321 10350 10351 10321 10351 10322 10322 10351 10352 10322 10352 10323 10323 10352 10353 10323 10353 10324 10324 10353 10354 10324 10354 10325 10325 10354 10355 10325 10355 10326 10326 10355 10356 10326 10356 10327 10327 10356 10357 10327 10357 10328 10328 10357 10358 10328 10358 10329 10329 10358 10359 10329 10359 10330 10330 10359 10360 10330 10360 10331 10331 10360 10361 10331 10361 10332 10332 10361 10362 10332 10362 10333 10333 10362 10363 10333 10363 10334 10334 10363 10364 10334 10364 10335 10335 10364 10365 10335 10365 10336 10336 10365 10366 10336 10366 10337 10337 10366 10367 10337 10367 10338 10338 10367 10368 10338 10368 10339 10339 10368 10369 10339 10369 10340 10340 10369 10370 10340 10370 10341 10341 10370 10371 10341 10371 9861 10342 9830 10372 10342 10372 10343 10343 10372 10373 10343 10373 10344 10344 10373 10374 10344 10374 10345 10345 10374 10375 10345 10375 10346 10346 10375 10376 10346 10376 10347 10347 10376 10377 10347 10377 10348 10348 10377 10378 10348 10378 10349 10349 10378 10379 10349 10379 10350 10350 10379 10380 10350 10380 10351 10351 10380 10381 10351 10381 10352 10352 10381 10382 10352 10382 10353 10353 10382 10383 10353 10383 10354 10354 10383 10384 10354 10384 10355 10355 10384 10385 10355 10385 10356 10356 10385 10386 10356 10386 10357 10357 10386 10387 10357 10387 10358 10358 10387 10388 10358 10388 10359 10359 10388 10389 10359 10389 10360 10360 10389 10390 10360 10390 10361 10361 10390 10391 10361 10391 10362 10362 10391 10392 10362 10392 10363 10363 10392 10393 10363 10393 10364 10364 10393 10394 10364 10394 10365 10365 10394 10395 10365 10395 10366 10366 10395 10396 10366 10396 10367 10367 10396 10397 10367 10397 10368 10368 10397 10398 10368 10398 10369 10369 10398 10399 10369 10399 10370 10370 10399 10400 10370 10400 10371 10371 10400 10401 10371 10401 9861 10372 9830 10402 10372 10402 10373 10373 10402 10403 10373 10403 10374 10374 10403 10404 10374 10404 10375 10375 10404 10405 10375 10405 10376 10376 10405 10406 10376 10406 10377 10377 10406 10407 10377 10407 10378 10378 10407 10408 10378 10408 10379 10379 10408 10409 10379 10409 10380 10380 10409 10410 10380 10410 10381 10381 10410 10411 10381 10411 10382 10382 10411 10412 10382 10412 10383 10383 10412 10413 10383 10413 10384 10384 10413 10414 10384 10414 10385 10385 10414 10415 10385 10415 10386 10386 10415 10416 10386 10416 10387 10387 10416 10417 10387 10417 10388 10388 10417 10418 10388 10418 10389 10389 10418 10419 10389 10419 10390 10390 10419 10420 10390 10420 10391 10391 10420 10421 10391 10421 10392 10392 10421 10422 10392 10422 10393 10393 10422 10423 10393 10423 10394 10394 10423 10424 10394 10424 10395 10395 10424 10425 10395 10425 10396 10396 10425 10426 10396 10426 10397 10397 10426 10427 10397 10427 10398 10398 10427 10428 10398 10428 10399 10399 10428 10429 10399 10429 10400 10400 10429 10430 10400 10430 10401 10401 10430 10431 10401 10431 9861 10402 9830 10432 10402 10432 10403 10403 10432 10433 10403 10433 10404 10404 10433 10434 10404 10434 10405 10405 10434 10435 10405 10435 10406 10406 10435 10436 10406 10436 10407 10407 10436 10437 10407 10437 10408 10408 10437 10438 10408 10438 10409 10409 10438 10439 10409 10439 10410 10410 10439 10440 10410 10440 10411 10411 10440 10441 10411 10441 10412 10412 10441 10442 10412 10442 10413 10413 10442 10443 10413 10443 10414 10414 10443 10444 10414 10444 10415 10415 10444 10445 10415 10445 10416 10416 10445 10446 10416 10446 10417 10417 10446 10447 10417 10447 10418 10418 10447 10448 10418 10448 10419 10419 10448 10449 10419 10449 10420 10420 10449 10450 10420 10450 10421 10421 10450 10451 10421 10451 10422 10422 10451 10452 10422 10452 10423 10423 10452 10453 10423 10453 10424 10424 10453 10454 10424 10454 10425 10425 10454 10455 10425 10455 10426 10426 10455 10456 10426 10456 10427 10427 10456 10457 10427 10457 10428 10428 10457 10458 10428 10458 10429 10429 10458 10459 10429 10459 10430 10430 10459 10460 10430 10460 10431 10431 10460 10461 10431 10461 9861 10432 9830 10462 10432 10462 10433 10433 10462 10463 10433 10463 10434 10434 10463 10464 10434 10464 10435 10435 10464 10465 10435 10465 10436 10436 10465 10466 10436 10466 10437 10437 10466 10467 10437 10467 10438 10438 10467 10468 10438 10468 10439 10439 10468 10469 10439 10469 10440 10440 10469 10470 10440 10470 10441 10441 10470 10471 10441 10471 10442 10442 10471 10472 10442 10472 10443 10443 10472 10473 10443 10473 10444 10444 10473 10474 10444 10474 10445 10445 10474 10475 10445 10475 10446 10446 10475 10476 10446 10476 10447 10447 10476 10477 10447 10477 10448 10448 10477 10478 10448 10478 10449 10449 10478 10479 10449 10479 10450 10450 10479 10480 10450 10480 10451 10451 10480 10481 10451 10481 10452 10452 10481 10482 10452 10482 10453 10453 10482 10483 10453 10483 10454 10454 10483 10484 10454 10484 10455 10455 10484 10485 10455 10485 10456 10456 10485 10486 10456 10486 10457 10457 10486 10487 10457 10487 10458 10458 10487 10488 10458 10488 10459 10459 10488 10489 10459 10489 10460 10460 10489 10490 10460 10490 10461 10461 10490 10491 10461 10491 9861 10462 9830 10492 10462 10492 10463 10463 10492 10493 10463 10493 10464 10464 10493 10494 10464 10494 10465 10465 10494 10495 10465 10495 10466 10466 10495 10496 10466 10496 10467 10467 10496 10497 10467 10497 10468 10468 10497 10498 10468 10498 10469 10469 10498 10499 10469 10499 10470 10470 10499 10500 10470 10500 10471 10471 10500 10501 10471 10501 10472 10472 10501 10502 10472 10502 10473 10473 10502 10503 10473 10503 10474 10474 10503 10504 10474 10504 10475 10475 10504 10505 10475 10505 10476 10476 10505 10506 10476 10506 10477 10477 10506 10507 10477 10507 10478 10478 10507 10508 10478 10508 10479 10479 10508 10509 10479 10509 10480 10480 10509 10510 10480 10510 10481 10481 10510 10511 10481 10511 10482 10482 10511 10512 10482 10512 10483 10483 10512 10513 10483 10513 10484 10484 10513 10514 10484 10514 10485 10485 10514 10515 10485 10515 10486 10486 10515 10516 10486 10516 10487 10487 10516 10517 10487 10517 10488 10488 10517 10518 10488 10518 10489 10489 10518 10519 10489 10519 10490 10490 10519 10520 10490 10520 10491 10491 10520 10521 10491 10521 9861 10492 9830 10522 10492 10522 10493 10493 10522 10523 10493 10523 10494 10494 10523 10524 10494 10524 10495 10495 10524 10525 10495 10525 10496 10496 10525 10526 10496 10526 10497 10497 10526 10527 10497 10527 10498 10498 10527 10528 10498 10528 10499 10499 10528 10529 10499 10529 10500 10500 10529 10530 10500 10530 10501 10501 10530 10531 10501 10531 10502 10502 10531 10532 10502 10532 10503 10503 10532 10533 10503 10533 10504 10504 10533 10534 10504 10534 10505 10505 10534 10535 10505 10535 10506 10506 10535 10536 10506 10536 10507 10507 10536 10537 10507 10537 10508 10508 10537 10538 10508 10538 10509 10509 10538 10539 10509 10539 10510 10510 10539 10540 10510 10540 10511 10511 10540 10541 10511 10541 10512 10512 10541 10542 10512 10542 10513 10513 10542 10543 10513 10543 10514 10514 10543 10544 10514 10544 10515 10515 10544 10545 10515 10545 10516 10516 10545 10546 10516 10546 10517 10517 10546 10547 10517 10547 10518 10518 10547 10548 10518 10548 10519 10519 10548 10549 10519 10549 10520 10520 10549 10550 10520 10550 10521 10521 10550 10551 10521 10551 9861 10522 9830 10552 10522 10552 10523 10523 10552 10553 10523 10553 10524 10524 10553 10554 10524 10554 10525 10525 10554 10555 10525 10555 10526 10526 10555 10556 10526 10556 10527 10527 10556 10557 10527 10557 10528 10528 10557 10558 10528 10558 10529 10529 10558 10559 10529 10559 10530 10530 10559 10560 10530 10560 10531 10531 10560 10561 10531 10561 10532 10532 10561 10562 10532 10562 10533 10533 10562 10563 10533 10563 10534 10534 10563 10564 10534 10564 10535 10535 10564 10565 10535 10565 10536 10536 10565 10566 10536 10566 10537 10537 10566 10567 10537 10567 10538 10538 10567 10568 10538 10568 10539 10539 10568 10569 10539 10569 10540 10540 10569 10570 10540 10570 10541 10541 10570 10571 10541 10571 10542 10542 10571 10572 10542 10572 10543 10543 10572 10573 10543 10573 10544 10544 10573 10574 10544 10574 10545 10545 10574 10575 10545 10575 10546 10546 10575 10576 10546 10576 10547 10547 10576 10577 10547 10577 10548 10548 10577 10578 10548 10578 10549 10549 10578 10579 10549 10579 10550 10550 10579 10580 10550 10580 10551 10551 10580 10581 10551 10581 9861 10552 9830 10582 10552 10582 10553 10553 10582 10583 10553 10583 10554 10554 10583 10584 10554 10584 10555 10555 10584 10585 10555 10585 10556 10556 10585 10586 10556 10586 10557 10557 10586 10587 10557 10587 10558 10558 10587 10588 10558 10588 10559 10559 10588 10589 10559 10589 10560 10560 10589 10590 10560 10590 10561 10561 10590 10591 10561 10591 10562 10562 10591 10592 10562 10592 10563 10563 10592 10593 10563 10593 10564 10564 10593 10594 10564 10594 10565 10565 10594 10595 10565 10595 10566 10566 10595 10596 10566 10596 10567 10567 10596 10597 10567 10597 10568 10568 10597 10598 10568 10598 10569 10569 10598 10599 10569 10599 10570 10570 10599 10600 10570 10600 10571 10571 10600 10601 10571 10601 10572 10572 10601 10602 10572 10602 10573 10573 10602 10603 10573 10603 10574 10574 10603 10604 10574 10604 10575 10575 10604 10605 10575 10605 10576 10576 10605 10606 10576 10606 10577 10577 10606 10607 10577 10607 10578 10578 10607 10608 10578 10608 10579 10579 10608 10609 10579 10609 10580 10580 10609 10610 10580 10610 10581 10581 10610 10611 10581 10611 9861 10582 9830 10612 10582 10612 10583 10583 10612 10613 10583 10613 10584 10584 10613 10614 10584 10614 10585 10585 10614 10615 10585 10615 10586 10586 10615 10616 10586 10616 10587 10587 10616 10617 10587 10617 10588 10588 10617 10618 10588 10618 10589 10589 10618 10619 10589 10619 10590 10590 10619 10620 10590 10620 10591 10591 10620 10621 10591 10621 10592 10592 10621 10622 10592 10622 10593 10593 10622 10623 10593 10623 10594 10594 10623 10624 10594 10624 10595 10595 10624 10625 10595 10625 10596 10596 10625 10626 10596 10626 10597 10597 10626 10627 10597 10627 10598 10598 10627 10628 10598 10628 10599 10599 10628 10629 10599 10629 10600 10600 10629 10630 10600 10630 10601 10601 10630 10631 10601 10631 10602 10602 10631 10632 10602 10632 10603 10603 10632 10633 10603 10633 10604 10604 10633 10634 10604 10634 10605 10605 10634 10635 10605 10635 10606 10606 10635 10636 10606 10636 10607 10607 10636 10637 10607 10637 10608 10608 10637 10638 10608 10638 10609 10609 10638 10639 10609 10639 10610 10610 10639 10640 10610 10640 10611 10611 10640 10641 10611 10641 9861 10612 9830 10642 10612 10642 10613 10613 10642 10643 10613 10643 10614 10614 10643 10644 10614 10644 10615 10615 10644 10645 10615 10645 10616 10616 10645 10646 10616 10646 10617 10617 10646 10647 10617 10647 10618 10618 10647 10648 10618 10648 10619 10619 10648 10649 10619 10649 10620 10620 10649 10650 10620 10650 10621 10621 10650 10651 10621 10651 10622 10622 10651 10652 10622 10652 10623 10623 10652 10653 10623 10653 10624 10624 10653 10654 10624 10654 10625 10625 10654 10655 10625 10655 10626 10626 10655 10656 10626 10656 10627 10627 10656 10657 10627 10657 10628 10628 10657 10658 10628 10658 10629 10629 10658 10659 10629 10659 10630 10630 10659 10660 10630 10660 10631 10631 10660 10661 10631 10661 10632 10632 10661 10662 10632 10662 10633 10633 10662 10663 10633 10663 10634 10634 10663 10664 10634 10664 10635 10635 10664 10665 10635 10665 10636 10636 10665 10666 10636 10666 10637 10637 10666 10667 10637 10667 10638 10638 10667 10668 10638 10668 10639 10639 10668 10669 10639 10669 10640 10640 10669 10670 10640 10670 10641 10641 10670 10671 10641 10671 9861 10642 9830 10672 10642 10672 10643 10643 10672 10673 10643 10673 10644 10644 10673 10674 10644 10674 10645 10645 10674 10675 10645 10675 10646 10646 10675 10676 10646 10676 10647 10647 10676 10677 10647 10677 10648 10648 10677 10678 10648 10678 10649 10649 10678 10679 10649 10679 10650 10650 10679 10680 10650 10680 10651 10651 10680 10681 10651 10681 10652 10652 10681 10682 10652 10682 10653 10653 10682 10683 10653 10683 10654 10654 10683 10684 10654 10684 10655 10655 10684 10685 10655 10685 10656 10656 10685 10686 10656 10686 10657 10657 10686 10687 10657 10687 10658 10658 10687 10688 10658 10688 10659 10659 10688 10689 10659 10689 10660 10660 10689 10690 10660 10690 10661 10661 10690 10691 10661 10691 10662 10662 10691 10692 10662 10692 10663 10663 10692 10693 10663 10693 10664 10664 10693 10694 10664 10694 10665 10665 10694 10695 10665 10695 10666 10666 10695 10696 10666 10696 10667 10667 10696 10697 10667 10697 10668 10668 10697 10698 10668 10698 10669 10669 10698 10699 10669 10699 10670 10670 10699 10700 10670 10700 10671 10671 10700 10701 10671 10701 9861 10672 9830 10702 10672 10702 10673 10673 10702 10703 10673 10703 10674 10674 10703 10704 10674 10704 10675 10675 10704 10705 10675 10705 10676 10676 10705 10706 10676 10706 10677 10677 10706 10707 10677 10707 10678 10678 10707 10708 10678 10708 10679 10679 10708 10709 10679 10709 10680 10680 10709 10710 10680 10710 10681 10681 10710 10711 10681 10711 10682 10682 10711 10712 10682 10712 10683 10683 10712 10713 10683 10713 10684 10684 10713 10714 10684 10714 10685 10685 10714 10715 10685 10715 10686 10686 10715 10716 10686 10716 10687 10687 10716 10717 10687 10717 10688 10688 10717 10718 10688 10718 10689 10689 10718 10719 10689 10719 10690 10690 10719 10720 10690 10720 10691 10691 10720 10721 10691 10721 10692 10692 10721 10722 10692 10722 10693 10693 10722 10723 10693 10723 10694 10694 10723 10724 10694 10724 10695 10695 10724 10725 10695 10725 10696 10696 10725 10726 10696 10726 10697 10697 10726 10727 10697 10727 10698 10698 10727 10728 10698 10728 10699 10699 10728 10729 10699 10729 10700 10700 10729 10730 10700 10730 10701 10701 10730 10731 10701 10731 9861 10702 9830 10732 10702 10732 10703 10703 10732 10733 10703 10733 10704 10704 10733 10734 10704 10734 10705 10705 10734 10735 10705 10735 10706 10706 10735 10736 10706 10736 10707 10707 10736 10737 10707 10737 10708 10708 10737 10738 10708 10738 10709 10709 10738 10739 10709 10739 10710 10710 10739 10740 10710 10740 10711 10711 10740 10741 10711 10741 10712 10712 10741 10742 10712 10742 10713 10713 10742 10743 10713 10743 10714 10714 10743 10744 10714 10744 10715 10715 10744 10745 10715 10745 10716 10716 10745 10746 10716 10746 10717 10717 10746 10747 10717 10747 10718 10718 10747 10748 10718 10748 10719 10719 10748 10749 10719 10749 10720 10720 10749 10750 10720 10750 10721 10721 10750 10751 10721 10751 10722 10722 10751 10752 10722 10752 10723 10723 10752 10753 10723 10753 10724 10724 10753 10754 10724 10754 10725 10725 10754 10755 10725 10755 10726 10726 10755 10756 10726 10756 10727 10727 10756 10757 10727 10757 10728 10728 10757 10758 10728 10758 10729 10729 10758 10759 10729 10759 10730 10730 10759 10760 10730 10760 10731 10731 10760 10761 10731 10761 9861 10732 9830 10762 10732 10762 10733 10733 10762 10763 10733 10763 10734 10734 10763 10764 10734 10764 10735 10735 10764 10765 10735 10765 10736 10736 10765 10766 10736 10766 10737 10737 10766 10767 10737 10767 10738 10738 10767 10768 10738 10768 10739 10739 10768 10769 10739 10769 10740 10740 10769 10770 10740 10770 10741 10741 10770 10771 10741 10771 10742 10742 10771 10772 10742 10772 10743 10743 10772 10773 10743 10773 10744 10744 10773 10774 10744 10774 10745 10745 10774 10775 10745 10775 10746 10746 10775 10776 10746 10776 10747 10747 10776 10777 10747 10777 10748 10748 10777 10778 10748 10778 10749 10749 10778 10779 10749 10779 10750 10750 10779 10780 10750 10780 10751 10751 10780 10781 10751 10781 10752 10752 10781 10782 10752 10782 10753 10753 10782 10783 10753 10783 10754 10754 10783 10784 10754 10784 10755 10755 10784 10785 10755 10785 10756 10756 10785 10786 10756 10786 10757 10757 10786 10787 10757 10787 10758 10758 10787 10788 10758 10788 10759 10759 10788 10789 10759 10789 10760 10760 10789 10790 10760 10790 10761 10761 10790 10791 10761 10791 9861 10762 9830 10792 10762 10792 10763 10763 10792 10793 10763 10793 10764 10764 10793 10794 10764 10794 10765 10765 10794 10795 10765 10795 10766 10766 10795 10796 10766 10796 10767 10767 10796 10797 10767 10797 10768 10768 10797 10798 10768 10798 10769 10769 10798 10799 10769 10799 10770 10770 10799 10800 10770 10800 10771 10771 10800 10801 10771 10801 10772 10772 10801 10802 10772 10802 10773 10773 10802 10803 10773 10803 10774 10774 10803 10804 10774 10804 10775 10775 10804 10805 10775 10805 10776 10776 10805 10806 10776 10806 10777 10777 10806 10807 10777 10807 10778 10778 10807 10808 10778 10808 10779 10779 10808 10809 10779 10809 10780 10780 10809 10810 10780 10810 10781 10781 10810 10811 10781 10811 10782 10782 10811 10812 10782 10812 10783 10783 10812 10813 10783 10813 10784 10784 10813 10814 10784 10814 10785 10785 10814 10815 10785 10815 10786 10786 10815 10816 10786 10816 10787 10787 10816 10817 10787 10817 10788 10788 10817 10818 10788 10818 10789 10789 10818 10819 10789 10819 10790 10790 10819 10820 10790 10820 10791 10791 10820 10821 10791 10821 9861 10792 9830 10822 10792 10822 10793 10793 10822 10823 10793 10823 10794 10794 10823 10824 10794 10824 10795 10795 10824 10825 10795 10825 10796 10796 10825 10826 10796 10826 10797 10797 10826 10827 10797 10827 10798 10798 10827 10828 10798 10828 10799 10799 10828 10829 10799 10829 10800 10800 10829 10830 10800 10830 10801 10801 10830 10831 10801 10831 10802 10802 10831 10832 10802 10832 10803 10803 10832 10833 10803 10833 10804 10804 10833 10834 10804 10834 10805 10805 10834 10835 10805 10835 10806 10806 10835 10836 10806 10836 10807 10807 10836 10837 10807 10837 10808 10808 10837 10838 10808 10838 10809 10809 10838 10839 10809 10839 10810 10810 10839 10840 10810 10840 10811 10811 10840 10841 10811 10841 10812 10812 10841 10842 10812 10842 10813 10813 10842 10843 10813 10843 10814 10814 10843 10844 10814 10844 10815 10815 10844 10845 10815 10845 10816 10816 10845 10846 10816 10846 10817 10817 10846 10847 10817 10847 10818 10818 10847 10848 10818 10848 10819 10819 10848 10849 10819 10849 10820 10820 10849 10850 10820 10850 10821 10821 10850 10851 10821 10851 9861 10822 9830 10852 10822 10852 10823 10823 10852 10853 10823 10853 10824 10824 10853 10854 10824 10854 10825 10825 10854 10855 10825 10855 10826 10826 10855 10856 10826 10856 10827 10827 10856 10857 10827 10857 10828 10828 10857 10858 10828 10858 10829 10829 10858 10859 10829 10859 10830 10830 10859 10860 10830 10860 10831 10831 10860 10861 10831 10861 10832 10832 10861 10862 10832 10862 10833 10833 10862 10863 10833 10863 10834 10834 10863 10864 10834 10864 10835 10835 10864 10865 10835 10865 10836 10836 10865 10866 10836 10866 10837 10837 10866 10867 10837 10867 10838 10838 10867 10868 10838 10868 10839 10839 10868 10869 10839 10869 10840 10840 10869 10870 10840 10870 10841 10841 10870 10871 10841 10871 10842 10842 10871 10872 10842 10872 10843 10843 10872 10873 10843 10873 10844 10844 10873 10874 10844 10874 10845 10845 10874 10875 10845 10875 10846 10846 10875 10876 10846 10876 10847 10847 10876 10877 10847 10877 10848 10848 10877 10878 10848 10878 10849 10849 10878 10879 10849 10879 10850 10850 10879 10880 10850 10880 10851 10851 10880 10881 10851 10881 9861 10852 9830 10882 10852 10882 10853 10853 10882 10883 10853 10883 10854 10854 10883 10884 10854 10884 10855 10855 10884 10885 10855 10885 10856 10856 10885 10886 10856 10886 10857 10857 10886 10887 10857 10887 10858 10858 10887 10888 10858 10888 10859 10859 10888 10889 10859 10889 10860 10860 10889 10890 10860 10890 10861 10861 10890 10891 10861 10891 10862 10862 10891 10892 10862 10892 10863 10863 10892 10893 10863 10893 10864 10864 10893 10894 10864 10894 10865 10865 10894 10895 10865 10895 10866 10866 10895 10896 10866 10896 10867 10867 10896 10897 10867 10897 10868 10868 10897 10898 10868 10898 10869 10869 10898 10899 10869 10899 10870 10870 10899 10900 10870 10900 10871 10871 10900 10901 10871 10901 10872 10872 10901 10902 10872 10902 10873 10873 10902 10903 10873 10903 10874 10874 10903 10904 10874 10904 10875 10875 10904 10905 10875 10905 10876 10876 10905 10906 10876 10906 10877 10877 10906 10907 10877 10907 10878 10878 10907 10908 10878 10908 10879 10879 10908 10909 10879 10909 10880 10880 10909 10910 10880 10910 10881 10881 10910 10911 10881 10911 9861 10882 9830 10912 10882 10912 10883 10883 10912 10913 10883 10913 10884 10884 10913 10914 10884 10914 10885 10885 10914 10915 10885 10915 10886 10886 10915 10916 10886 10916 10887 10887 10916 10917 10887 10917 10888 10888 10917 10918 10888 10918 10889 10889 10918 10919 10889 10919 10890 10890 10919 10920 10890 10920 10891 10891 10920 10921 10891 10921 10892 10892 10921 10922 10892 10922 10893 10893 10922 10923 10893 10923 10894 10894 10923 10924 10894 10924 10895 10895 10924 10925 10895 10925 10896 10896 10925 10926 10896 10926 10897 10897 10926 10927 10897 10927 10898 10898 10927 10928 10898 10928 10899 10899 10928 10929 10899 10929 10900 10900 10929 10930 10900 10930 10901 10901 10930 10931 10901 10931 10902 10902 10931 10932 10902 10932 10903 10903 10932 10933 10903 10933 10904 10904 10933 10934 10904 10934 10905 10905 10934 10935 10905 10935 10906 10906 10935 10936 10906 10936 10907 10907 10936 10937 10907 10937 10908 10908 10937 10938 10908 10938 10909 10909 10938 10939 10909 10939 10910 10910 10939 10940 10910 10940 10911 10911 10940 10941 10911 10941 9861 10912 9830 10942 10912 10942 10913 10913 10942 10943 10913 10943 10914 10914 10943 10944 10914 10944 10915 10915 10944 10945 10915 10945 10916 10916 10945 10946 10916 10946 10917 10917 10946 10947 10917 10947 10918 10918 10947 10948 10918 10948 10919 10919 10948 10949 10919 10949 10920 10920 10949 10950 10920 10950 10921 10921 10950 10951 10921 10951 10922 10922 10951 10952 10922 10952 10923 10923 10952 10953 10923 10953 10924 10924 10953 10954 10924 10954 10925 10925 10954 10955 10925 10955 10926 10926 10955 10956 10926 10956 10927 10927 10956 10957 10927 10957 10928 10928 10957 10958 10928 10958 10929 10929 10958 10959 10929 10959 10930 10930 10959 10960 10930 10960 10931 10931 10960 10961 10931 10961 10932 10932 10961 10962 10932 10962 10933 10933 10962 10963 10933 10963 10934 10934 10963 10964 10934 10964 10935 10935 10964 10965 10935 10965 10936 10936 10965 10966 10936 10966 10937 10937 10966 10967 10937 10967 10938 10938 10967 10968 10938 10968 10939 10939 10968 10969 10939 10969 10940 10940 10969 10970 10940 10970 10941 10941 10970 10971 10941 10971 9861 10942 9830 10972 10942 10972 10943 10943 10972 10973 10943 10973 10944 10944 10973 10974 10944 10974 10945 10945 10974 10975 10945 10975 10946 10946 10975 10976 10946 10976 10947 10947 10976 10977 10947 10977 10948 10948 10977 10978 10948 10978 10949 10949 10978 10979 10949 10979 10950 10950 10979 10980 10950 10980 10951 10951 10980 10981 10951 10981 10952 10952 10981 10982 10952 10982 10953 10953 10982 10983 10953 10983 10954 10954 10983 10984 10954 10984 10955 10955 10984 10985 10955 10985 10956 10956 10985 10986 10956 10986 10957 10957 10986 10987 10957 10987 10958 10958 10987 10988 10958 10988 10959 10959 10988 10989 10959 10989 10960 10960 10989 10990 10960 10990 10961 10961 10990 10991 10961 10991 10962 10962 10991 10992 10962 10992 10963 10963 10992 10993 10963 10993 10964 10964 10993 10994 10964 10994 10965 10965 10994 10995 10965 10995 10966 10966 10995 10996 10966 10996 10967 10967 10996 10997 10967 10997 10968 10968 10997 10998 10968 10998 10969 10969 10998 10999 10969 10999 10970 10970 10999 11000 10970 11000 10971 10971 11000 11001 10971 11001 9861 10972 9830 11002 10972 11002 10973 10973 11002 11003 10973 11003 10974 10974 11003 11004 10974 11004 10975 10975 11004 11005 10975 11005 10976 10976 11005 11006 10976 11006 10977 10977 11006 11007 10977 11007 10978 10978 11007 11008 10978 11008 10979 10979 11008 11009 10979 11009 10980 10980 11009 11010 10980 11010 10981 10981 11010 11011 10981 11011 10982 10982 11011 11012 10982 11012 10983 10983 11012 11013 10983 11013 10984 10984 11013 11014 10984 11014 10985 10985 11014 11015 10985 11015 10986 10986 11015 11016 10986 11016 10987 10987 11016 11017 10987 11017 10988 10988 11017 11018 10988 11018 10989 10989 11018 11019 10989 11019 10990 10990 11019 11020 10990 11020 10991 10991 11020 11021 10991 11021 10992 10992 11021 11022 10992 11022 10993 10993 11022 11023 10993 11023 10994 10994 11023 11024 10994 11024 10995 10995 11024 11025 10995 11025 10996 10996 11025 11026 10996 11026 10997 10997 11026 11027 10997 11027 10998 10998 11027 11028 10998 11028 10999 10999 11028 11029 10999 11029 11000 11000 11029 11030 11000 11030 11001 11001 11030 11031 11001 11031 9861 11002 9830 11032 11002 11032 11003 11003 11032 11033 11003 11033 11004 11004 11033 11034 11004 11034 11005 11005 11034 11035 11005 11035 11006 11006 11035 11036 11006 11036 11007 11007 11036 11037 11007 11037 11008 11008 11037 11038 11008 11038 11009 11009 11038 11039 11009 11039 11010 11010 11039 11040 11010 11040 11011 11011 11040 11041 11011 11041 11012 11012 11041 11042 11012 11042 11013 11013 11042 11043 11013 11043 11014 11014 11043 11044 11014 11044 11015 11015 11044 11045 11015 11045 11016 11016 11045 11046 11016 11046 11017 11017 11046 11047 11017 11047 11018 11018 11047 11048 11018 11048 11019 11019 11048 11049 11019 11049 11020 11020 11049 11050 11020 11050 11021 11021 11050 11051 11021 11051 11022 11022 11051 11052 11022 11052 11023 11023 11052 11053 11023 11053 11024 11024 11053 11054 11024 11054 11025 11025 11054 11055 11025 11055 11026 11026 11055 11056 11026 11056 11027 11027 11056 11057 11027 11057 11028 11028 11057 11058 11028 11058 11029 11029 11058 11059 11029 11059 11030 11030 11059 11060 11030 11060 11031 11031 11060 11061 11031 11061 9861 11032 9830 11062 11032 11062 11033 11033 11062 11063 11033 11063 11034 11034 11063 11064 11034 11064 11035 11035 11064 11065 11035 11065 11036 11036 11065 11066 11036 11066 11037 11037 11066 11067 11037 11067 11038 11038 11067 11068 11038 11068 11039 11039 11068 11069 11039 11069 11040 11040 11069 11070 11040 11070 11041 11041 11070 11071 11041 11071 11042 11042 11071 11072 11042 11072 11043 11043 11072 11073 11043 11073 11044 11044 11073 11074 11044 11074 11045 11045 11074 11075 11045 11075 11046 11046 11075 11076 11046 11076 11047 11047 11076 11077 11047 11077 11048 11048 11077 11078 11048 11078 11049 11049 11078 11079 11049 11079 11050 11050 11079 11080 11050 11080 11051 11051 11080 11081 11051 11081 11052 11052 11081 11082 11052 11082 11053 11053 11082 11083 11053 11083 11054 11054 11083 11084 11054 11084 11055 11055 11084 11085 11055 11085 11056 11056 11085 11086 11056 11086 11057 11057 11086 11087 11057 11087 11058 11058 11087 11088 11058 11088 11059 11059 11088 11089 11059 11089 11060 11060 11089 11090 11060 11090 11061 11061 11090 11091 11061 11091 9861 11062 9830 11092 11062 11092 11063 11063 11092 11093 11063 11093 11064 11064 11093 11094 11064 11094 11065 11065 11094 11095 11065 11095 11066 11066 11095 11096 11066 11096 11067 11067 11096 11097 11067 11097 11068 11068 11097 11098 11068 11098 11069 11069 11098 11099 11069 11099 11070 11070 11099 11100 11070 11100 11071 11071 11100 11101 11071 11101 11072 11072 11101 11102 11072 11102 11073 11073 11102 11103 11073 11103 11074 11074 11103 11104 11074 11104 11075 11075 11104 11105 11075 11105 11076 11076 11105 11106 11076 11106 11077 11077 11106 11107 11077 11107 11078 11078 11107 11108 11078 11108 11079 11079 11108 11109 11079 11109 11080 11080 11109 11110 11080 11110 11081 11081 11110 11111 11081 11111 11082 11082 11111 11112 11082 11112 11083 11083 11112 11113 11083 11113 11084 11084 11113 11114 11084 11114 11085 11085 11114 11115 11085 11115 11086 11086 11115 11116 11086 11116 11087 11087 11116 11117 11087 11117 11088 11088 11117 11118 11088 11118 11089 11089 11118 11119 11089 11119 11090 11090 11119 11120 11090 11120 11091 11091 11120 11121 11091 11121 9861 11092 9830 11122 11092 11122 11093 11093 11122 11123 11093 11123 11094 11094 11123 11124 11094 11124 11095 11095 11124 11125 11095 11125 11096 11096 11125 11126 11096 11126 11097 11097 11126 11127 11097 11127 11098 11098 11127 11128 11098 11128 11099 11099 11128 11129 11099 11129 11100 11100 11129 11130 11100 11130 11101 11101 11130 11131 11101 11131 11102 11102 11131 11132 11102 11132 11103 11103 11132 11133 11103 11133 11104 11104 11133 11134 11104 11134 11105 11105 11134 11135 11105 11135 11106 11106 11135 11136 11106 11136 11107 11107 11136 11137 11107 11137 11108 11108 11137 11138 11108 11138 11109 11109 11138 11139 11109 11139 11110 11110 11139 11140 11110 11140 11111 11111 11140 11141 11111 11141 11112 11112 11141 11142 11112 11142 11113 11113 11142 11143 11113 11143 11114 11114 11143 11144 11114 11144 11115 11115 11144 11145 11115 11145 11116 11116 11145 11146 11116 11146 11117 11117 11146 11147 11117 11147 11118 11118 11147 11148 11118 11148 11119 11119 11148 11149 11119 11149 11120 11120 11149 11150 11120 11150 11121 11121 11150 11151 11121 11151 9861 11122 9830 11152 11122 11152 11123 11123 11152 11153 11123 11153 11124 11124 11153 11154 11124 11154 11125 11125 11154 11155 11125 11155 11126 11126 11155 11156 11126 11156 11127 11127 11156 11157 11127 11157 11128 11128 11157 11158 11128 11158 11129 11129 11158 11159 11129 11159 11130 11130 11159 11160 11130 11160 11131 11131 11160 11161 11131 11161 11132 11132 11161 11162 11132 11162 11133 11133 11162 11163 11133 11163 11134 11134 11163 11164 11134 11164 11135 11135 11164 11165 11135 11165 11136 11136 11165 11166 11136 11166 11137 11137 11166 11167 11137 11167 11138 11138 11167 11168 11138 11168 11139 11139 11168 11169 11139 11169 11140 11140 11169 11170 11140 11170 11141 11141 11170 11171 11141 11171 11142 11142 11171 11172 11142 11172 11143 11143 11172 11173 11143 11173 11144 11144 11173 11174 11144 11174 11145 11145 11174 11175 11145 11175 11146 11146 11175 11176 11146 11176 11147 11147 11176 11177 11147 11177 11148 11148 11177 11178 11148 11178 11149 11149 11178 11179 11149 11179 11150 11150 11179 11180 11150 11180 11151 11151 11180 11181 11151 11181 9861 11152 9830 11182 11152 11182 11153 11153 11182 11183 11153 11183 11154 11154 11183 11184 11154 11184 11155 11155 11184 11185 11155 11185 11156 11156 11185 11186 11156 11186 11157 11157 11186 11187 11157 11187 11158 11158 11187 11188 11158 11188 11159 11159 11188 11189 11159 11189 11160 11160 11189 11190 11160 11190 11161 11161 11190 11191 11161 11191 11162 11162 11191 11192 11162 11192 11163 11163 11192 11193 11163 11193 11164 11164 11193 11194 11164 11194 11165 11165 11194 11195 11165 11195 11166 11166 11195 11196 11166 11196 11167 11167 11196 11197 11167 11197 11168 11168 11197 11198 11168 11198 11169 11169 11198 11199 11169 11199 11170 11170 11199 11200 11170 11200 11171 11171 11200 11201 11171 11201 11172 11172 11201 11202 11172 11202 11173 11173 11202 11203 11173 11203 11174 11174 11203 11204 11174 11204 11175 11175 11204 11205 11175 11205 11176 11176 11205 11206 11176 11206 11177 11177 11206 11207 11177 11207 11178 11178 11207 11208 11178 11208 11179 11179 11208 11209 11179 11209 11180 11180 11209 11210 11180 11210 11181 11181 11210 11211 11181 11211 9861 11182 9830 11212 11182 11212 11183 11183 11212 11213 11183 11213 11184 11184 11213 11214 11184 11214 11185 11185 11214 11215 11185 11215 11186 11186 11215 11216 11186 11216 11187 11187 11216 11217 11187 11217 11188 11188 11217 11218 11188 11218 11189 11189 11218 11219 11189 11219 11190 11190 11219 11220 11190 11220 11191 11191 11220 11221 11191 11221 11192 11192 11221 11222 11192 11222 11193 11193 11222 11223 11193 11223 11194 11194 11223 11224 11194 11224 11195 11195 11224 11225 11195 11225 11196 11196 11225 11226 11196 11226 11197 11197 11226 11227 11197 11227 11198 11198 11227 11228 11198 11228 11199 11199 11228 11229 11199 11229 11200 11200 11229 11230 11200 11230 11201 11201 11230 11231 11201 11231 11202 11202 11231 11232 11202 11232 11203 11203 11232 11233 11203 11233 11204 11204 11233 11234 11204 11234 11205 11205 11234 11235 11205 11235 11206 11206 11235 11236 11206 11236 11207 11207 11236 11237 11207 11237 11208 11208 11237 11238 11208 11238 11209 11209 11238 11239 11209 11239 11210 11210 11239 11240 11210 11240 11211 11211 11240 11241 11211 11241 9861 11212 9830 11242 11212 11242 11213 11213 11242 11243 11213 11243 11214 11214 11243 11244 11214 11244 11215 11215 11244 11245 11215 11245 11216 11216 11245 11246 11216 11246 11217 11217 11246 11247 11217 11247 11218 11218 11247 11248 11218 11248 11219 11219 11248 11249 11219 11249 11220 11220 11249 11250 11220 11250 11221 11221 11250 11251 11221 11251 11222 11222 11251 11252 11222 11252 11223 11223 11252 11253 11223 11253 11224 11224 11253 11254 11224 11254 11225 11225 11254 11255 11225 11255 11226 11226 11255 11256 11226 11256 11227 11227 11256 11257 11227 11257 11228 11228 11257 11258 11228 11258 11229 11229 11258 11259 11229 11259 11230 11230 11259 11260 11230 11260 11231 11231 11260 11261 11231 11261 11232 11232 11261 11262 11232 11262 11233 11233 11262 11263 11233 11263 11234 11234 11263 11264 11234 11264 11235 11235 11264 11265 11235 11265 11236 11236 11265 11266 11236 11266 11237 11237 11266 11267 11237 11267 11238 11238 11267 11268 11238 11268 11239 11239 11268 11269 11239 11269 11240 11240 11269 11270 11240 11270 11241 11241 11270 11271 11241 11271 9861 11242 9830 11272 11242 11272 11243 11243 11272 11273 11243 11273 11244 11244 11273 11274 11244 11274 11245 11245 11274 11275 11245 11275 11246 11246 11275 11276 11246 11276 11247 11247 11276 11277 11247 11277 11248 11248 11277 11278 11248 11278 11249 11249 11278 11279 11249 11279 11250 11250 11279 11280 11250 11280 11251 11251 11280 11281 11251 11281 11252 11252 11281 11282 11252 11282 11253 11253 11282 11283 11253 11283 11254 11254 11283 11284 11254 11284 11255 11255 11284 11285 11255 11285 11256 11256 11285 11286 11256 11286 11257 11257 11286 11287 11257 11287 11258 11258 11287 11288 11258 11288 11259 11259 11288 11289 11259 11289 11260 11260 11289 11290 11260 11290 11261 11261 11290 11291 11261 11291 11262 11262 11291 11292 11262 11292 11263 11263 11292 11293 11263 11293 11264 11264 11293 11294 11264 11294 11265 11265 11294 11295 11265 11295 11266 11266 11295 11296 11266 11296 11267 11267 11296 11297 11267 11297 11268 11268 11297 11298 11268 11298 11269 11269 11298 11299 11269 11299 11270 11270 11299 11300 11270 11300 11271 11271 11300 11301 11271 11301 9861 11272 9830 11302 11272 11302 11273 11273 11302 11303 11273 11303 11274 11274 11303 11304 11274 11304 11275 11275 11304 11305 11275 11305 11276 11276 11305 11306 11276 11306 11277 11277 11306 11307 11277 11307 11278 11278 11307 11308 11278 11308 11279 11279 11308 11309 11279 11309 11280 11280 11309 11310 11280 11310 11281 11281 11310 11311 11281 11311 11282 11282 11311 11312 11282 11312 11283 11283 11312 11313 11283 11313 11284 11284 11313 11314 11284 11314 11285 11285 11314 11315 11285 11315 11286 11286 11315 11316 11286 11316 11287 11287 11316 11317 11287 11317 11288 11288 11317 11318 11288 11318 11289 11289 11318 11319 11289 11319 11290 11290 11319 11320 11290 11320 11291 11291 11320 11321 11291 11321 11292 11292 11321 11322 11292 11322 11293 11293 11322 11323 11293 11323 11294 11294 11323 11324 11294 11324 11295 11295 11324 11325 11295 11325 11296 11296 11325 11326 11296 11326 11297 11297 11326 11327 11297 11327 11298 11298 11327 11328 11298 11328 11299 11299 11328 11329 11299 11329 11300 11300 11329 11330 11300 11330 11301 11301 11330 11331 11301 11331 9861 11302 9830 11332 11302 11332 11303 11303 11332 11333 11303 11333 11304 11304 11333 11334 11304 11334 11305 11305 11334 11335 11305 11335 11306 11306 11335 11336 11306 11336 11307 11307 11336 11337 11307 11337 11308 11308 11337 11338 11308 11338 11309 11309 11338 11339 11309 11339 11310 11310 11339 11340 11310 11340 11311 11311 11340 11341 11311 11341 11312 11312 11341 11342 11312 11342 11313 11313 11342 11343 11313 11343 11314 11314 11343 11344 11314 11344 11315 11315 11344 11345 11315 11345 11316 11316 11345 11346 11316 11346 11317 11317 11346 11347 11317 11347 11318 11318 11347 11348 11318 11348 11319 11319 11348 11349 11319 11349 11320 11320 11349 11350 11320 11350 11321 11321 11350 11351 11321 11351 11322 11322 11351 11352 11322 11352 11323 11323 11352 11353 11323 11353 11324 11324 11353 11354 11324 11354 11325 11325 11354 11355 11325 11355 11326 11326 11355 11356 11326 11356 11327 11327 11356 11357 11327 11357 11328 11328 11357 11358 11328 11358 11329 11329 11358 11359 11329 11359 11330 11330 11359 11360 11330 11360 11331 11331 11360 11361 11331 11361 9861 11332 9830 11362 11332 11362 11333 11333 11362 11363 11333 11363 11334 11334 11363 11364 11334 11364 11335 11335 11364 11365 11335 11365 11336 11336 11365 11366 11336 11366 11337 11337 11366 11367 11337 11367 11338 11338 11367 11368 11338 11368 11339 11339 11368 11369 11339 11369 11340 11340 11369 11370 11340 11370 11341 11341 11370 11371 11341 11371 11342 11342 11371 11372 11342 11372 11343 11343 11372 11373 11343 11373 11344 11344 11373 11374 11344 11374 11345 11345 11374 11375 11345 11375 11346 11346 11375 11376 11346 11376 11347 11347 11376 11377 11347 11377 11348 11348 11377 11378 11348 11378 11349 11349 11378 11379 11349 11379 11350 11350 11379 11380 11350 11380 11351 11351 11380 11381 11351 11381 11352 11352 11381 11382 11352 11382 11353 11353 11382 11383 11353 11383 11354 11354 11383 11384 11354 11384 11355 11355 11384 11385 11355 11385 11356 11356 11385 11386 11356 11386 11357 11357 11386 11387 11357 11387 11358 11358 11387 11388 11358 11388 11359 11359 11388 11389 11359 11389 11360 11360 11389 11390 11360 11390 11361 11361 11390 11391 11361 11391 9861 11362 9830 11392 11362 11392 11363 11363 11392 11393 11363 11393 11364 11364 11393 11394 11364 11394 11365 11365 11394 11395 11365 11395 11366 11366 11395 11396 11366 11396 11367 11367 11396 11397 11367 11397 11368 11368 11397 11398 11368 11398 11369 11369 11398 11399 11369 11399 11370 11370 11399 11400 11370 11400 11371 11371 11400 11401 11371 11401 11372 11372 11401 11402 11372 11402 11373 11373 11402 11403 11373 11403 11374 11374 11403 11404 11374 11404 11375 11375 11404 11405 11375 11405 11376 11376 11405 11406 11376 11406 11377 11377 11406 11407 11377 11407 11378 11378 11407 11408 11378 11408 11379 11379 11408 11409 11379 11409 11380 11380 11409 11410 11380 11410 11381 11381 11410 11411 11381 11411 11382 11382 11411 11412 11382 11412 11383 11383 11412 11413 11383 11413 11384 11384 11413 11414 11384 11414 11385 11385 11414 11415 11385 11415 11386 11386 11415 11416 11386 11416 11387 11387 11416 11417 11387 11417 11388 11388 11417 11418 11388 11418 11389 11389 11418 11419 11389 11419 11390 11390 11419 11420 11390 11420 11391 11391 11420 11421 11391 11421 9861 11392 9830 11422 11392 11422 11393 11393 11422 11423 11393 11423 11394 11394 11423 11424 11394 11424 11395 11395 11424 11425 11395 11425 11396 11396 11425 11426 11396 11426 11397 11397 11426 11427 11397 11427 11398 11398 11427 11428 11398 11428 11399 11399 11428 11429 11399 11429 11400 11400 11429 11430 11400 11430 11401 11401 11430 11431 11401 11431 11402 11402 11431 11432 11402 11432 11403 11403 11432 11433 11403 11433 11404 11404 11433 11434 11404 11434 11405 11405 11434 11435 11405 11435 11406 11406 11435 11436 11406 11436 11407 11407 11436 11437 11407 11437 11408 11408 11437 11438 11408 11438 11409 11409 11438 11439 11409 11439 11410 11410 11439 11440 11410 11440 11411 11411 11440 11441 11411 11441 11412 11412 11441 11442 11412 11442 11413 11413 11442 11443 11413 11443 11414 11414 11443 11444 11414 11444 11415 11415 11444 11445 11415 11445 11416 11416 11445 11446 11416 11446 11417 11417 11446 11447 11417 11447 11418 11418 11447 11448 11418 11448 11419 11419 11448 11449 11419 11449 11420 11420 11449 11450 11420 11450 11421 11421 11450 11451 11421 11451 9861 11422 9830 11452 11422 11452 11423 11423 11452 11453 11423 11453 11424 11424 11453 11454 11424 11454 11425 11425 11454 11455 11425 11455 11426 11426 11455 11456 11426 11456 11427 11427 11456 11457 11427 11457 11428 11428 11457 11458 11428 11458 11429 11429 11458 11459 11429 11459 11430 11430 11459 11460 11430 11460 11431 11431 11460 11461 11431 11461 11432 11432 11461 11462 11432 11462 11433 11433 11462 11463 11433 11463 11434 11434 11463 11464 11434 11464 11435 11435 11464 11465 11435 11465 11436 11436 11465 11466 11436 11466 11437 11437 11466 11467 11437 11467 11438 11438 11467 11468 11438 11468 11439 11439 11468 11469 11439 11469 11440 11440 11469 11470 11440 11470 11441 11441 11470 11471 11441 11471 11442 11442 11471 11472 11442 11472 11443 11443 11472 11473 11443 11473 11444 11444 11473 11474 11444 11474 11445 11445 11474 11475 11445 11475 11446 11446 11475 11476 11446 11476 11447 11447 11476 11477 11447 11477 11448 11448 11477 11478 11448 11478 11449 11449 11478 11479 11449 11479 11450 11450 11479 11480 11450 11480 11451 11451 11480 11481 11451 11481 9861 11452 9830 11482 11452 11482 11453 11453 11482 11483 11453 11483 11454 11454 11483 11484 11454 11484 11455 11455 11484 11485 11455 11485 11456 11456 11485 11486 11456 11486 11457 11457 11486 11487 11457 11487 11458 11458 11487 11488 11458 11488 11459 11459 11488 11489 11459 11489 11460 11460 11489 11490 11460 11490 11461 11461 11490 11491 11461 11491 11462 11462 11491 11492 11462 11492 11463 11463 11492 11493 11463 11493 11464 11464 11493 11494 11464 11494 11465 11465 11494 11495 11465 11495 11466 11466 11495 11496 11466 11496 11467 11467 11496 11497 11467 11497 11468 11468 11497 11498 11468 11498 11469 11469 11498 11499 11469 11499 11470 11470 11499 11500 11470 11500 11471 11471 11500 11501 11471 11501 11472 11472 11501 11502 11472 11502 11473 11473 11502 11503 11473 11503 11474 11474 11503 11504 11474 11504 11475 11475 11504 11505 11475 11505 11476 11476 11505 11506 11476 11506 11477 11477 11506 11507 11477 11507 11478 11478 11507 11508 11478 11508 11479 11479 11508 11509 11479 11509 11480 11480 11509 11510 11480 11510 11481 11481 11510 11511 11481 11511 9861 11482 9830 11512 11482 11512 11483 11483 11512 11513 11483 11513 11484 11484 11513 11514 11484 11514 11485 11485 11514 11515 11485 11515 11486 11486 11515 11516 11486 11516 11487 11487 11516 11517 11487 11517 11488 11488 11517 11518 11488 11518 11489 11489 11518 11519 11489 11519 11490 11490 11519 11520 11490 11520 11491 11491 11520 11521 11491 11521 11492 11492 11521 11522 11492 11522 11493 11493 11522 11523 11493 11523 11494 11494 11523 11524 11494 11524 11495 11495 11524 11525 11495 11525 11496 11496 11525 11526 11496 11526 11497 11497 11526 11527 11497 11527 11498 11498 11527 11528 11498 11528 11499 11499 11528 11529 11499 11529 11500 11500 11529 11530 11500 11530 11501 11501 11530 11531 11501 11531 11502 11502 11531 11532 11502 11532 11503 11503 11532 11533 11503 11533 11504 11504 11533 11534 11504 11534 11505 11505 11534 11535 11505 11535 11506 11506 11535 11536 11506 11536 11507 11507 11536 11537 11507 11537 11508 11508 11537 11538 11508 11538 11509 11509 11538 11539 11509 11539 11510 11510 11539 11540 11510 11540 11511 11511 11540 11541 11511 11541 9861 11512 9830 11542 11512 11542 11513 11513 11542 11543 11513 11543 11514 11514 11543 11544 11514 11544 11515 11515 11544 11545 11515 11545 11516 11516 11545 11546 11516 11546 11517 11517 11546 11547 11517 11547 11518 11518 11547 11548 11518 11548 11519 11519 11548 11549 11519 11549 11520 11520 11549 11550 11520 11550 11521 11521 11550 11551 11521 11551 11522 11522 11551 11552 11522 11552 11523 11523 11552 11553 11523 11553 11524 11524 11553 11554 11524 11554 11525 11525 11554 11555 11525 11555 11526 11526 11555 11556 11526 11556 11527 11527 11556 11557 11527 11557 11528 11528 11557 11558 11528 11558 11529 11529 11558 11559 11529 11559 11530 11530 11559 11560 11530 11560 11531 11531 11560 11561 11531 11561 11532 11532 11561 11562 11532 11562 11533 11533 11562 11563 11533 11563 11534 11534 11563 11564 11534 11564 11535 11535 11564 11565 11535 11565 11536 11536 11565 11566 11536 11566 11537 11537 11566 11567 11537 11567 11538 11538 11567 11568 11538 11568 11539 11539 11568 11569 11539 11569 11540 11540 11569 11570 11540 11570 11541 11541 11570 11571 11541 11571 9861 11542 9830 11572 11542 11572 11543 11543 11572 11573 11543 11573 11544 11544 11573 11574 11544 11574 11545 11545 11574 11575 11545 11575 11546 11546 11575 11576 11546 11576 11547 11547 11576 11577 11547 11577 11548 11548 11577 11578 11548 11578 11549 11549 11578 11579 11549 11579 11550 11550 11579 11580 11550 11580 11551 11551 11580 11581 11551 11581 11552 11552 11581 11582 11552 11582 11553 11553 11582 11583 11553 11583 11554 11554 11583 11584 11554 11584 11555 11555 11584 11585 11555 11585 11556 11556 11585 11586 11556 11586 11557 11557 11586 11587 11557 11587 11558 11558 11587 11588 11558 11588 11559 11559 11588 11589 11559 11589 11560 11560 11589 11590 11560 11590 11561 11561 11590 11591 11561 11591 11562 11562 11591 11592 11562 11592 11563 11563 11592 11593 11563 11593 11564 11564 11593 11594 11564 11594 11565 11565 11594 11595 11565 11595 11566 11566 11595 11596 11566 11596 11567 11567 11596 11597 11567 11597 11568 11568 11597 11598 11568 11598 11569 11569 11598 11599 11569 11599 11570 11570 11599 11600 11570 11600 11571 11571 11600 11601 11571 11601 9861 11572 9830 11602 11572 11602 11573 11573 11602 11603 11573 11603 11574 11574 11603 11604 11574 11604 11575 11575 11604 11605 11575 11605 11576 11576 11605 11606 11576 11606 11577 11577 11606 11607 11577 11607 11578 11578 11607 11608 11578 11608 11579 11579 11608 11609 11579 11609 11580 11580 11609 11610 11580 11610 11581 11581 11610 11611 11581 11611 11582 11582 11611 11612 11582 11612 11583 11583 11612 11613 11583 11613 11584 11584 11613 11614 11584 11614 11585 11585 11614 11615 11585 11615 11586 11586 11615 11616 11586 11616 11587 11587 11616 11617 11587 11617 11588 11588 11617 11618 11588 11618 11589 11589 11618 11619 11589 11619 11590 11590 11619 11620 11590 11620 11591 11591 11620 11621 11591 11621 11592 11592 11621 11622 11592 11622 11593 11593 11622 11623 11593 11623 11594 11594 11623 11624 11594 11624 11595 11595 11624 11625 11595 11625 11596 11596 11625 11626 11596 11626 11597 11597 11626 11627 11597 11627 11598 11598 11627 11628 11598 11628 11599 11599 11628 11629 11599 11629 11600 11600 11629 11630 11600 11630 11601 11601 11630 11631 11601 11631 9861 11602 9830 11632 11602 11632 11603 11603 11632 11633 11603 11633 11604 11604 11633 11634 11604 11634 11605 11605 11634 11635 11605 11635 11606 11606 11635 11636 11606 11636 11607 11607 11636 11637 11607 11637 11608 11608 11637 11638 11608 11638 11609 11609 11638 11639 11609 11639 11610 11610 11639 11640 11610 11640 11611 11611 11640 11641 11611 11641 11612 11612 11641 11642 11612 11642 11613 11613 11642 11643 11613 11643 11614 11614 11643 11644 11614 11644 11615 11615 11644 11645 11615 11645 11616 11616 11645 11646 11616 11646 11617 11617 11646 11647 11617 11647 11618 11618 11647 11648 11618 11648 11619 11619 11648 11649 11619 11649 11620 11620 11649 11650 11620 11650 11621 11621 11650 11651 11621 11651 11622 11622 11651 11652 11622 11652 11623 11623 11652 11653 11623 11653 11624 11624 11653 11654 11624 11654 11625 11625 11654 11655 11625 11655 11626 11626 11655 11656 11626 11656 11627 11627 11656 11657 11627 11657 11628 11628 11657 11658 11628 11658 11629 11629 11658 11659 11629 11659 11630 11630 11659 11660 11630 11660 11631 11631 11660 11661 11631 11661 9861 11632 9830 11662 11632 11662 11633 11633 11662 11663 11633 11663 11634 11634 11663 11664 11634 11664 11635 11635 11664 11665 11635 11665 11636 11636 11665 11666 11636 11666 11637 11637 11666 11667 11637 11667 11638 11638 11667 11668 11638 11668 11639 11639 11668 11669 11639 11669 11640 11640 11669 11670 11640 11670 11641 11641 11670 11671 11641 11671 11642 11642 11671 11672 11642 11672 11643 11643 11672 11673 11643 11673 11644 11644 11673 11674 11644 11674 11645 11645 11674 11675 11645 11675 11646 11646 11675 11676 11646 11676 11647 11647 11676 11677 11647 11677 11648 11648 11677 11678 11648 11678 11649 11649 11678 11679 11649 11679 11650 11650 11679 11680 11650 11680 11651 11651 11680 11681 11651 11681 11652 11652 11681 11682 11652 11682 11653 11653 11682 11683 11653 11683 11654 11654 11683 11684 11654 11684 11655 11655 11684 11685 11655 11685 11656 11656 11685 11686 11656 11686 11657 11657 11686 11687 11657 11687 11658 11658 11687 11688 11658 11688 11659 11659 11688 11689 11659 11689 11660 11660 11689 11690 11660 11690 11661 11661 11690 11691 11661 11691 9861 11662 9830 11692 11662 11692 11663 11663 11692 11693 11663 11693 11664 11664 11693 11694 11664 11694 11665 11665 11694 11695 11665 11695 11666 11666 11695 11696 11666 11696 11667 11667 11696 11697 11667 11697 11668 11668 11697 11698 11668 11698 11669 11669 11698 11699 11669 11699 11670 11670 11699 11700 11670 11700 11671 11671 11700 11701 11671 11701 11672 11672 11701 11702 11672 11702 11673 11673 11702 11703 11673 11703 11674 11674 11703 11704 11674 11704 11675 11675 11704 11705 11675 11705 11676 11676 11705 11706 11676 11706 11677 11677 11706 11707 11677 11707 11678 11678 11707 11708 11678 11708 11679 11679 11708 11709 11679 11709 11680 11680 11709 11710 11680 11710 11681 11681 11710 11711 11681 11711 11682 11682 11711 11712 11682 11712 11683 11683 11712 11713 11683 11713 11684 11684 11713 11714 11684 11714 11685 11685 11714 11715 11685 11715 11686 11686 11715 11716 11686 11716 11687 11687 11716 11717 11687 11717 11688 11688 11717 11718 11688 11718 11689 11689 11718 11719 11689 11719 11690 11690 11719 11720 11690 11720 11691 11691 11720 11721 11691 11721 9861 11692 9830 11722 11692 11722 11693 11693 11722 11723 11693 11723 11694 11694 11723 11724 11694 11724 11695 11695 11724 11725 11695 11725 11696 11696 11725 11726 11696 11726 11697 11697 11726 11727 11697 11727 11698 11698 11727 11728 11698 11728 11699 11699 11728 11729 11699 11729 11700 11700 11729 11730 11700 11730 11701 11701 11730 11731 11701 11731 11702 11702 11731 11732 11702 11732 11703 11703 11732 11733 11703 11733 11704 11704 11733 11734 11704 11734 11705 11705 11734 11735 11705 11735 11706 11706 11735 11736 11706 11736 11707 11707 11736 11737 11707 11737 11708 11708 11737 11738 11708 11738 11709 11709 11738 11739 11709 11739 11710 11710 11739 11740 11710 11740 11711 11711 11740 11741 11711 11741 11712 11712 11741 11742 11712 11742 11713 11713 11742 11743 11713 11743 11714 11714 11743 11744 11714 11744 11715 11715 11744 11745 11715 11745 11716 11716 11745 11746 11716 11746 11717 11717 11746 11747 11717 11747 11718 11718 11747 11748 11718 11748 11719 11719 11748 11749 11719 11749 11720 11720 11749 11750 11720 11750 11721 11721 11750 11751 11721 11751 9861 11722 9830 9831 11722 9831 11723 11723 9831 9832 11723 9832 11724 11724 9832 9833 11724 9833 11725 11725 9833 9834 11725 9834 11726 11726 9834 9835 11726 9835 11727 11727 9835 9836 11727 9836 11728 11728 9836 9837 11728 9837 11729 11729 9837 9838 11729 9838 11730 11730 9838 9839 11730 9839 11731 11731 9839 9840 11731 9840 11732 11732 9840 9841 11732 9841 11733 11733 9841 9842 11733 9842 11734 11734 9842 9843 11734 9843 11735 11735 9843 9844 11735 9844 11736 11736 9844 9845 11736 9845 11737 11737 9845 9846 11737 9846 11738 11738 9846 9847 11738 9847 11739 11739 9847 9848 11739 9848 11740 11740 9848 9849 11740 9849 11741 11741 9849 9850 11741 9850 11742 11742 9850 9851 11742 9851 11743 11743 9851 9852 11743 9852 11744 11744 9852 9853 11744 9853 11745 11745 9853 9854 11745 9854 11746 11746 9854 9855 11746 9855 11747 11747 9855 9856 11747 9856 11748 11748 9856 9857 11748 9857 11749 11749 9857 9858 11749 9858 11750 11750 9858 9859 11750 9859 11751 11751 9859 9860 11751 9860 9861 11753 11752 11784 11753 11784 11754 11754 11784 11785 11754 11785 11755 11755 11785 11786 11755 11786 11756 11756 11786 11787 11756 11787 11757 11757 11787 11788 11757 11788 11758 11758 11788 11789 11758 11789 11759 11759 11789 11790 11759 11790 11760 11760 11790 11791 11760 11791 11761 11761 11791 11792 11761 11792 11762 11762 11792 11793 11762 11793 11763 11763 11793 11794 11763 11794 11764 11764 11794 11795 11764 11795 11765 11765 11795 11796 11765 11796 11766 11766 11796 11797 11766 11797 11767 11767 11797 11798 11767 11798 11768 11768 11798 11799 11768 11799 11769 11769 11799 11800 11769 11800 11770 11770 11800 11801 11770 11801 11771 11771 11801 11802 11771 11802 11772 11772 11802 11803 11772 11803 11773 11773 11803 11804 11773 11804 11774 11774 11804 11805 11774 11805 11775 11775 11805 11806 11775 11806 11776 11776 11806 11807 11776 11807 11777 11777 11807 11808 11777 11808 11778 11778 11808 11809 11778 11809 11779 11779 11809 11810 11779 11810 11780 11780 11810 11811 11780 11811 11781 11781 11811 11812 11781 11812 11782 11782 11812 11813 11782 11813 11783 11784 11752 11814 11784 11814 11785 11785 11814 11815 11785 11815 11786 11786 11815 11816 11786 11816 11787 11787 11816 11817 11787 11817 11788 11788 11817 11818 11788 11818 11789 11789 11818 11819 11789 11819 11790 11790 11819 11820 11790 11820 11791 11791 11820 11821 11791 11821 11792 11792 11821 11822 11792 11822 11793 11793 11822 11823 11793 11823 11794 11794 11823 11824 11794 11824 11795 11795 11824 11825 11795 11825 11796 11796 11825 11826 11796 11826 11797 11797 11826 11827 11797 11827 11798 11798 11827 11828 11798 11828 11799 11799 11828 11829 11799 11829 11800 11800 11829 11830 11800 11830 11801 11801 11830 11831 11801 11831 11802 11802 11831 11832 11802 11832 11803 11803 11832 11833 11803 11833 11804 11804 11833 11834 11804 11834 11805 11805 11834 11835 11805 11835 11806 11806 11835 11836 11806 11836 11807 11807 11836 11837 11807 11837 11808 11808 11837 11838 11808 11838 11809 11809 11838 11839 11809 11839 11810 11810 11839 11840 11810 11840 11811 11811 11840 11841 11811 11841 11812 11812 11841 11842 11812 11842 11813 11813 11842 11843 11813 11843 11783 11814 11752 11844 11814 11844 11815 11815 11844 11845 11815 11845 11816 11816 11845 11846 11816 11846 11817 11817 11846 11847 11817 11847 11818 11818 11847 11848 11818 11848 11819 11819 11848 11849 11819 11849 11820 11820 11849 11850 11820 11850 11821 11821 11850 11851 11821 11851 11822 11822 11851 11852 11822 11852 11823 11823 11852 11853 11823 11853 11824 11824 11853 11854 11824 11854 11825 11825 11854 11855 11825 11855 11826 11826 11855 11856 11826 11856 11827 11827 11856 11857 11827 11857 11828 11828 11857 11858 11828 11858 11829 11829 11858 11859 11829 11859 11830 11830 11859 11860 11830 11860 11831 11831 11860 11861 11831 11861 11832 11832 11861 11862 11832 11862 11833 11833 11862 11863 11833 11863 11834 11834 11863 11864 11834 11864 11835 11835 11864 11865 11835 11865 11836 11836 11865 11866 11836 11866 11837 11837 11866 11867 11837 11867 11838 11838 11867 11868 11838 11868 11839 11839 11868 11869 11839 11869 11840 11840 11869 11870 11840 11870 11841 11841 11870 11871 11841 11871 11842 11842 11871 11872 11842 11872 11843 11843 11872 11873 11843 11873 11783 11844 11752 11874 11844 11874 11845 11845 11874 11875 11845 11875 11846 11846 11875 11876 11846 11876 11847 11847 11876 11877 11847 11877 11848 11848 11877 11878 11848 11878 11849 11849 11878 11879 11849 11879 11850 11850 11879 11880 11850 11880 11851 11851 11880 11881 11851 11881 11852 11852 11881 11882 11852 11882 11853 11853 11882 11883 11853 11883 11854 11854 11883 11884 11854 11884 11855 11855 11884 11885 11855 11885 11856 11856 11885 11886 11856 11886 11857 11857 11886 11887 11857 11887 11858 11858 11887 11888 11858 11888 11859 11859 11888 11889 11859 11889 11860 11860 11889 11890 11860 11890 11861 11861 11890 11891 11861 11891 11862 11862 11891 11892 11862 11892 11863 11863 11892 11893 11863 11893 11864 11864 11893 11894 11864 11894 11865 11865 11894 11895 11865 11895 11866 11866 11895 11896 11866 11896 11867 11867 11896 11897 11867 11897 11868 11868 11897 11898 11868 11898 11869 11869 11898 11899 11869 11899 11870 11870 11899 11900 11870 11900 11871 11871 11900 11901 11871 11901 11872 11872 11901 11902 11872 11902 11873 11873 11902 11903 11873 11903 11783 11874 11752 11904 11874 11904 11875 11875 11904 11905 11875 11905 11876 11876 11905 11906 11876 11906 11877 11877 11906 11907 11877 11907 11878 11878 11907 11908 11878 11908 11879 11879 11908 11909 11879 11909 11880 11880 11909 11910 11880 11910 11881 11881 11910 11911 11881 11911 11882 11882 11911 11912 11882 11912 11883 11883 11912 11913 11883 11913 11884 11884 11913 11914 11884 11914 11885 11885 11914 11915 11885 11915 11886 11886 11915 11916 11886 11916 11887 11887 11916 11917 11887 11917 11888 11888 11917 11918 11888 11918 11889 11889 11918 11919 11889 11919 11890 11890 11919 11920 11890 11920 11891 11891 11920 11921 11891 11921 11892 11892 11921 11922 11892 11922 11893 11893 11922 11923 11893 11923 11894 11894 11923 11924 11894 11924 11895 11895 11924 11925 11895 11925 11896 11896 11925 11926 11896 11926 11897 11897 11926 11927 11897 11927 11898 11898 11927 11928 11898 11928 11899 11899 11928 11929 11899 11929 11900 11900 11929 11930 11900 11930 11901 11901 11930 11931 11901 11931 11902 11902 11931 11932 11902 11932 11903 11903 11932 11933 11903 11933 11783 11904 11752 11934 11904 11934 11905 11905 11934 11935 11905 11935 11906 11906 11935 11936 11906 11936 11907 11907 11936 11937 11907 11937 11908 11908 11937 11938 11908 11938 11909 11909 11938 11939 11909 11939 11910 11910 11939 11940 11910 11940 11911 11911 11940 11941 11911 11941 11912 11912 11941 11942 11912 11942 11913 11913 11942 11943 11913 11943 11914 11914 11943 11944 11914 11944 11915 11915 11944 11945 11915 11945 11916 11916 11945 11946 11916 11946 11917 11917 11946 11947 11917 11947 11918 11918 11947 11948 11918 11948 11919 11919 11948 11949 11919 11949 11920 11920 11949 11950 11920 11950 11921 11921 11950 11951 11921 11951 11922 11922 11951 11952 11922 11952 11923 11923 11952 11953 11923 11953 11924 11924 11953 11954 11924 11954 11925 11925 11954 11955 11925 11955 11926 11926 11955 11956 11926 11956 11927 11927 11956 11957 11927 11957 11928 11928 11957 11958 11928 11958 11929 11929 11958 11959 11929 11959 11930 11930 11959 11960 11930 11960 11931 11931 11960 11961 11931 11961 11932 11932 11961 11962 11932 11962 11933 11933 11962 11963 11933 11963 11783 11934 11752 11964 11934 11964 11935 11935 11964 11965 11935 11965 11936 11936 11965 11966 11936 11966 11937 11937 11966 11967 11937 11967 11938 11938 11967 11968 11938 11968 11939 11939 11968 11969 11939 11969 11940 11940 11969 11970 11940 11970 11941 11941 11970 11971 11941 11971 11942 11942 11971 11972 11942 11972 11943 11943 11972 11973 11943 11973 11944 11944 11973 11974 11944 11974 11945 11945 11974 11975 11945 11975 11946 11946 11975 11976 11946 11976 11947 11947 11976 11977 11947 11977 11948 11948 11977 11978 11948 11978 11949 11949 11978 11979 11949 11979 11950 11950 11979 11980 11950 11980 11951 11951 11980 11981 11951 11981 11952 11952 11981 11982 11952 11982 11953 11953 11982 11983 11953 11983 11954 11954 11983 11984 11954 11984 11955 11955 11984 11985 11955 11985 11956 11956 11985 11986 11956 11986 11957 11957 11986 11987 11957 11987 11958 11958 11987 11988 11958 11988 11959 11959 11988 11989 11959 11989 11960 11960 11989 11990 11960 11990 11961 11961 11990 11991 11961 11991 11962 11962 11991 11992 11962 11992 11963 11963 11992 11993 11963 11993 11783 11964 11752 11994 11964 11994 11965 11965 11994 11995 11965 11995 11966 11966 11995 11996 11966 11996 11967 11967 11996 11997 11967 11997 11968 11968 11997 11998 11968 11998 11969 11969 11998 11999 11969 11999 11970 11970 11999 12000 11970 12000 11971 11971 12000 12001 11971 12001 11972 11972 12001 12002 11972 12002 11973 11973 12002 12003 11973 12003 11974 11974 12003 12004 11974 12004 11975 11975 12004 12005 11975 12005 11976 11976 12005 12006 11976 12006 11977 11977 12006 12007 11977 12007 11978 11978 12007 12008 11978 12008 11979 11979 12008 12009 11979 12009 11980 11980 12009 12010 11980 12010 11981 11981 12010 12011 11981 12011 11982 11982 12011 12012 11982 12012 11983 11983 12012 12013 11983 12013 11984 11984 12013 12014 11984 12014 11985 11985 12014 12015 11985 12015 11986 11986 12015 12016 11986 12016 11987 11987 12016 12017 11987 12017 11988 11988 12017 12018 11988 12018 11989 11989 12018 12019 11989 12019 11990 11990 12019 12020 11990 12020 11991 11991 12020 12021 11991 12021 11992 11992 12021 12022 11992 12022 11993 11993 12022 12023 11993 12023 11783 11994 11752 12024 11994 12024 11995 11995 12024 12025 11995 12025 11996 11996 12025 12026 11996 12026 11997 11997 12026 12027 11997 12027 11998 11998 12027 12028 11998 12028 11999 11999 12028 12029 11999 12029 12000 12000 12029 12030 12000 12030 12001 12001 12030 12031 12001 12031 12002 12002 12031 12032 12002 12032 12003 12003 12032 12033 12003 12033 12004 12004 12033 12034 12004 12034 12005 12005 12034 12035 12005 12035 12006 12006 12035 12036 12006 12036 12007 12007 12036 12037 12007 12037 12008 12008 12037 12038 12008 12038 12009 12009 12038 12039 12009 12039 12010 12010 12039 12040 12010 12040 12011 12011 12040 12041 12011 12041 12012 12012 12041 12042 12012 12042 12013 12013 12042 12043 12013 12043 12014 12014 12043 12044 12014 12044 12015 12015 12044 12045 12015 12045 12016 12016 12045 12046 12016 12046 12017 12017 12046 12047 12017 12047 12018 12018 12047 12048 12018 12048 12019 12019 12048 12049 12019 12049 12020 12020 12049 12050 12020 12050 12021 12021 12050 12051 12021 12051 12022 12022 12051 12052 12022 12052 12023 12023 12052 12053 12023 12053 11783 12024 11752 12054 12024 12054 12025 12025 12054 12055 12025 12055 12026 12026 12055 12056 12026 12056 12027 12027 12056 12057 12027 12057 12028 12028 12057 12058 12028 12058 12029 12029 12058 12059 12029 12059 12030 12030 12059 12060 12030 12060 12031 12031 12060 12061 12031 12061 12032 12032 12061 12062 12032 12062 12033 12033 12062 12063 12033 12063 12034 12034 12063 12064 12034 12064 12035 12035 12064 12065 12035 12065 12036 12036 12065 12066 12036 12066 12037 12037 12066 12067 12037 12067 12038 12038 12067 12068 12038 12068 12039 12039 12068 12069 12039 12069 12040 12040 12069 12070 12040 12070 12041 12041 12070 12071 12041 12071 12042 12042 12071 12072 12042 12072 12043 12043 12072 12073 12043 12073 12044 12044 12073 12074 12044 12074 12045 12045 12074 12075 12045 12075 12046 12046 12075 12076 12046 12076 12047 12047 12076 12077 12047 12077 12048 12048 12077 12078 12048 12078 12049 12049 12078 12079 12049 12079 12050 12050 12079 12080 12050 12080 12051 12051 12080 12081 12051 12081 12052 12052 12081 12082 12052 12082 12053 12053 12082 12083 12053 12083 11783 12054 11752 12084 12054 12084 12055 12055 12084 12085 12055 12085 12056 12056 12085 12086 12056 12086 12057 12057 12086 12087 12057 12087 12058 12058 12087 12088 12058 12088 12059 12059 12088 12089 12059 12089 12060 12060 12089 12090 12060 12090 12061 12061 12090 12091 12061 12091 12062 12062 12091 12092 12062 12092 12063 12063 12092 12093 12063 12093 12064 12064 12093 12094 12064 12094 12065 12065 12094 12095 12065 12095 12066 12066 12095 12096 12066 12096 12067 12067 12096 12097 12067 12097 12068 12068 12097 12098 12068 12098 12069 12069 12098 12099 12069 12099 12070 12070 12099 12100 12070 12100 12071 12071 12100 12101 12071 12101 12072 12072 12101 12102 12072 12102 12073 12073 12102 12103 12073 12103 12074 12074 12103 12104 12074 12104 12075 12075 12104 12105 12075 12105 12076 12076 12105 12106 12076 12106 12077 12077 12106 12107 12077 12107 12078 12078 12107 12108 12078 12108 12079 12079 12108 12109 12079 12109 12080 12080 12109 12110 12080 12110 12081 12081 12110 12111 12081 12111 12082 12082 12111 12112 12082 12112 12083 12083 12112 12113 12083 12113 11783 12084 11752 12114 12084 12114 12085 12085 12114 12115 12085 12115 12086 12086 12115 12116 12086 12116 12087 12087 12116 12117 12087 12117 12088 12088 12117 12118 12088 12118 12089 12089 12118 12119 12089 12119 12090 12090 12119 12120 12090 12120 12091 12091 12120 12121 12091 12121 12092 12092 12121 12122 12092 12122 12093 12093 12122 12123 12093 12123 12094 12094 12123 12124 12094 12124 12095 12095 12124 12125 12095 12125 12096 12096 12125 12126 12096 12126 12097 12097 12126 12127 12097 12127 12098 12098 12127 12128 12098 12128 12099 12099 12128 12129 12099 12129 12100 12100 12129 12130 12100 12130 12101 12101 12130 12131 12101 12131 12102 12102 12131 12132 12102 12132 12103 12103 12132 12133 12103 12133 12104 12104 12133 12134 12104 12134 12105 12105 12134 12135 12105 12135 12106 12106 12135 12136 12106 12136 12107 12107 12136 12137 12107 12137 12108 12108 12137 12138 12108 12138 12109 12109 12138 12139 12109 12139 12110 12110 12139 12140 12110 12140 12111 12111 12140 12141 12111 12141 12112 12112 12141 12142 12112 12142 12113 12113 12142 12143 12113 12143 11783 12114 11752 12144 12114 12144 12115 12115 12144 12145 12115 12145 12116 12116 12145 12146 12116 12146 12117 12117 12146 12147 12117 12147 12118 12118 12147 12148 12118 12148 12119 12119 12148 12149 12119 12149 12120 12120 12149 12150 12120 12150 12121 12121 12150 12151 12121 12151 12122 12122 12151 12152 12122 12152 12123 12123 12152 12153 12123 12153 12124 12124 12153 12154 12124 12154 12125 12125 12154 12155 12125 12155 12126 12126 12155 12156 12126 12156 12127 12127 12156 12157 12127 12157 12128 12128 12157 12158 12128 12158 12129 12129 12158 12159 12129 12159 12130 12130 12159 12160 12130 12160 12131 12131 12160 12161 12131 12161 12132 12132 12161 12162 12132 12162 12133 12133 12162 12163 12133 12163 12134 12134 12163 12164 12134 12164 12135 12135 12164 12165 12135 12165 12136 12136 12165 12166 12136 12166 12137 12137 12166 12167 12137 12167 12138 12138 12167 12168 12138 12168 12139 12139 12168 12169 12139 12169 12140 12140 12169 12170 12140 12170 12141 12141 12170 12171 12141 12171 12142 12142 12171 12172 12142 12172 12143 12143 12172 12173 12143 12173 11783 12144 11752 12174 12144 12174 12145 12145 12174 12175 12145 12175 12146 12146 12175 12176 12146 12176 12147 12147 12176 12177 12147 12177 12148 12148 12177 12178 12148 12178 12149 12149 12178 12179 12149 12179 12150 12150 12179 12180 12150 12180 12151 12151 12180 12181 12151 12181 12152 12152 12181 12182 12152 12182 12153 12153 12182 12183 12153 12183 12154 12154 12183 12184 12154 12184 12155 12155 12184 12185 12155 12185 12156 12156 12185 12186 12156 12186 12157 12157 12186 12187 12157 12187 12158 12158 12187 12188 12158 12188 12159 12159 12188 12189 12159 12189 12160 12160 12189 12190 12160 12190 12161 12161 12190 12191 12161 12191 12162 12162 12191 12192 12162 12192 12163 12163 12192 12193 12163 12193 12164 12164 12193 12194 12164 12194 12165 12165 12194 12195 12165 12195 12166 12166 12195 12196 12166 12196 12167 12167 12196 12197 12167 12197 12168 12168 12197 12198 12168 12198 12169 12169 12198 12199 12169 12199 12170 12170 12199 12200 12170 12200 12171 12171 12200 12201 12171 12201 12172 12172 12201 12202 12172 12202 12173 12173 12202 12203 12173 12203 11783 12174 11752 12204 12174 12204 12175 12175 12204 12205 12175 12205 12176 12176 12205 12206 12176 12206 12177 12177 12206 12207 12177 12207 12178 12178 12207 12208 12178 12208 12179 12179 12208 12209 12179 12209 12180 12180 12209 12210 12180 12210 12181 12181 12210 12211 12181 12211 12182 12182 12211 12212 12182 12212 12183 12183 12212 12213 12183 12213 12184 12184 12213 12214 12184 12214 12185 12185 12214 12215 12185 12215 12186 12186 12215 12216 12186 12216 12187 12187 12216 12217 12187 12217 12188 12188 12217 12218 12188 12218 12189 12189 12218 12219 12189 12219 12190 12190 12219 12220 12190 12220 12191 12191 12220 12221 12191 12221 12192 12192 12221 12222 12192 12222 12193 12193 12222 12223 12193 12223 12194 12194 12223 12224 12194 12224 12195 12195 12224 12225 12195 12225 12196 12196 12225 12226 12196 12226 12197 12197 12226 12227 12197 12227 12198 12198 12227 12228 12198 12228 12199 12199 12228 12229 12199 12229 12200 12200 12229 12230 12200 12230 12201 12201 12230 12231 12201 12231 12202 12202 12231 12232 12202 12232 12203 12203 12232 12233 12203 12233 11783 12204 11752 12234 12204 12234 12205 12205 12234 12235 12205 12235 12206 12206 12235 12236 12206 12236 12207 12207 12236 12237 12207 12237 12208 12208 12237 12238 12208 12238 12209 12209 12238 12239 12209 12239 12210 12210 12239 12240 12210 12240 12211 12211 12240 12241 12211 12241 12212 12212 12241 12242 12212 12242 12213 12213 12242 12243 12213 12243 12214 12214 12243 12244 12214 12244 12215 12215 12244 12245 12215 12245 12216 12216 12245 12246 12216 12246 12217 12217 12246 12247 12217 12247 12218 12218 12247 12248 12218 12248 12219 12219 12248 12249 12219 12249 12220 12220 12249 12250 12220 12250 12221 12221 12250 12251 12221 12251 12222 12222 12251 12252 12222 12252 12223 12223 12252 12253 12223 12253 12224 12224 12253 12254 12224 12254 12225 12225 12254 12255 12225 12255 12226 12226 12255 12256 12226 12256 12227 12227 12256 12257 12227 12257 12228 12228 12257 12258 12228 12258 12229 12229 12258 12259 12229 12259 12230 12230 12259 12260 12230 12260 12231 12231 12260 12261 12231 12261 12232 12232 12261 12262 12232 12262 12233 12233 12262 12263 12233 12263 11783 12234 11752 12264 12234 12264 12235 12235 12264 12265 12235 12265 12236 12236 12265 12266 12236 12266 12237 12237 12266 12267 12237 12267 12238 12238 12267 12268 12238 12268 12239 12239 12268 12269 12239 12269 12240 12240 12269 12270 12240 12270 12241 12241 12270 12271 12241 12271 12242 12242 12271 12272 12242 12272 12243 12243 12272 12273 12243 12273 12244 12244 12273 12274 12244 12274 12245 12245 12274 12275 12245 12275 12246 12246 12275 12276 12246 12276 12247 12247 12276 12277 12247 12277 12248 12248 12277 12278 12248 12278 12249 12249 12278 12279 12249 12279 12250 12250 12279 12280 12250 12280 12251 12251 12280 12281 12251 12281 12252 12252 12281 12282 12252 12282 12253 12253 12282 12283 12253 12283 12254 12254 12283 12284 12254 12284 12255 12255 12284 12285 12255 12285 12256 12256 12285 12286 12256 12286 12257 12257 12286 12287 12257 12287 12258 12258 12287 12288 12258 12288 12259 12259 12288 12289 12259 12289 12260 12260 12289 12290 12260 12290 12261 12261 12290 12291 12261 12291 12262 12262 12291 12292 12262 12292 12263 12263 12292 12293 12263 12293 11783 12264 11752 12294 12264 12294 12265 12265 12294 12295 12265 12295 12266 12266 12295 12296 12266 12296 12267 12267 12296 12297 12267 12297 12268 12268 12297 12298 12268 12298 12269 12269 12298 12299 12269 12299 12270 12270 12299 12300 12270 12300 12271 12271 12300 12301 12271 12301 12272 12272 12301 12302 12272 12302 12273 12273 12302 12303 12273 12303 12274 12274 12303 12304 12274 12304 12275 12275 12304 12305 12275 12305 12276 12276 12305 12306 12276 12306 12277 12277 12306 12307 12277 12307 12278 12278 12307 12308 12278 12308 12279 12279 12308 12309 12279 12309 12280 12280 12309 12310 12280 12310 12281 12281 12310 12311 12281 12311 12282 12282 12311 12312 12282 12312 12283 12283 12312 12313 12283 12313 12284 12284 12313 12314 12284 12314 12285 12285 12314 12315 12285 12315 12286 12286 12315 12316 12286 12316 12287 12287 12316 12317 12287 12317 12288 12288 12317 12318 12288 12318 12289 12289 12318 12319 12289 12319 12290 12290 12319 12320 12290 12320 12291 12291 12320 12321 12291 12321 12292 12292 12321 12322 12292 12322 12293 12293 12322 12323 12293 12323 11783 12294 11752 12324 12294 12324 12295 12295 12324 12325 12295 12325 12296 12296 12325 12326 12296 12326 12297 12297 12326 12327 12297 12327 12298 12298 12327 12328 12298 12328 12299 12299 12328 12329 12299 12329 12300 12300 12329 12330 12300 12330 12301 12301 12330 12331 12301 12331 12302 12302 12331 12332 12302 12332 12303 12303 12332 12333 12303 12333 12304 12304 12333 12334 12304 12334 12305 12305 12334 12335 12305 12335 12306 12306 12335 12336 12306 12336 12307 12307 12336 12337 12307 12337 12308 12308 12337 12338 12308 12338 12309 12309 12338 12339 12309 12339 12310 12310 12339 12340 12310 12340 12311 12311 12340 12341 12311 12341 12312 12312 12341 12342 12312 12342 12313 12313 12342 12343 12313 12343 12314 12314 12343 12344 12314 12344 12315 12315 12344 12345 12315 12345 12316 12316 12345 12346 12316 12346 12317 12317 12346 12347 12317 12347 12318 12318 12347 12348 12318 12348 12319 12319 12348 12349 12319 12349 12320 12320 12349 12350 12320 12350 12321 12321 12350 12351 12321 12351 12322 12322 12351 12352 12322 12352 12323 12323 12352 12353 12323 12353 11783 12324 11752 12354 12324 12354 12325 12325 12354 12355 12325 12355 12326 12326 12355 12356 12326 12356 12327 12327 12356 12357 12327 12357 12328 12328 12357 12358 12328 12358 12329 12329 12358 12359 12329 12359 12330 12330 12359 12360 12330 12360 12331 12331 12360 12361 12331 12361 12332 12332 12361 12362 12332 12362 12333 12333 12362 12363 12333 12363 12334 12334 12363 12364 12334 12364 12335 12335 12364 12365 12335 12365 12336 12336 12365 12366 12336 12366 12337 12337 12366 12367 12337 12367 12338 12338 12367 12368 12338 12368 12339 12339 12368 12369 12339 12369 12340 12340 12369 12370 12340 12370 12341 12341 12370 12371 12341 12371 12342 12342 12371 12372 12342 12372 12343 12343 12372 12373 12343 12373 12344 12344 12373 12374 12344 12374 12345 12345 12374 12375 12345 12375 12346 12346 12375 12376 12346 12376 12347 12347 12376 12377 12347 12377 12348 12348 12377 12378 12348 12378 12349 12349 12378 12379 12349 12379 12350 12350 12379 12380 12350 12380 12351 12351 12380 12381 12351 12381 12352 12352 12381 12382 12352 12382 12353 12353 12382 12383 12353 12383 11783 12354 11752 12384 12354 12384 12355 12355 12384 12385 12355 12385 12356 12356 12385 12386 12356 12386 12357 12357 12386 12387 12357 12387 12358 12358 12387 12388 12358 12388 12359 12359 12388 12389 12359 12389 12360 12360 12389 12390 12360 12390 12361 12361 12390 12391 12361 12391 12362 12362 12391 12392 12362 12392 12363 12363 12392 12393 12363 12393 12364 12364 12393 12394 12364 12394 12365 12365 12394 12395 12365 12395 12366 12366 12395 12396 12366 12396 12367 12367 12396 12397 12367 12397 12368 12368 12397 12398 12368 12398 12369 12369 12398 12399 12369 12399 12370 12370 12399 12400 12370 12400 12371 12371 12400 12401 12371 12401 12372 12372 12401 12402 12372 12402 12373 12373 12402 12403 12373 12403 12374 12374 12403 12404 12374 12404 12375 12375 12404 12405 12375 12405 12376 12376 12405 12406 12376 12406 12377 12377 12406 12407 12377 12407 12378 12378 12407 12408 12378 12408 12379 12379 12408 12409 12379 12409 12380 12380 12409 12410 12380 12410 12381 12381 12410 12411 12381 12411 12382 12382 12411 12412 12382 12412 12383 12383 12412 12413 12383 12413 11783 12384 11752 12414 12384 12414 12385 12385 12414 12415 12385 12415 12386 12386 12415 12416 12386 12416 12387 12387 12416 12417 12387 12417 12388 12388 12417 12418 12388 12418 12389 12389 12418 12419 12389 12419 12390 12390 12419 12420 12390 12420 12391 12391 12420 12421 12391 12421 12392 12392 12421 12422 12392 12422 12393 12393 12422 12423 12393 12423 12394 12394 12423 12424 12394 12424 12395 12395 12424 12425 12395 12425 12396 12396 12425 12426 12396 12426 12397 12397 12426 12427 12397 12427 12398 12398 12427 12428 12398 12428 12399 12399 12428 12429 12399 12429 12400 12400 12429 12430 12400 12430 12401 12401 12430 12431 12401 12431 12402 12402 12431 12432 12402 12432 12403 12403 12432 12433 12403 12433 12404 12404 12433 12434 12404 12434 12405 12405 12434 12435 12405 12435 12406 12406 12435 12436 12406 12436 12407 12407 12436 12437 12407 12437 12408 12408 12437 12438 12408 12438 12409 12409 12438 12439 12409 12439 12410 12410 12439 12440 12410 12440 12411 12411 12440 12441 12411 12441 12412 12412 12441 12442 12412 12442 12413 12413 12442 12443 12413 12443 11783 12414 11752 12444 12414 12444 12415 12415 12444 12445 12415 12445 12416 12416 12445 12446 12416 12446 12417 12417 12446 12447 12417 12447 12418 12418 12447 12448 12418 12448 12419 12419 12448 12449 12419 12449 12420 12420 12449 12450 12420 12450 12421 12421 12450 12451 12421 12451 12422 12422 12451 12452 12422 12452 12423 12423 12452 12453 12423 12453 12424 12424 12453 12454 12424 12454 12425 12425 12454 12455 12425 12455 12426 12426 12455 12456 12426 12456 12427 12427 12456 12457 12427 12457 12428 12428 12457 12458 12428 12458 12429 12429 12458 12459 12429 12459 12430 12430 12459 12460 12430 12460 12431 12431 12460 12461 12431 12461 12432 12432 12461 12462 12432 12462 12433 12433 12462 12463 12433 12463 12434 12434 12463 12464 12434 12464 12435 12435 12464 12465 12435 12465 12436 12436 12465 12466 12436 12466 12437 12437 12466 12467 12437 12467 12438 12438 12467 12468 12438 12468 12439 12439 12468 12469 12439 12469 12440 12440 12469 12470 12440 12470 12441 12441 12470 12471 12441 12471 12442 12442 12471 12472 12442 12472 12443 12443 12472 12473 12443 12473 11783 12444 11752 12474 12444 12474 12445 12445 12474 12475 12445 12475 12446 12446 12475 12476 12446 12476 12447 12447 12476 12477 12447 12477 12448 12448 12477 12478 12448 12478 12449 12449 12478 12479 12449 12479 12450 12450 12479 12480 12450 12480 12451 12451 12480 12481 12451 12481 12452 12452 12481 12482 12452 12482 12453 12453 12482 12483 12453 12483 12454 12454 12483 12484 12454 12484 12455 12455 12484 12485 12455 12485 12456 12456 12485 12486 12456 12486 12457 12457 12486 12487 12457 12487 12458 12458 12487 12488 12458 12488 12459 12459 12488 12489 12459 12489 12460 12460 12489 12490 12460 12490 12461 12461 12490 12491 12461 12491 12462 12462 12491 12492 12462 12492 12463 12463 12492 12493 12463 12493 12464 12464 12493 12494 12464 12494 12465 12465 12494 12495 12465 12495 12466 12466 12495 12496 12466 12496 12467 12467 12496 12497 12467 12497 12468 12468 12497 12498 12468 12498 12469 12469 12498 12499 12469 12499 12470 12470 12499 12500 12470 12500 12471 12471 12500 12501 12471 12501 12472 12472 12501 12502 12472 12502 12473 12473 12502 12503 12473 12503 11783 12474 11752 12504 12474 12504 12475 12475 12504 12505 12475 12505 12476 12476 12505 12506 12476 12506 12477 12477 12506 12507 12477 12507 12478 12478 12507 12508 12478 12508 12479 12479 12508 12509 12479 12509 12480 12480 12509 12510 12480 12510 12481 12481 12510 12511 12481 12511 12482 12482 12511 12512 12482 12512 12483 12483 12512 12513 12483 12513 12484 12484 12513 12514 12484 12514 12485 12485 12514 12515 12485 12515 12486 12486 12515 12516 12486 12516 12487 12487 12516 12517 12487 12517 12488 12488 12517 12518 12488 12518 12489 12489 12518 12519 12489 12519 12490 12490 12519 12520 12490 12520 12491 12491 12520 12521 12491 12521 12492 12492 12521 12522 12492 12522 12493 12493 12522 12523 12493 12523 12494 12494 12523 12524 12494 12524 12495 12495 12524 12525 12495 12525 12496 12496 12525 12526 12496 12526 12497 12497 12526 12527 12497 12527 12498 12498 12527 12528 12498 12528 12499 12499 12528 12529 12499 12529 12500 12500 12529 12530 12500 12530 12501 12501 12530 12531 12501 12531 12502 12502 12531 12532 12502 12532 12503 12503 12532 12533 12503 12533 11783 12504 11752 12534 12504 12534 12505 12505 12534 12535 12505 12535 12506 12506 12535 12536 12506 12536 12507 12507 12536 12537 12507 12537 12508 12508 12537 12538 12508 12538 12509 12509 12538 12539 12509 12539 12510 12510 12539 12540 12510 12540 12511 12511 12540 12541 12511 12541 12512 12512 12541 12542 12512 12542 12513 12513 12542 12543 12513 12543 12514 12514 12543 12544 12514 12544 12515 12515 12544 12545 12515 12545 12516 12516 12545 12546 12516 12546 12517 12517 12546 12547 12517 12547 12518 12518 12547 12548 12518 12548 12519 12519 12548 12549 12519 12549 12520 12520 12549 12550 12520 12550 12521 12521 12550 12551 12521 12551 12522 12522 12551 12552 12522 12552 12523 12523 12552 12553 12523 12553 12524 12524 12553 12554 12524 12554 12525 12525 12554 12555 12525 12555 12526 12526 12555 12556 12526 12556 12527 12527 12556 12557 12527 12557 12528 12528 12557 12558 12528 12558 12529 12529 12558 12559 12529 12559 12530 12530 12559 12560 12530 12560 12531 12531 12560 12561 12531 12561 12532 12532 12561 12562 12532 12562 12533 12533 12562 12563 12533 12563 11783 12534 11752 12564 12534 12564 12535 12535 12564 12565 12535 12565 12536 12536 12565 12566 12536 12566 12537 12537 12566 12567 12537 12567 12538 12538 12567 12568 12538 12568 12539 12539 12568 12569 12539 12569 12540 12540 12569 12570 12540 12570 12541 12541 12570 12571 12541 12571 12542 12542 12571 12572 12542 12572 12543 12543 12572 12573 12543 12573 12544 12544 12573 12574 12544 12574 12545 12545 12574 12575 12545 12575 12546 12546 12575 12576 12546 12576 12547 12547 12576 12577 12547 12577 12548 12548 12577 12578 12548 12578 12549 12549 12578 12579 12549 12579 12550 12550 12579 12580 12550 12580 12551 12551 12580 12581 12551 12581 12552 12552 12581 12582 12552 12582 12553 12553 12582 12583 12553 12583 12554 12554 12583 12584 12554 12584 12555 12555 12584 12585 12555 12585 12556 12556 12585 12586 12556 12586 12557 12557 12586 12587 12557 12587 12558 12558 12587 12588 12558 12588 12559 12559 12588 12589 12559 12589 12560 12560 12589 12590 12560 12590 12561 12561 12590 12591 12561 12591 12562 12562 12591 12592 12562 12592 12563 12563 12592 12593 12563 12593 11783 12564 11752 12594 12564 12594 12565 12565 12594 12595 12565 12595 12566 12566 12595 12596 12566 12596 12567 12567 12596 12597 12567 12597 12568 12568 12597 12598 12568 12598 12569 12569 12598 12599 12569 12599 12570 12570 12599 12600 12570 12600 12571 12571 12600 12601 12571 12601 12572 12572 12601 12602 12572 12602 12573 12573 12602 12603 12573 12603 12574 12574 12603 12604 12574 12604 12575 12575 12604 12605 12575 12605 12576 12576 12605 12606 12576 12606 12577 12577 12606 12607 12577 12607 12578 12578 12607 12608 12578 12608 12579 12579 12608 12609 12579 12609 12580 12580 12609 12610 12580 12610 12581 12581 12610 12611 12581 12611 12582 12582 12611 12612 12582 12612 12583 12583 12612 12613 12583 12613 12584 12584 12613 12614 12584 12614 12585 12585 12614 12615 12585 12615 12586 12586 12615 12616 12586 12616 12587 12587 12616 12617 12587 12617 12588 12588 12617 12618 12588 12618 12589 12589 12618 12619 12589 12619 12590 12590 12619 12620 12590 12620 12591 12591 12620 12621 12591 12621 12592 12592 12621 12622 12592 12622 12593 12593 12622 12623 12593 12623 11783 12594 11752 12624 12594 12624 12595 12595 12624 12625 12595 12625 12596 12596 12625 12626 12596 12626 12597 12597 12626 12627 12597 12627 12598 12598 12627 12628 12598 12628 12599 12599 12628 12629 12599 12629 12600 12600 12629 12630 12600 12630 12601 12601 12630 12631 12601 12631 12602 12602 12631 12632 12602 12632 12603 12603 12632 12633 12603 12633 12604 12604 12633 12634 12604 12634 12605 12605 12634 12635 12605 12635 12606 12606 12635 12636 12606 12636 12607 12607 12636 12637 12607 12637 12608 12608 12637 12638 12608 12638 12609 12609 12638 12639 12609 12639 12610 12610 12639 12640 12610 12640 12611 12611 12640 12641 12611 12641 12612 12612 12641 12642 12612 12642 12613 12613 12642 12643 12613 12643 12614 12614 12643 12644 12614 12644 12615 12615 12644 12645 12615 12645 12616 12616 12645 12646 12616 12646 12617 12617 12646 12647 12617 12647 12618 12618 12647 12648 12618 12648 12619 12619 12648 12649 12619 12649 12620 12620 12649 12650 12620 12650 12621 12621 12650 12651 12621 12651 12622 12622 12651 12652 12622 12652 12623 12623 12652 12653 12623 12653 11783 12624 11752 12654 12624 12654 12625 12625 12654 12655 12625 12655 12626 12626 12655 12656 12626 12656 12627 12627 12656 12657 12627 12657 12628 12628 12657 12658 12628 12658 12629 12629 12658 12659 12629 12659 12630 12630 12659 12660 12630 12660 12631 12631 12660 12661 12631 12661 12632 12632 12661 12662 12632 12662 12633 12633 12662 12663 12633 12663 12634 12634 12663 12664 12634 12664 12635 12635 12664 12665 12635 12665 12636 12636 12665 12666 12636 12666 12637 12637 12666 12667 12637 12667 12638 12638 12667 12668 12638 12668 12639 12639 12668 12669 12639 12669 12640 12640 12669 12670 12640 12670 12641 12641 12670 12671 12641 12671 12642 12642 12671 12672 12642 12672 12643 12643 12672 12673 12643 12673 12644 12644 12673 12674 12644 12674 12645 12645 12674 12675 12645 12675 12646 12646 12675 12676 12646 12676 12647 12647 12676 12677 12647 12677 12648 12648 12677 12678 12648 12678 12649 12649 12678 12679 12649 12679 12650 12650 12679 12680 12650 12680 12651 12651 12680 12681 12651 12681 12652 12652 12681 12682 12652 12682 12653 12653 12682 12683 12653 12683 11783 12654 11752 12684 12654 12684 12655 12655 12684 12685 12655 12685 12656 12656 12685 12686 12656 12686 12657 12657 12686 12687 12657 12687 12658 12658 12687 12688 12658 12688 12659 12659 12688 12689 12659 12689 12660 12660 12689 12690 12660 12690 12661 12661 12690 12691 12661 12691 12662 12662 12691 12692 12662 12692 12663 12663 12692 12693 12663 12693 12664 12664 12693 12694 12664 12694 12665 12665 12694 12695 12665 12695 12666 12666 12695 12696 12666 12696 12667 12667 12696 12697 12667 12697 12668 12668 12697 12698 12668 12698 12669 12669 12698 12699 12669 12699 12670 12670 12699 12700 12670 12700 12671 12671 12700 12701 12671 12701 12672 12672 12701 12702 12672 12702 12673 12673 12702 12703 12673 12703 12674 12674 12703 12704 12674 12704 12675 12675 12704 12705 12675 12705 12676 12676 12705 12706 12676 12706 12677 12677 12706 12707 12677 12707 12678 12678 12707 12708 12678 12708 12679 12679 12708 12709 12679 12709 12680 12680 12709 12710 12680 12710 12681 12681 12710 12711 12681 12711 12682 12682 12711 12712 12682 12712 12683 12683 12712 12713 12683 12713 11783 12684 11752 12714 12684 12714 12685 12685 12714 12715 12685 12715 12686 12686 12715 12716 12686 12716 12687 12687 12716 12717 12687 12717 12688 12688 12717 12718 12688 12718 12689 12689 12718 12719 12689 12719 12690 12690 12719 12720 12690 12720 12691 12691 12720 12721 12691 12721 12692 12692 12721 12722 12692 12722 12693 12693 12722 12723 12693 12723 12694 12694 12723 12724 12694 12724 12695 12695 12724 12725 12695 12725 12696 12696 12725 12726 12696 12726 12697 12697 12726 12727 12697 12727 12698 12698 12727 12728 12698 12728 12699 12699 12728 12729 12699 12729 12700 12700 12729 12730 12700 12730 12701 12701 12730 12731 12701 12731 12702 12702 12731 12732 12702 12732 12703 12703 12732 12733 12703 12733 12704 12704 12733 12734 12704 12734 12705 12705 12734 12735 12705 12735 12706 12706 12735 12736 12706 12736 12707 12707 12736 12737 12707 12737 12708 12708 12737 12738 12708 12738 12709 12709 12738 12739 12709 12739 12710 12710 12739 12740 12710 12740 12711 12711 12740 12741 12711 12741 12712 12712 12741 12742 12712 12742 12713 12713 12742 12743 12713 12743 11783 12714 11752 12744 12714 12744 12715 12715 12744 12745 12715 12745 12716 12716 12745 12746 12716 12746 12717 12717 12746 12747 12717 12747 12718 12718 12747 12748 12718 12748 12719 12719 12748 12749 12719 12749 12720 12720 12749 12750 12720 12750 12721 12721 12750 12751 12721 12751 12722 12722 12751 12752 12722 12752 12723 12723 12752 12753 12723 12753 12724 12724 12753 12754 12724 12754 12725 12725 12754 12755 12725 12755 12726 12726 12755 12756 12726 12756 12727 12727 12756 12757 12727 12757 12728 12728 12757 12758 12728 12758 12729 12729 12758 12759 12729 12759 12730 12730 12759 12760 12730 12760 12731 12731 12760 12761 12731 12761 12732 12732 12761 12762 12732 12762 12733 12733 12762 12763 12733 12763 12734 12734 12763 12764 12734 12764 12735 12735 12764 12765 12735 12765 12736 12736 12765 12766 12736 12766 12737 12737 12766 12767 12737 12767 12738 12738 12767 12768 12738 12768 12739 12739 12768 12769 12739 12769 12740 12740 12769 12770 12740 12770 12741 12741 12770 12771 12741 12771 12742 12742 12771 12772 12742 12772 12743 12743 12772 12773 12743 12773 11783 12744 11752 12774 12744 12774 12745 12745 12774 12775 12745 12775 12746 12746 12775 12776 12746 12776 12747 12747 12776 12777 12747 12777 12748 12748 12777 12778 12748 12778 12749 12749 12778 12779 12749 12779 12750 12750 12779 12780 12750 12780 12751 12751 12780 12781 12751 12781 12752 12752 12781 12782 12752 12782 12753 12753 12782 12783 12753 12783 12754 12754 12783 12784 12754 12784 12755 12755 12784 12785 12755 12785 12756 12756 12785 12786 12756 12786 12757 12757 12786 12787 12757 12787 12758 12758 12787 12788 12758 12788 12759 12759 12788 12789 12759 12789 12760 12760 12789 12790 12760 12790 12761 12761 12790 12791 12761 12791 12762 12762 12791 12792 12762 12792 12763 12763 12792 12793 12763 12793 12764 12764 12793 12794 12764 12794 12765 12765 12794 12795 12765 12795 12766 12766 12795 12796 12766 12796 12767 12767 12796 12797 12767 12797 12768 12768 12797 12798 12768 12798 12769 12769 12798 12799 12769 12799 12770 12770 12799 12800 12770 12800 12771 12771 12800 12801 12771 12801 12772 12772 12801 12802 12772 12802 12773 12773 12802 12803 12773 12803 11783 12774 11752 12804 12774 12804 12775 12775 12804 12805 12775 12805 12776 12776 12805 12806 12776 12806 12777 12777 12806 12807 12777 12807 12778 12778 12807 12808 12778 12808 12779 12779 12808 12809 12779 12809 12780 12780 12809 12810 12780 12810 12781 12781 12810 12811 12781 12811 12782 12782 12811 12812 12782 12812 12783 12783 12812 12813 12783 12813 12784 12784 12813 12814 12784 12814 12785 12785 12814 12815 12785 12815 12786 12786 12815 12816 12786 12816 12787 12787 12816 12817 12787 12817 12788 12788 12817 12818 12788 12818 12789 12789 12818 12819 12789 12819 12790 12790 12819 12820 12790 12820 12791 12791 12820 12821 12791 12821 12792 12792 12821 12822 12792 12822 12793 12793 12822 12823 12793 12823 12794 12794 12823 12824 12794 12824 12795 12795 12824 12825 12795 12825 12796 12796 12825 12826 12796 12826 12797 12797 12826 12827 12797 12827 12798 12798 12827 12828 12798 12828 12799 12799 12828 12829 12799 12829 12800 12800 12829 12830 12800 12830 12801 12801 12830 12831 12801 12831 12802 12802 12831 12832 12802 12832 12803 12803 12832 12833 12803 12833 11783 12804 11752 12834 12804 12834 12805 12805 12834 12835 12805 12835 12806 12806 12835 12836 12806 12836 12807 12807 12836 12837 12807 12837 12808 12808 12837 12838 12808 12838 12809 12809 12838 12839 12809 12839 12810 12810 12839 12840 12810 12840 12811 12811 12840 12841 12811 12841 12812 12812 12841 12842 12812 12842 12813 12813 12842 12843 12813 12843 12814 12814 12843 12844 12814 12844 12815 12815 12844 12845 12815 12845 12816 12816 12845 12846 12816 12846 12817 12817 12846 12847 12817 12847 12818 12818 12847 12848 12818 12848 12819 12819 12848 12849 12819 12849 12820 12820 12849 12850 12820 12850 12821 12821 12850 12851 12821 12851 12822 12822 12851 12852 12822 12852 12823 12823 12852 12853 12823 12853 12824 12824 12853 12854 12824 12854 12825 12825 12854 12855 12825 12855 12826 12826 12855 12856 12826 12856 12827 12827 12856 12857 12827 12857 12828 12828 12857 12858 12828 12858 12829 12829 12858 12859 12829 12859 12830 12830 12859 12860 12830 12860 12831 12831 12860 12861 12831 12861 12832 12832 12861 12862 12832 12862 12833 12833 12862 12863 12833 12863 11783 12834 11752 12864 12834 12864 12835 12835 12864 12865 12835 12865 12836 12836 12865 12866 12836 12866 12837 12837 12866 12867 12837 12867 12838 12838 12867 12868 12838 12868 12839 12839 12868 12869 12839 12869 12840 12840 12869 12870 12840 12870 12841 12841 12870 12871 12841 12871 12842 12842 12871 12872 12842 12872 12843 12843 12872 12873 12843 12873 12844 12844 12873 12874 12844 12874 12845 12845 12874 12875 12845 12875 12846 12846 12875 12876 12846 12876 12847 12847 12876 12877 12847 12877 12848 12848 12877 12878 12848 12878 12849 12849 12878 12879 12849 12879 12850 12850 12879 12880 12850 12880 12851 12851 12880 12881 12851 12881 12852 12852 12881 12882 12852 12882 12853 12853 12882 12883 12853 12883 12854 12854 12883 12884 12854 12884 12855 12855 12884 12885 12855 12885 12856 12856 12885 12886 12856 12886 12857 12857 12886 12887 12857 12887 12858 12858 12887 12888 12858 12888 12859 12859 12888 12889 12859 12889 12860 12860 12889 12890 12860 12890 12861 12861 12890 12891 12861 12891 12862 12862 12891 12892 12862 12892 12863 12863 12892 12893 12863 12893 11783 12864 11752 12894 12864 12894 12865 12865 12894 12895 12865 12895 12866 12866 12895 12896 12866 12896 12867 12867 12896 12897 12867 12897 12868 12868 12897 12898 12868 12898 12869 12869 12898 12899 12869 12899 12870 12870 12899 12900 12870 12900 12871 12871 12900 12901 12871 12901 12872 12872 12901 12902 12872 12902 12873 12873 12902 12903 12873 12903 12874 12874 12903 12904 12874 12904 12875 12875 12904 12905 12875 12905 12876 12876 12905 12906 12876 12906 12877 12877 12906 12907 12877 12907 12878 12878 12907 12908 12878 12908 12879 12879 12908 12909 12879 12909 12880 12880 12909 12910 12880 12910 12881 12881 12910 12911 12881 12911 12882 12882 12911 12912 12882 12912 12883 12883 12912 12913 12883 12913 12884 12884 12913 12914 12884 12914 12885 12885 12914 12915 12885 12915 12886 12886 12915 12916 12886 12916 12887 12887 12916 12917 12887 12917 12888 12888 12917 12918 12888 12918 12889 12889 12918 12919 12889 12919 12890 12890 12919 12920 12890 12920 12891 12891 12920 12921 12891 12921 12892 12892 12921 12922 12892 12922 12893 12893 12922 12923 12893 12923 11783 12894 11752 12924 12894 12924 12895 12895 12924 12925 12895 12925 12896 12896 12925 12926 12896 12926 12897 12897 12926 12927 12897 12927 12898 12898 12927 12928 12898 12928 12899 12899 12928 12929 12899 12929 12900 12900 12929 12930 12900 12930 12901 12901 12930 12931 12901 12931 12902 12902 12931 12932 12902 12932 12903 12903 12932 12933 12903 12933 12904 12904 12933 12934 12904 12934 12905 12905 12934 12935 12905 12935 12906 12906 12935 12936 12906 12936 12907 12907 12936 12937 12907 12937 12908 12908 12937 12938 12908 12938 12909 12909 12938 12939 12909 12939 12910 12910 12939 12940 12910 12940 12911 12911 12940 12941 12911 12941 12912 12912 12941 12942 12912 12942 12913 12913 12942 12943 12913 12943 12914 12914 12943 12944 12914 12944 12915 12915 12944 12945 12915 12945 12916 12916 12945 12946 12916 12946 12917 12917 12946 12947 12917 12947 12918 12918 12947 12948 12918 12948 12919 12919 12948 12949 12919 12949 12920 12920 12949 12950 12920 12950 12921 12921 12950 12951 12921 12951 12922 12922 12951 12952 12922 12952 12923 12923 12952 12953 12923 12953 11783 12924 11752 12954 12924 12954 12925 12925 12954 12955 12925 12955 12926 12926 12955 12956 12926 12956 12927 12927 12956 12957 12927 12957 12928 12928 12957 12958 12928 12958 12929 12929 12958 12959 12929 12959 12930 12930 12959 12960 12930 12960 12931 12931 12960 12961 12931 12961 12932 12932 12961 12962 12932 12962 12933 12933 12962 12963 12933 12963 12934 12934 12963 12964 12934 12964 12935 12935 12964 12965 12935 12965 12936 12936 12965 12966 12936 12966 12937 12937 12966 12967 12937 12967 12938 12938 12967 12968 12938 12968 12939 12939 12968 12969 12939 12969 12940 12940 12969 12970 12940 12970 12941 12941 12970 12971 12941 12971 12942 12942 12971 12972 12942 12972 12943 12943 12972 12973 12943 12973 12944 12944 12973 12974 12944 12974 12945 12945 12974 12975 12945 12975 12946 12946 12975 12976 12946 12976 12947 12947 12976 12977 12947 12977 12948 12948 12977 12978 12948 12978 12949 12949 12978 12979 12949 12979 12950 12950 12979 12980 12950 12980 12951 12951 12980 12981 12951 12981 12952 12952 12981 12982 12952 12982 12953 12953 12982 12983 12953 12983 11783 12954 11752 12984 12954 12984 12955 12955 12984 12985 12955 12985 12956 12956 12985 12986 12956 12986 12957 12957 12986 12987 12957 12987 12958 12958 12987 12988 12958 12988 12959 12959 12988 12989 12959 12989 12960 12960 12989 12990 12960 12990 12961 12961 12990 12991 12961 12991 12962 12962 12991 12992 12962 12992 12963 12963 12992 12993 12963 12993 12964 12964 12993 12994 12964 12994 12965 12965 12994 12995 12965 12995 12966 12966 12995 12996 12966 12996 12967 12967 12996 12997 12967 12997 12968 12968 12997 12998 12968 12998 12969 12969 12998 12999 12969 12999 12970 12970 12999 13000 12970 13000 12971 12971 13000 13001 12971 13001 12972 12972 13001 13002 12972 13002 12973 12973 13002 13003 12973 13003 12974 12974 13003 13004 12974 13004 12975 12975 13004 13005 12975 13005 12976 12976 13005 13006 12976 13006 12977 12977 13006 13007 12977 13007 12978 12978 13007 13008 12978 13008 12979 12979 13008 13009 12979 13009 12980 12980 13009 13010 12980 13010 12981 12981 13010 13011 12981 13011 12982 12982 13011 13012 12982 13012 12983 12983 13012 13013 12983 13013 11783 12984 11752 13014 12984 13014 12985 12985 13014 13015 12985 13015 12986 12986 13015 13016 12986 13016 12987 12987 13016 13017 12987 13017 12988 12988 13017 13018 12988 13018 12989 12989 13018 13019 12989 13019 12990 12990 13019 13020 12990 13020 12991 12991 13020 13021 12991 13021 12992 12992 13021 13022 12992 13022 12993 12993 13022 13023 12993 13023 12994 12994 13023 13024 12994 13024 12995 12995 13024 13025 12995 13025 12996 12996 13025 13026 12996 13026 12997 12997 13026 13027 12997 13027 12998 12998 13027 13028 12998 13028 12999 12999 13028 13029 12999 13029 13000 13000 13029 13030 13000 13030 13001 13001 13030 13031 13001 13031 13002 13002 13031 13032 13002 13032 13003 13003 13032 13033 13003 13033 13004 13004 13033 13034 13004 13034 13005 13005 13034 13035 13005 13035 13006 13006 13035 13036 13006 13036 13007 13007 13036 13037 13007 13037 13008 13008 13037 13038 13008 13038 13009 13009 13038 13039 13009 13039 13010 13010 13039 13040 13010 13040 13011 13011 13040 13041 13011 13041 13012 13012 13041 13042 13012 13042 13013 13013 13042 13043 13013 13043 11783 13014 11752 13044 13014 13044 13015 13015 13044 13045 13015 13045 13016 13016 13045 13046 13016 13046 13017 13017 13046 13047 13017 13047 13018 13018 13047 13048 13018 13048 13019 13019 13048 13049 13019 13049 13020 13020 13049 13050 13020 13050 13021 13021 13050 13051 13021 13051 13022 13022 13051 13052 13022 13052 13023 13023 13052 13053 13023 13053 13024 13024 13053 13054 13024 13054 13025 13025 13054 13055 13025 13055 13026 13026 13055 13056 13026 13056 13027 13027 13056 13057 13027 13057 13028 13028 13057 13058 13028 13058 13029 13029 13058 13059 13029 13059 13030 13030 13059 13060 13030 13060 13031 13031 13060 13061 13031 13061 13032 13032 13061 13062 13032 13062 13033 13033 13062 13063 13033 13063 13034 13034 13063 13064 13034 13064 13035 13035 13064 13065 13035 13065 13036 13036 13065 13066 13036 13066 13037 13037 13066 13067 13037 13067 13038 13038 13067 13068 13038 13068 13039 13039 13068 13069 13039 13069 13040 13040 13069 13070 13040 13070 13041 13041 13070 13071 13041 13071 13042 13042 13071 13072 13042 13072 13043 13043 13072 13073 13043 13073 11783 13044 11752 13074 13044 13074 13045 13045 13074 13075 13045 13075 13046 13046 13075 13076 13046 13076 13047 13047 13076 13077 13047 13077 13048 13048 13077 13078 13048 13078 13049 13049 13078 13079 13049 13079 13050 13050 13079 13080 13050 13080 13051 13051 13080 13081 13051 13081 13052 13052 13081 13082 13052 13082 13053 13053 13082 13083 13053 13083 13054 13054 13083 13084 13054 13084 13055 13055 13084 13085 13055 13085 13056 13056 13085 13086 13056 13086 13057 13057 13086 13087 13057 13087 13058 13058 13087 13088 13058 13088 13059 13059 13088 13089 13059 13089 13060 13060 13089 13090 13060 13090 13061 13061 13090 13091 13061 13091 13062 13062 13091 13092 13062 13092 13063 13063 13092 13093 13063 13093 13064 13064 13093 13094 13064 13094 13065 13065 13094 13095 13065 13095 13066 13066 13095 13096 13066 13096 13067 13067 13096 13097 13067 13097 13068 13068 13097 13098 13068 13098 13069 13069 13098 13099 13069 13099 13070 13070 13099 13100 13070 13100 13071 13071 13100 13101 13071 13101 13072 13072 13101 13102 13072 13102 13073 13073 13102 13103 13073 13103 11783 13074 11752 13104 13074 13104 13075 13075 13104 13105 13075 13105 13076 13076 13105 13106 13076 13106 13077 13077 13106 13107 13077 13107 13078 13078 13107 13108 13078 13108 13079 13079 13108 13109 13079 13109 13080 13080 13109 13110 13080 13110 13081 13081 13110 13111 13081 13111 13082 13082 13111 13112 13082 13112 13083 13083 13112 13113 13083 13113 13084 13084 13113 13114 13084 13114 13085 13085 13114 13115 13085 13115 13086 13086 13115 13116 13086 13116 13087 13087 13116 13117 13087 13117 13088 13088 13117 13118 13088 13118 13089 13089 13118 13119 13089 13119 13090 13090 13119 13120 13090 13120 13091 13091 13120 13121 13091 13121 13092 13092 13121 13122 13092 13122 13093 13093 13122 13123 13093 13123 13094 13094 13123 13124 13094 13124 13095 13095 13124 13125 13095 13125 13096 13096 13125 13126 13096 13126 13097 13097 13126 13127 13097 13127 13098 13098 13127 13128 13098 13128 13099 13099 13128 13129 13099 13129 13100 13100 13129 13130 13100 13130 13101 13101 13130 13131 13101 13131 13102 13102 13131 13132 13102 13132 13103 13103 13132 13133 13103 13133 11783 13104 11752 13134 13104 13134 13105 13105 13134 13135 13105 13135 13106 13106 13135 13136 13106 13136 13107 13107 13136 13137 13107 13137 13108 13108 13137 13138 13108 13138 13109 13109 13138 13139 13109 13139 13110 13110 13139 13140 13110 13140 13111 13111 13140 13141 13111 13141 13112 13112 13141 13142 13112 13142 13113 13113 13142 13143 13113 13143 13114 13114 13143 13144 13114 13144 13115 13115 13144 13145 13115 13145 13116 13116 13145 13146 13116 13146 13117 13117 13146 13147 13117 13147 13118 13118 13147 13148 13118 13148 13119 13119 13148 13149 13119 13149 13120 13120 13149 13150 13120 13150 13121 13121 13150 13151 13121 13151 13122 13122 13151 13152 13122 13152 13123 13123 13152 13153 13123 13153 13124 13124 13153 13154 13124 13154 13125 13125 13154 13155 13125 13155 13126 13126 13155 13156 13126 13156 13127 13127 13156 13157 13127 13157 13128 13128 13157 13158 13128 13158 13129 13129 13158 13159 13129 13159 13130 13130 13159 13160 13130 13160 13131 13131 13160 13161 13131 13161 13132 13132 13161 13162 13132 13162 13133 13133 13162 13163 13133 13163 11783 13134 11752 13164 13134 13164 13135 13135 13164 13165 13135 13165 13136 13136 13165 13166 13136 13166 13137 13137 13166 13167 13137 13167 13138 13138 13167 13168 13138 13168 13139 13139 13168 13169 13139 13169 13140 13140 13169 13170 13140 13170 13141 13141 13170 13171 13141 13171 13142 13142 13171 13172 13142 13172 13143 13143 13172 13173 13143 13173 13144 13144 13173 13174 13144 13174 13145 13145 13174 13175 13145 13175 13146 13146 13175 13176 13146 13176 13147 13147 13176 13177 13147 13177 13148 13148 13177 13178 13148 13178 13149 13149 13178 13179 13149 13179 13150 13150 13179 13180 13150 13180 13151 13151 13180 13181 13151 13181 13152 13152 13181 13182 13152 13182 13153 13153 13182 13183 13153 13183 13154 13154 13183 13184 13154 13184 13155 13155 13184 13185 13155 13185 13156 13156 13185 13186 13156 13186 13157 13157 13186 13187 13157 13187 13158 13158 13187 13188 13158 13188 13159 13159 13188 13189 13159 13189 13160 13160 13189 13190 13160 13190 13161 13161 13190 13191 13161 13191 13162 13162 13191 13192 13162 13192 13163 13163 13192 13193 13163 13193 11783 13164 11752 13194 13164 13194 13165 13165 13194 13195 13165 13195 13166 13166 13195 13196 13166 13196 13167 13167 13196 13197 13167 13197 13168 13168 13197 13198 13168 13198 13169 13169 13198 13199 13169 13199 13170 13170 13199 13200 13170 13200 13171 13171 13200 13201 13171 13201 13172 13172 13201 13202 13172 13202 13173 13173 13202 13203 13173 13203 13174 13174 13203 13204 13174 13204 13175 13175 13204 13205 13175 13205 13176 13176 13205 13206 13176 13206 13177 13177 13206 13207 13177 13207 13178 13178 13207 13208 13178 13208 13179 13179 13208 13209 13179 13209 13180 13180 13209 13210 13180 13210 13181 13181 13210 13211 13181 13211 13182 13182 13211 13212 13182 13212 13183 13183 13212 13213 13183 13213 13184 13184 13213 13214 13184 13214 13185 13185 13214 13215 13185 13215 13186 13186 13215 13216 13186 13216 13187 13187 13216 13217 13187 13217 13188 13188 13217 13218 13188 13218 13189 13189 13218 13219 13189 13219 13190 13190 13219 13220 13190 13220 13191 13191 13220 13221 13191 13221 13192 13192 13221 13222 13192 13222 13193 13193 13222 13223 13193 13223 11783 13194 11752 13224 13194 13224 13195 13195 13224 13225 13195 13225 13196 13196 13225 13226 13196 13226 13197 13197 13226 13227 13197 13227 13198 13198 13227 13228 13198 13228 13199 13199 13228 13229 13199 13229 13200 13200 13229 13230 13200 13230 13201 13201 13230 13231 13201 13231 13202 13202 13231 13232 13202 13232 13203 13203 13232 13233 13203 13233 13204 13204 13233 13234 13204 13234 13205 13205 13234 13235 13205 13235 13206 13206 13235 13236 13206 13236 13207 13207 13236 13237 13207 13237 13208 13208 13237 13238 13208 13238 13209 13209 13238 13239 13209 13239 13210 13210 13239 13240 13210 13240 13211 13211 13240 13241 13211 13241 13212 13212 13241 13242 13212 13242 13213 13213 13242 13243 13213 13243 13214 13214 13243 13244 13214 13244 13215 13215 13244 13245 13215 13245 13216 13216 13245 13246 13216 13246 13217 13217 13246 13247 13217 13247 13218 13218 13247 13248 13218 13248 13219 13219 13248 13249 13219 13249 13220 13220 13249 13250 13220 13250 13221 13221 13250 13251 13221 13251 13222 13222 13251 13252 13222 13252 13223 13223 13252 13253 13223 13253 11783 13224 11752 13254 13224 13254 13225 13225 13254 13255 13225 13255 13226 13226 13255 13256 13226 13256 13227 13227 13256 13257 13227 13257 13228 13228 13257 13258 13228 13258 13229 13229 13258 13259 13229 13259 13230 13230 13259 13260 13230 13260 13231 13231 13260 13261 13231 13261 13232 13232 13261 13262 13232 13262 13233 13233 13262 13263 13233 13263 13234 13234 13263 13264 13234 13264 13235 13235 13264 13265 13235 13265 13236 13236 13265 13266 13236 13266 13237 13237 13266 13267 13237 13267 13238 13238 13267 13268 13238 13268 13239 13239 13268 13269 13239 13269 13240 13240 13269 13270 13240 13270 13241 13241 13270 13271 13241 13271 13242 13242 13271 13272 13242 13272 13243 13243 13272 13273 13243 13273 13244 13244 13273 13274 13244 13274 13245 13245 13274 13275 13245 13275 13246 13246 13275 13276 13246 13276 13247 13247 13276 13277 13247 13277 13248 13248 13277 13278 13248 13278 13249 13249 13278 13279 13249 13279 13250 13250 13279 13280 13250 13280 13251 13251 13280 13281 13251 13281 13252 13252 13281 13282 13252 13282 13253 13253 13282 13283 13253 13283 11783 13254 11752 13284 13254 13284 13255 13255 13284 13285 13255 13285 13256 13256 13285 13286 13256 13286 13257 13257 13286 13287 13257 13287 13258 13258 13287 13288 13258 13288 13259 13259 13288 13289 13259 13289 13260 13260 13289 13290 13260 13290 13261 13261 13290 13291 13261 13291 13262 13262 13291 13292 13262 13292 13263 13263 13292 13293 13263 13293 13264 13264 13293 13294 13264 13294 13265 13265 13294 13295 13265 13295 13266 13266 13295 13296 13266 13296 13267 13267 13296 13297 13267 13297 13268 13268 13297 13298 13268 13298 13269 13269 13298 13299 13269 13299 13270 13270 13299 13300 13270 13300 13271 13271 13300 13301 13271 13301 13272 13272 13301 13302 13272 13302 13273 13273 13302 13303 13273 13303 13274 13274 13303 13304 13274 13304 13275 13275 13304 13305 13275 13305 13276 13276 13305 13306 13276 13306 13277 13277 13306 13307 13277 13307 13278 13278 13307 13308 13278 13308 13279 13279 13308 13309 13279 13309 13280 13280 13309 13310 13280 13310 13281 13281 13310 13311 13281 13311 13282 13282 13311 13312 13282 13312 13283 13283 13312 13313 13283 13313 11783 13284 11752 13314 13284 13314 13285 13285 13314 13315 13285 13315 13286 13286 13315 13316 13286 13316 13287 13287 13316 13317 13287 13317 13288 13288 13317 13318 13288 13318 13289 13289 13318 13319 13289 13319 13290 13290 13319 13320 13290 13320 13291 13291 13320 13321 13291 13321 13292 13292 13321 13322 13292 13322 13293 13293 13322 13323 13293 13323 13294 13294 13323 13324 13294 13324 13295 13295 13324 13325 13295 13325 13296 13296 13325 13326 13296 13326 13297 13297 13326 13327 13297 13327 13298 13298 13327 13328 13298 13328 13299 13299 13328 13329 13299 13329 13300 13300 13329 13330 13300 13330 13301 13301 13330 13331 13301 13331 13302 13302 13331 13332 13302 13332 13303 13303 13332 13333 13303 13333 13304 13304 13333 13334 13304 13334 13305 13305 13334 13335 13305 13335 13306 13306 13335 13336 13306 13336 13307 13307 13336 13337 13307 13337 13308 13308 13337 13338 13308 13338 13309 13309 13338 13339 13309 13339 13310 13310 13339 13340 13310 13340 13311 13311 13340 13341 13311 13341 13312 13312 13341 13342 13312 13342 13313 13313 13342 13343 13313 13343 11783 13314 11752 13344 13314 13344 13315 13315 13344 13345 13315 13345 13316 13316 13345 13346 13316 13346 13317 13317 13346 13347 13317 13347 13318 13318 13347 13348 13318 13348 13319 13319 13348 13349 13319 13349 13320 13320 13349 13350 13320 13350 13321 13321 13350 13351 13321 13351 13322 13322 13351 13352 13322 13352 13323 13323 13352 13353 13323 13353 13324 13324 13353 13354 13324 13354 13325 13325 13354 13355 13325 13355 13326 13326 13355 13356 13326 13356 13327 13327 13356 13357 13327 13357 13328 13328 13357 13358 13328 13358 13329 13329 13358 13359 13329 13359 13330 13330 13359 13360 13330 13360 13331 13331 13360 13361 13331 13361 13332 13332 13361 13362 13332 13362 13333 13333 13362 13363 13333 13363 13334 13334 13363 13364 13334 13364 13335 13335 13364 13365 13335 13365 13336 13336 13365 13366 13336 13366 13337 13337 13366 13367 13337 13367 13338 13338 13367 13368 13338 13368 13339 13339 13368 13369 13339 13369 13340 13340 13369 13370 13340 13370 13341 13341 13370 13371 13341 13371 13342 13342 13371 13372 13342 13372 13343 13343 13372 13373 13343 13373 11783 13344 11752 13374 13344 13374 13345 13345 13374 13375 13345 13375 13346 13346 13375 13376 13346 13376 13347 13347 13376 13377 13347 13377 13348 13348 13377 13378 13348 13378 13349 13349 13378 13379 13349 13379 13350 13350 13379 13380 13350 13380 13351 13351 13380 13381 13351 13381 13352 13352 13381 13382 13352 13382 13353 13353 13382 13383 13353 13383 13354 13354 13383 13384 13354 13384 13355 13355 13384 13385 13355 13385 13356 13356 13385 13386 13356 13386 13357 13357 13386 13387 13357 13387 13358 13358 13387 13388 13358 13388 13359 13359 13388 13389 13359 13389 13360 13360 13389 13390 13360 13390 13361 13361 13390 13391 13361 13391 13362 13362 13391 13392 13362 13392 13363 13363 13392 13393 13363 13393 13364 13364 13393 13394 13364 13394 13365 13365 13394 13395 13365 13395 13366 13366 13395 13396 13366 13396 13367 13367 13396 13397 13367 13397 13368 13368 13397 13398 13368 13398 13369 13369 13398 13399 13369 13399 13370 13370 13399 13400 13370 13400 13371 13371 13400 13401 13371 13401 13372 13372 13401 13402 13372 13402 13373 13373 13402 13403 13373 13403 11783 13374 11752 13404 13374 13404 13375 13375 13404 13405 13375 13405 13376 13376 13405 13406 13376 13406 13377 13377 13406 13407 13377 13407 13378 13378 13407 13408 13378 13408 13379 13379 13408 13409 13379 13409 13380 13380 13409 13410 13380 13410 13381 13381 13410 13411 13381 13411 13382 13382 13411 13412 13382 13412 13383 13383 13412 13413 13383 13413 13384 13384 13413 13414 13384 13414 13385 13385 13414 13415 13385 13415 13386 13386 13415 13416 13386 13416 13387 13387 13416 13417 13387 13417 13388 13388 13417 13418 13388 13418 13389 13389 13418 13419 13389 13419 13390 13390 13419 13420 13390 13420 13391 13391 13420 13421 13391 13421 13392 13392 13421 13422 13392 13422 13393 13393 13422 13423 13393 13423 13394 13394 13423 13424 13394 13424 13395 13395 13424 13425 13395 13425 13396 13396 13425 13426 13396 13426 13397 13397 13426 13427 13397 13427 13398 13398 13427 13428 13398 13428 13399 13399 13428 13429 13399 13429 13400 13400 13429 13430 13400 13430 13401 13401 13430 13431 13401 13431 13402 13402 13431 13432 13402 13432 13403 13403 13432 13433 13403 13433 11783 13404 11752 13434 13404 13434 13405 13405 13434 13435 13405 13435 13406 13406 13435 13436 13406 13436 13407 13407 13436 13437 13407 13437 13408 13408 13437 13438 13408 13438 13409 13409 13438 13439 13409 13439 13410 13410 13439 13440 13410 13440 13411 13411 13440 13441 13411 13441 13412 13412 13441 13442 13412 13442 13413 13413 13442 13443 13413 13443 13414 13414 13443 13444 13414 13444 13415 13415 13444 13445 13415 13445 13416 13416 13445 13446 13416 13446 13417 13417 13446 13447 13417 13447 13418 13418 13447 13448 13418 13448 13419 13419 13448 13449 13419 13449 13420 13420 13449 13450 13420 13450 13421 13421 13450 13451 13421 13451 13422 13422 13451 13452 13422 13452 13423 13423 13452 13453 13423 13453 13424 13424 13453 13454 13424 13454 13425 13425 13454 13455 13425 13455 13426 13426 13455 13456 13426 13456 13427 13427 13456 13457 13427 13457 13428 13428 13457 13458 13428 13458 13429 13429 13458 13459 13429 13459 13430 13430 13459 13460 13430 13460 13431 13431 13460 13461 13431 13461 13432 13432 13461 13462 13432 13462 13433 13433 13462 13463 13433 13463 11783 13434 11752 13464 13434 13464 13435 13435 13464 13465 13435 13465 13436 13436 13465 13466 13436 13466 13437 13437 13466 13467 13437 13467 13438 13438 13467 13468 13438 13468 13439 13439 13468 13469 13439 13469 13440 13440 13469 13470 13440 13470 13441 13441 13470 13471 13441 13471 13442 13442 13471 13472 13442 13472 13443 13443 13472 13473 13443 13473 13444 13444 13473 13474 13444 13474 13445 13445 13474 13475 13445 13475 13446 13446 13475 13476 13446 13476 13447 13447 13476 13477 13447 13477 13448 13448 13477 13478 13448 13478 13449 13449 13478 13479 13449 13479 13450 13450 13479 13480 13450 13480 13451 13451 13480 13481 13451 13481 13452 13452 13481 13482 13452 13482 13453 13453 13482 13483 13453 13483 13454 13454 13483 13484 13454 13484 13455 13455 13484 13485 13455 13485 13456 13456 13485 13486 13456 13486 13457 13457 13486 13487 13457 13487 13458 13458 13487 13488 13458 13488 13459 13459 13488 13489 13459 13489 13460 13460 13489 13490 13460 13490 13461 13461 13490 13491 13461 13491 13462 13462 13491 13492 13462 13492 13463 13463 13492 13493 13463 13493 11783 13464 11752 13494 13464 13494 13465 13465 13494 13495 13465 13495 13466 13466 13495 13496 13466 13496 13467 13467 13496 13497 13467 13497 13468 13468 13497 13498 13468 13498 13469 13469 13498 13499 13469 13499 13470 13470 13499 13500 13470 13500 13471 13471 13500 13501 13471 13501 13472 13472 13501 13502 13472 13502 13473 13473 13502 13503 13473 13503 13474 13474 13503 13504 13474 13504 13475 13475 13504 13505 13475 13505 13476 13476 13505 13506 13476 13506 13477 13477 13506 13507 13477 13507 13478 13478 13507 13508 13478 13508 13479 13479 13508 13509 13479 13509 13480 13480 13509 13510 13480 13510 13481 13481 13510 13511 13481 13511 13482 13482 13511 13512 13482 13512 13483 13483 13512 13513 13483 13513 13484 13484 13513 13514 13484 13514 13485 13485 13514 13515 13485 13515 13486 13486 13515 13516 13486 13516 13487 13487 13516 13517 13487 13517 13488 13488 13517 13518 13488 13518 13489 13489 13518 13519 13489 13519 13490 13490 13519 13520 13490 13520 13491 13491 13520 13521 13491 13521 13492 13492 13521 13522 13492 13522 13493 13493 13522 13523 13493 13523 11783 13494 11752 13524 13494 13524 13495 13495 13524 13525 13495 13525 13496 13496 13525 13526 13496 13526 13497 13497 13526 13527 13497 13527 13498 13498 13527 13528 13498 13528 13499 13499 13528 13529 13499 13529 13500 13500 13529 13530 13500 13530 13501 13501 13530 13531 13501 13531 13502 13502 13531 13532 13502 13532 13503 13503 13532 13533 13503 13533 13504 13504 13533 13534 13504 13534 13505 13505 13534 13535 13505 13535 13506 13506 13535 13536 13506 13536 13507 13507 13536 13537 13507 13537 13508 13508 13537 13538 13508 13538 13509 13509 13538 13539 13509 13539 13510 13510 13539 13540 13510 13540 13511 13511 13540 13541 13511 13541 13512 13512 13541 13542 13512 13542 13513 13513 13542 13543 13513 13543 13514 13514 13543 13544 13514 13544 13515 13515 13544 13545 13515 13545 13516 13516 13545 13546 13516 13546 13517 13517 13546 13547 13517 13547 13518 13518 13547 13548 13518 13548 13519 13519 13548 13549 13519 13549 13520 13520 13549 13550 13520 13550 13521 13521 13550 13551 13521 13551 13522 13522 13551 13552 13522 13552 13523 13523 13552 13553 13523 13553 11783 13524 11752 13554 13524 13554 13525 13525 13554 13555 13525 13555 13526 13526 13555 13556 13526 13556 13527 13527 13556 13557 13527 13557 13528 13528 13557 13558 13528 13558 13529 13529 13558 13559 13529 13559 13530 13530 13559 13560 13530 13560 13531 13531 13560 13561 13531 13561 13532 13532 13561 13562 13532 13562 13533 13533 13562 13563 13533 13563 13534 13534 13563 13564 13534 13564 13535 13535 13564 13565 13535 13565 13536 13536 13565 13566 13536 13566 13537 13537 13566 13567 13537 13567 13538 13538 13567 13568 13538 13568 13539 13539 13568 13569 13539 13569 13540 13540 13569 13570 13540 13570 13541 13541 13570 13571 13541 13571 13542 13542 13571 13572 13542 13572 13543 13543 13572 13573 13543 13573 13544 13544 13573 13574 13544 13574 13545 13545 13574 13575 13545 13575 13546 13546 13575 13576 13546 13576 13547 13547 13576 13577 13547 13577 13548 13548 13577 13578 13548 13578 13549 13549 13578 13579 13549 13579 13550 13550 13579 13580 13550 13580 13551 13551 13580 13581 13551 13581 13552 13552 13581 13582 13552 13582 13553 13553 13582 13583 13553 13583 11783 13554 11752 13584 13554 13584 13555 13555 13584 13585 13555 13585 13556 13556 13585 13586 13556 13586 13557 13557 13586 13587 13557 13587 13558 13558 13587 13588 13558 13588 13559 13559 13588 13589 13559 13589 13560 13560 13589 13590 13560 13590 13561 13561 13590 13591 13561 13591 13562 13562 13591 13592 13562 13592 13563 13563 13592 13593 13563 13593 13564 13564 13593 13594 13564 13594 13565 13565 13594 13595 13565 13595 13566 13566 13595 13596 13566 13596 13567 13567 13596 13597 13567 13597 13568 13568 13597 13598 13568 13598 13569 13569 13598 13599 13569 13599 13570 13570 13599 13600 13570 13600 13571 13571 13600 13601 13571 13601 13572 13572 13601 13602 13572 13602 13573 13573 13602 13603 13573 13603 13574 13574 13603 13604 13574 13604 13575 13575 13604 13605 13575 13605 13576 13576 13605 13606 13576 13606 13577 13577 13606 13607 13577 13607 13578 13578 13607 13608 13578 13608 13579 13579 13608 13609 13579 13609 13580 13580 13609 13610 13580 13610 13581 13581 13610 13611 13581 13611 13582 13582 13611 13612 13582 13612 13583 13583 13612 13613 13583 13613 11783 13584 11752 13614 13584 13614 13585 13585 13614 13615 13585 13615 13586 13586 13615 13616 13586 13616 13587 13587 13616 13617 13587 13617 13588 13588 13617 13618 13588 13618 13589 13589 13618 13619 13589 13619 13590 13590 13619 13620 13590 13620 13591 13591 13620 13621 13591 13621 13592 13592 13621 13622 13592 13622 13593 13593 13622 13623 13593 13623 13594 13594 13623 13624 13594 13624 13595 13595 13624 13625 13595 13625 13596 13596 13625 13626 13596 13626 13597 13597 13626 13627 13597 13627 13598 13598 13627 13628 13598 13628 13599 13599 13628 13629 13599 13629 13600 13600 13629 13630 13600 13630 13601 13601 13630 13631 13601 13631 13602 13602 13631 13632 13602 13632 13603 13603 13632 13633 13603 13633 13604 13604 13633 13634 13604 13634 13605 13605 13634 13635 13605 13635 13606 13606 13635 13636 13606 13636 13607 13607 13636 13637 13607 13637 13608 13608 13637 13638 13608 13638 13609 13609 13638 13639 13609 13639 13610 13610 13639 13640 13610 13640 13611 13611 13640 13641 13611 13641 13612 13612 13641 13642 13612 13642 13613 13613 13642 13643 13613 13643 11783 13614 11752 13644 13614 13644 13615 13615 13644 13645 13615 13645 13616 13616 13645 13646 13616 13646 13617 13617 13646 13647 13617 13647 13618 13618 13647 13648 13618 13648 13619 13619 13648 13649 13619 13649 13620 13620 13649 13650 13620 13650 13621 13621 13650 13651 13621 13651 13622 13622 13651 13652 13622 13652 13623 13623 13652 13653 13623 13653 13624 13624 13653 13654 13624 13654 13625 13625 13654 13655 13625 13655 13626 13626 13655 13656 13626 13656 13627 13627 13656 13657 13627 13657 13628 13628 13657 13658 13628 13658 13629 13629 13658 13659 13629 13659 13630 13630 13659 13660 13630 13660 13631 13631 13660 13661 13631 13661 13632 13632 13661 13662 13632 13662 13633 13633 13662 13663 13633 13663 13634 13634 13663 13664 13634 13664 13635 13635 13664 13665 13635 13665 13636 13636 13665 13666 13636 13666 13637 13637 13666 13667 13637 13667 13638 13638 13667 13668 13638 13668 13639 13639 13668 13669 13639 13669 13640 13640 13669 13670 13640 13670 13641 13641 13670 13671 13641 13671 13642 13642 13671 13672 13642 13672 13643 13643 13672 13673 13643 13673 11783 13644 11752 11753 13644 11753 13645 13645 11753 11754 13645 11754 13646 13646 11754 11755 13646 11755 13647 13647 11755 11756 13647 11756 13648 13648 11756 11757 13648 11757 13649 13649 11757 11758 13649 11758 13650 13650 11758 11759 13650 11759 13651 13651 11759 11760 13651 11760 13652 13652 11760 11761 13652 11761 13653 13653 11761 11762 13653 11762 13654 13654 11762 11763 13654 11763 13655 13655 11763 11764 13655 11764 13656 13656 11764 11765 13656 11765 13657 13657 11765 11766 13657 11766 13658 13658 11766 11767 13658 11767 13659 13659 11767 11768 13659 11768 13660 13660 11768 11769 13660 11769 13661 13661 11769 11770 13661 11770 13662 13662 11770 11771 13662 11771 13663 13663 11771 11772 13663 11772 13664 13664 11772 11773 13664 11773 13665 13665 11773 11774 13665 11774 13666 13666 11774 11775 13666 11775 13667 13667 11775 11776 13667 11776 13668 13668 11776 11777 13668 11777 13669 13669 11777 11778 13669 11778 13670 13670 11778 11779 13670 11779 13671 13671 11779 11780 13671 11780 13672 13672 11780 11781 13672 11781 13673 13673 11781 11782 13673 11782 11783 13675 13677 13674 13678 13675 13674 13674 13677 13676 13676 13678 13674 13675 13681 13677 13679 13675 13678 13679 13681 13675 13677 13681 13676 13680 13678 13676 13676 13681 13680 13680 13679 13678 13681 13679 13680 </p>
                </triangles>
            </mesh>
        </geometry>
    </library_geometries>
    <library_visual_scenes>
        <visual_scene id="Scene-1" name="Scene-1">
            <node id="Object-1" name="Object-1">
                <instance_geometry url="#Mesh-1" />
            </node>
        </visual_scene>
    </library_visual_scenes>
    <scene>
        <instance_visual_scene url="#Scene-1" />
    </scene>
</COLLADA>
